vessel_name,capacity_tons,speed_knots,cargo_weight_tons,cargo_ratio,distance_nm,weather_condition,fuel_type,duration_days,fuel_per_day_tons,total_trip_fuel_tons
Vessel C,4000,19.15,1387.0,0.347,792.9,Moderate,Fuel A,1.72,89.59,154.54
Vessel D,9000,17.11,2206.2,0.245,1006.9,Moderate,Fuel B,2.45,73.99,181.4
Vessel D,9000,21.89,6245.9,0.694,1841.4,Moderate,Fuel A,3.5,206.24,722.85
Vessel B,7000,8.65,6853.0,0.979,3183.7,Calm,Fuel B,15.33,10.45,160.14
Vessel C,4000,13.35,3946.3,0.987,2508.7,Moderate,Fuel A,7.83,40.54,317.33
Vessel A,5000,11.23,1964.1,0.393,3366.1,Moderate,Fuel A,12.49,20.57,256.89
Vessel C,4000,20.73,1628.1,0.407,1815.6,Moderate,Fuel B,3.65,114.74,418.72
Vessel A,5000,21.57,4100.5,0.82,3721.3,Rough,Fuel B,7.19,184.58,1326.56
Vessel C,4000,20.91,1083.2,0.271,3852.5,Calm,Fuel A,7.68,101.48,779.18
Vessel C,4000,19.6,1941.6,0.485,735.5,Calm,Fuel A,1.56,96.72,151.21
Vessel C,4000,10.31,850.0,0.213,955.1,Moderate,Fuel A,3.86,13.36,51.56
Vessel A,5000,16.48,4705.2,0.941,3430.1,Moderate,Green Fuel,8.67,95.7,829.83
Vessel D,9000,12.63,2257.6,0.251,2972.5,Calm,Fuel A,9.8,27.6,270.55
Vessel A,5000,13.36,4886.8,0.977,2332.9,Rough,Fuel A,7.28,54.06,393.32
Vessel C,4000,11.58,929.4,0.232,296.6,Moderate,Fuel B,1.07,16.05,17.12
Vessel D,9000,17.74,2803.2,0.311,3071.1,Moderate,Green Fuel,7.21,97.84,705.84
Vessel D,9000,21.2,6111.8,0.679,2572.5,Moderate,Fuel B,5.06,165.58,837.18
Vessel D,9000,19.25,3143.3,0.349,1432.5,Rough,Green Fuel,3.1,140.88,436.81
Vessel C,4000,20.55,1817.6,0.454,2661.2,Calm,Fuel A,5.4,99.68,537.99
Vessel C,4000,13.84,1510.7,0.378,839.5,Calm,Green Fuel,2.53,32.75,82.74
Vessel D,9000,15.26,6861.7,0.762,1164.9,Calm,Fuel A,3.18,65.51,208.33
Vessel C,4000,12.21,1711.5,0.428,3911.1,Calm,Fuel A,13.34,20.36,271.73
Vessel D,9000,8.72,3806.3,0.423,2786.7,Rough,Green Fuel,13.31,11.88,158.17
Vessel B,7000,11.39,5164.0,0.738,1120.2,Moderate,Green Fuel,4.1,31.85,130.54
Vessel B,7000,13.15,4940.9,0.706,3302.4,Moderate,Green Fuel,10.46,43.11,451.15
Vessel C,4000,10.61,930.5,0.233,1036.9,Moderate,Green Fuel,4.07,15.63,63.65
Vessel B,7000,15.17,2668.4,0.381,2825.6,Moderate,Fuel A,7.76,53.32,413.85
Vessel A,5000,17.46,3940.9,0.788,3533.9,Calm,Green Fuel,8.43,89.7,756.45
Vessel C,4000,11.2,1359.9,0.34,1119.0,Rough,Fuel A,4.16,21.21,88.31
Vessel A,5000,11.9,3801.4,0.76,3163.5,Rough,Fuel B,11.07,34.39,380.76
Vessel D,9000,19.91,8536.6,0.949,234.9,Moderate,Fuel B,0.49,165.47,81.35
Vessel A,5000,11.97,2221.5,0.444,2677.5,Moderate,Green Fuel,9.32,25.63,238.73
Vessel A,5000,10.46,1072.3,0.214,2939.6,Moderate,Green Fuel,11.71,15.78,184.74
Vessel C,4000,13.15,1648.6,0.412,3919.8,Calm,Fuel B,12.42,23.11,287.12
Vessel C,4000,20.49,2819.6,0.705,2651.4,Moderate,Fuel B,5.39,135.09,728.42
Vessel D,9000,18.11,3821.6,0.425,365.7,Calm,Fuel A,0.84,88.67,74.59
Vessel D,9000,21.17,8668.3,0.963,3041.3,Rough,Green Fuel,5.99,263.4,1576.95
Vessel B,7000,21.53,6796.3,0.971,1361.6,Rough,Green Fuel,2.63,268.79,708.2
Vessel D,9000,19.92,4081.8,0.454,1699.8,Calm,Fuel A,3.56,109.08,387.91
Vessel C,4000,15.26,3607.6,0.902,719.2,Moderate,Fuel A,1.96,65.33,128.32
Vessel B,7000,13.03,3044.1,0.435,1173.6,Rough,Green Fuel,3.75,42.18,158.27
Vessel C,4000,15.02,3354.5,0.839,3224.0,Moderate,Fuel B,8.94,54.8,490.09
Vessel D,9000,20.41,1998.8,0.222,2753.7,Moderate,Green Fuel,5.62,124.92,702.19
Vessel B,7000,12.01,4708.7,0.673,3325.9,Calm,Fuel B,11.54,25.75,297.07
Vessel B,7000,15.52,3229.2,0.461,1937.6,Rough,Fuel A,5.2,67.19,349.55
Vessel B,7000,15.57,4969.6,0.71,3884.2,Moderate,Fuel A,10.4,68.74,714.53
Vessel B,7000,12.52,5853.0,0.836,498.1,Calm,Fuel B,1.66,33.56,55.63
Vessel A,5000,8.81,4660.9,0.932,556.7,Moderate,Fuel B,2.63,12.81,33.7
Vessel A,5000,17.24,2119.7,0.424,2697.0,Rough,Green Fuel,6.52,103.33,673.41
Vessel C,4000,11.47,1939.1,0.485,1499.1,Moderate,Fuel A,5.45,20.01,109.0
Vessel D,9000,8.64,2093.2,0.233,2001.9,Rough,Fuel A,9.65,10.93,105.45
Vessel C,4000,12.85,2287.0,0.572,2540.2,Moderate,Fuel B,8.24,27.86,229.47
Vessel A,5000,20.41,2043.6,0.409,2111.9,Calm,Green Fuel,4.31,120.29,518.52
Vessel D,9000,16.62,8596.0,0.955,3243.6,Rough,Green Fuel,8.13,135.06,1098.17
Vessel D,9000,13.43,6431.7,0.715,3318.4,Moderate,Green Fuel,10.29,53.97,555.49
Vessel D,9000,20.67,3209.7,0.357,1633.6,Calm,Green Fuel,3.29,139.46,459.15
Vessel A,5000,9.32,3732.0,0.746,3410.5,Calm,Fuel A,15.24,11.81,180.09
Vessel A,5000,12.88,4746.6,0.949,3253.2,Calm,Fuel A,10.53,34.92,367.56
Vessel A,5000,15.67,2693.9,0.539,3963.9,Moderate,Green Fuel,10.54,56.61,596.61
Vessel C,4000,16.13,3574.8,0.894,2783.4,Moderate,Fuel A,7.19,65.76,472.91
Vessel C,4000,18.56,1130.0,0.282,2086.9,Rough,Fuel B,4.68,80.63,377.68
Vessel C,4000,13.45,834.7,0.209,1413.4,Rough,Fuel A,4.38,31.45,137.73
Vessel B,7000,17.47,4102.1,0.586,548.5,Moderate,Fuel A,1.31,94.61,123.72
Vessel A,5000,18.53,4166.3,0.833,3737.5,Moderate,Fuel A,8.4,125.6,1055.36
Vessel B,7000,8.81,4477.4,0.64,2274.5,Moderate,Green Fuel,10.76,13.53,145.62
Vessel A,5000,9.42,1336.4,0.267,1707.3,Moderate,Fuel B,7.56,10.56,79.8
Vessel C,4000,17.89,1060.3,0.265,2409.0,Calm,Green Fuel,5.61,68.91,386.66
Vessel A,5000,18.55,2505.0,0.501,1636.4,Calm,Fuel A,3.68,83.65,307.52
Vessel C,4000,13.94,3700.3,0.925,1164.0,Calm,Green Fuel,3.48,50.28,174.95
Vessel D,9000,9.66,2646.2,0.294,2787.9,Moderate,Fuel A,12.02,11.84,142.39
Vessel D,9000,21.47,4499.1,0.5,1049.7,Calm,Fuel A,2.04,151.46,308.53
Vessel C,4000,20.87,1609.6,0.402,2187.8,Moderate,Fuel A,4.37,124.99,546.0
Vessel A,5000,11.04,2178.0,0.436,2420.4,Rough,Fuel B,9.14,21.73,198.63
Vessel D,9000,12.7,3021.7,0.336,1071.7,Moderate,Fuel B,3.52,32.04,112.68
Vessel D,9000,9.09,8815.6,0.98,322.8,Rough,Fuel B,1.48,17.94,26.56
Vessel A,5000,17.59,1650.5,0.33,3774.0,Rough,Fuel A,8.94,77.28,690.98
Vessel C,4000,18.16,2762.9,0.691,3491.0,Moderate,Fuel B,8.01,95.13,762.0
Vessel D,9000,21.79,4512.5,0.501,3885.7,Moderate,Fuel A,7.43,169.6,1259.91
Vessel C,4000,15.97,1003.2,0.251,1238.9,Calm,Green Fuel,3.23,47.73,154.3
Vessel A,5000,18.17,4028.3,0.806,1912.1,Calm,Fuel A,4.39,93.81,411.41
Vessel B,7000,11.52,2938.5,0.42,2752.5,Calm,Fuel A,9.96,18.94,188.58
Vessel D,9000,8.31,5386.8,0.599,2176.6,Moderate,Green Fuel,10.91,12.11,132.11
Vessel D,9000,19.43,8769.4,0.974,1733.2,Calm,Green Fuel,3.72,162.9,605.5
Vessel B,7000,19.27,6457.6,0.923,1532.2,Moderate,Fuel B,3.31,147.98,490.26
Vessel B,7000,16.91,4507.0,0.644,1523.4,Calm,Fuel B,3.75,79.34,297.75
Vessel D,9000,12.17,5569.9,0.619,758.9,Moderate,Fuel A,2.6,32.61,84.73
Vessel D,9000,19.79,7336.2,0.815,3924.1,Calm,Fuel A,8.26,122.39,1011.22
Vessel C,4000,16.12,1893.0,0.473,686.6,Moderate,Green Fuel,1.78,62.07,110.18
Vessel C,4000,13.6,3032.5,0.758,3607.8,Calm,Fuel A,11.05,40.51,447.67
Vessel B,7000,16.43,2653.6,0.379,1258.6,Rough,Fuel B,3.19,73.85,235.76
Vessel A,5000,8.45,3194.9,0.639,3598.0,Moderate,Fuel B,17.75,9.04,160.49
Vessel C,4000,8.55,3358.1,0.84,2144.3,Moderate,Green Fuel,10.45,10.78,112.62
Vessel C,4000,20.89,995.4,0.249,521.2,Calm,Fuel A,1.04,98.07,101.94
Vessel C,4000,13.19,2350.5,0.588,2218.8,Moderate,Green Fuel,7.01,36.57,256.41
Vessel B,7000,18.46,1605.4,0.229,2811.2,Calm,Green Fuel,6.34,85.9,544.94
Vessel D,9000,9.5,5021.4,0.558,598.5,Moderate,Green Fuel,2.62,17.06,44.79
Vessel C,4000,13.28,864.2,0.216,539.0,Calm,Green Fuel,1.69,24.3,41.09
Vessel A,5000,16.31,3716.4,0.743,2022.4,Moderate,Fuel A,5.17,73.43,379.39
Vessel D,9000,15.52,6025.3,0.669,2344.9,Moderate,Fuel A,6.3,62.84,395.62
Vessel D,9000,17.04,5909.6,0.657,1455.3,Calm,Fuel A,3.56,76.7,272.88
Vessel A,5000,11.32,1407.1,0.281,2053.7,Calm,Green Fuel,7.56,19.35,146.27
Vessel C,4000,19.44,1625.3,0.406,3319.3,Calm,Green Fuel,7.11,96.01,683.09
Vessel B,7000,15.79,4601.0,0.657,910.8,Calm,Fuel A,2.4,58.73,141.1
Vessel A,5000,18.31,3119.4,0.624,1296.8,Moderate,Fuel B,2.95,83.33,245.95
Vessel A,5000,15.09,4728.1,0.946,396.9,Calm,Green Fuel,1.1,59.74,65.5
Vessel C,4000,15.68,1445.5,0.361,727.5,Moderate,Fuel A,1.93,47.73,92.24
Vessel A,5000,18.64,3382.6,0.677,3218.3,Moderate,Green Fuel,7.19,111.24,800.11
Vessel A,5000,18.23,4753.4,0.951,3720.5,Calm,Green Fuel,8.5,121.53,1033.36
Vessel D,9000,16.04,7861.2,0.873,3051.9,Calm,Fuel A,7.93,78.94,625.73
Vessel A,5000,19.4,3660.8,0.732,3533.4,Moderate,Fuel A,7.59,124.9,947.68
Vessel A,5000,17.56,2807.8,0.562,2571.6,Moderate,Green Fuel,6.1,77.77,474.51
Vessel A,5000,11.25,4598.3,0.92,453.2,Calm,Fuel B,1.68,24.83,41.67
Vessel D,9000,16.74,2641.7,0.294,2976.1,Rough,Green Fuel,7.41,86.24,638.87
Vessel C,4000,16.68,2507.1,0.627,776.4,Rough,Fuel A,1.94,84.19,163.27
Vessel A,5000,17.9,4114.3,0.823,2913.4,Calm,Fuel B,6.78,96.14,652.07
Vessel B,7000,19.5,2019.5,0.289,3229.7,Rough,Green Fuel,6.9,134.38,927.47
Vessel A,5000,14.81,2635.8,0.527,2636.4,Moderate,Green Fuel,7.42,54.47,404.05
Vessel C,4000,16.39,3445.8,0.861,1063.9,Rough,Fuel B,2.71,94.17,254.76
Vessel C,4000,14.47,3831.3,0.958,728.6,Calm,Fuel A,2.1,46.99,98.6
Vessel D,9000,20.21,8511.3,0.946,3705.5,Moderate,Fuel A,7.64,170.4,1301.83
Vessel D,9000,17.12,7353.0,0.817,1811.7,Calm,Fuel A,4.41,91.53,403.62
Vessel B,7000,20.75,2087.7,0.298,3387.8,Calm,Fuel B,6.8,110.16,749.39
Vessel B,7000,19.72,3260.0,0.466,2446.8,Calm,Green Fuel,5.17,114.24,590.48
Vessel A,5000,10.88,4151.2,0.83,1713.0,Moderate,Green Fuel,6.56,24.52,160.88
Vessel A,5000,20.09,4691.8,0.938,3002.5,Moderate,Green Fuel,6.23,149.11,928.54
Vessel D,9000,20.78,3587.2,0.399,328.7,Moderate,Fuel B,0.66,135.79,89.52
Vessel A,5000,13.07,3322.4,0.664,2721.4,Moderate,Fuel B,8.67,34.22,296.79
Vessel D,9000,15.49,3128.1,0.348,1709.8,Calm,Fuel A,4.6,48.21,221.72
Vessel C,4000,10.94,3673.8,0.918,2574.9,Calm,Fuel A,9.81,21.59,211.73
Vessel C,4000,8.92,3281.7,0.82,2230.9,Moderate,Fuel B,10.42,10.98,114.38
Vessel A,5000,13.61,3238.6,0.648,1470.6,Calm,Fuel A,4.5,36.52,164.41
Vessel B,7000,11.79,5006.4,0.715,3919.9,Moderate,Green Fuel,13.85,31.73,439.56
Vessel D,9000,18.02,6544.3,0.727,1164.8,Calm,Green Fuel,2.69,111.27,299.62
Vessel D,9000,9.46,7559.4,0.84,2315.5,Calm,Fuel A,10.2,14.13,144.15
Vessel D,9000,9.39,3550.8,0.395,3354.8,Moderate,Fuel B,14.88,13.96,207.82
Vessel A,5000,13.69,2296.0,0.459,524.9,Calm,Fuel B,1.6,30.25,48.33
Vessel C,4000,19.87,1192.9,0.298,1801.4,Rough,Fuel A,3.78,105.13,397.04
Vessel B,7000,13.08,1591.7,0.227,1755.8,Rough,Fuel A,5.59,33.76,188.76
Vessel B,7000,13.08,6222.0,0.889,3101.7,Calm,Fuel B,9.88,40.29,398.14
Vessel D,9000,10.55,5290.4,0.588,2258.2,Moderate,Fuel A,8.92,20.75,185.04
Vessel A,5000,13.64,1872.1,0.374,3940.7,Moderate,Fuel B,12.04,30.81,371.05
Vessel C,4000,17.56,3432.3,0.858,2390.8,Moderate,Fuel B,5.67,87.95,498.79
Vessel B,7000,8.94,3669.4,0.524,605.0,Moderate,Green Fuel,2.82,12.29,34.65
Vessel C,4000,20.23,2711.7,0.678,2078.2,Moderate,Fuel A,4.28,120.97,517.71
Vessel B,7000,20.8,3745.1,0.535,1803.7,Calm,Fuel B,3.61,130.35,470.95
Vessel A,5000,9.16,3412.6,0.683,3380.9,Calm,Fuel A,15.38,11.18,171.98
Vessel C,4000,12.98,3100.9,0.775,3807.4,Calm,Green Fuel,12.22,35.84,438.0
Vessel B,7000,18.26,2603.7,0.372,2461.3,Calm,Green Fuel,5.62,88.04,494.57
Vessel C,4000,19.85,3856.8,0.964,3129.5,Calm,Fuel A,6.57,123.43,810.82
Vessel C,4000,16.38,2271.0,0.568,3237.8,Calm,Fuel B,8.24,61.01,502.64
Vessel D,9000,21.55,1837.8,0.204,548.0,Calm,Fuel A,1.06,125.72,133.23
Vessel C,4000,9.21,3866.1,0.967,3264.9,Moderate,Green Fuel,14.76,15.62,230.58
Vessel C,4000,18.14,2839.1,0.71,2059.8,Rough,Fuel B,4.73,109.17,516.57
Vessel C,4000,15.78,2314.3,0.579,2850.2,Calm,Green Fuel,7.53,57.02,429.06
Vessel A,5000,10.7,1461.1,0.292,2002.0,Moderate,Fuel A,7.8,15.79,123.14
Vessel B,7000,15.31,5009.5,0.716,2330.6,Moderate,Green Fuel,6.34,70.45,446.71
Vessel A,5000,9.08,3785.2,0.757,1737.0,Calm,Green Fuel,7.97,13.53,107.91
Vessel D,9000,19.07,4095.0,0.455,2540.3,Moderate,Fuel A,5.55,115.94,643.49
Vessel B,7000,13.85,3986.9,0.57,3523.9,Rough,Green Fuel,10.61,59.65,632.55
Vessel C,4000,8.98,830.4,0.208,1727.3,Calm,Fuel A,8.01,7.51,60.2
Vessel A,5000,14.72,3323.0,0.665,3119.4,Calm,Fuel A,8.83,41.61,367.49
Vessel A,5000,18.25,1013.4,0.203,3440.7,Moderate,Fuel B,7.85,63.93,502.17
Vessel B,7000,11.27,1635.7,0.234,371.4,Calm,Fuel B,1.37,16.56,22.73
Vessel D,9000,11.06,8639.7,0.96,2436.5,Moderate,Green Fuel,9.18,30.04,275.89
Vessel C,4000,20.31,3823.1,0.956,3958.9,Moderate,Fuel A,8.12,144.98,1177.63
Vessel D,9000,21.2,6477.5,0.72,657.3,Moderate,Fuel A,1.29,181.52,234.51
Vessel C,4000,10.47,1505.6,0.376,3339.6,Calm,Green Fuel,13.29,15.06,200.07
Vessel C,4000,20.37,3768.8,0.942,1188.9,Rough,Fuel A,2.43,186.67,453.9
Vessel C,4000,18.62,3027.3,0.757,1052.9,Calm,Green Fuel,2.36,102.81,242.3
Vessel A,5000,20.53,4440.5,0.888,1237.2,Moderate,Green Fuel,2.51,155.28,389.93
Vessel A,5000,20.44,4822.6,0.965,1450.4,Rough,Fuel A,2.96,190.56,563.36
Vessel B,7000,13.72,3487.1,0.498,385.4,Calm,Fuel A,1.17,37.42,43.8
Vessel B,7000,9.13,2633.0,0.376,3967.6,Moderate,Fuel A,18.1,11.8,213.55
Vessel C,4000,12.87,2969.7,0.742,2988.9,Moderate,Fuel A,9.68,33.55,324.66
Vessel D,9000,19.16,6540.9,0.727,809.5,Rough,Green Fuel,1.76,163.37,287.54
Vessel A,5000,17.52,3474.4,0.695,3550.2,Moderate,Green Fuel,8.44,92.19,778.27
Vessel A,5000,20.21,1117.0,0.223,3315.8,Rough,Fuel B,6.84,118.74,811.88
Vessel B,7000,19.45,6060.0,0.866,933.9,Moderate,Green Fuel,2.0,153.84,307.76
Vessel A,5000,16.64,4924.7,0.985,1631.4,Moderate,Green Fuel,4.09,92.86,379.41
Vessel C,4000,15.58,3881.6,0.97,3741.7,Calm,Green Fuel,10.01,63.3,633.47
Vessel A,5000,19.04,1695.0,0.339,832.2,Moderate,Green Fuel,1.82,105.42,191.96
Vessel B,7000,12.84,4877.1,0.697,3962.6,Calm,Fuel B,12.86,34.68,445.92
Vessel C,4000,21.56,3198.9,0.8,1657.7,Calm,Fuel A,3.2,156.66,501.8
Vessel C,4000,17.57,2226.9,0.557,3788.4,Calm,Fuel A,8.99,67.83,609.56
Vessel C,4000,14.32,1323.6,0.331,1333.8,Moderate,Fuel A,3.88,37.47,145.43
Vessel D,9000,17.16,3767.5,0.419,3785.7,Rough,Fuel A,9.19,99.94,918.53
Vessel D,9000,20.0,8744.5,0.972,3939.1,Moderate,Fuel A,8.21,180.99,1485.06
Vessel C,4000,18.44,1441.1,0.36,3484.6,Rough,Fuel B,7.87,90.5,712.47
Vessel D,9000,15.61,2946.6,0.327,3151.1,Calm,Fuel A,8.41,53.89,453.44
Vessel D,9000,8.25,7536.9,0.837,2543.3,Calm,Fuel B,12.84,10.19,130.94
Vessel B,7000,14.47,1406.9,0.201,2805.1,Moderate,Fuel B,8.08,35.28,285.01
Vessel A,5000,10.25,3606.1,0.721,3230.7,Calm,Fuel B,13.13,15.33,201.33
Vessel C,4000,21.78,1278.7,0.32,1691.5,Moderate,Fuel B,3.24,141.88,459.09
Vessel D,9000,17.2,7250.8,0.806,350.6,Rough,Fuel A,0.85,116.53,98.97
Vessel B,7000,18.49,2217.2,0.317,741.5,Calm,Fuel B,1.67,89.7,149.89
Vessel D,9000,12.84,7385.8,0.821,2167.3,Rough,Fuel A,7.03,50.33,353.89
Vessel A,5000,20.36,1330.0,0.266,1708.3,Rough,Fuel B,3.5,124.72,436.13
Vessel B,7000,17.7,6000.1,0.857,3815.9,Calm,Fuel A,8.98,89.79,806.34
Vessel A,5000,17.89,1126.3,0.225,2529.2,Rough,Green Fuel,5.89,94.38,555.92
Vessel D,9000,18.0,7572.4,0.841,2040.7,Calm,Green Fuel,4.72,115.89,547.52
Vessel C,4000,20.53,2552.3,0.638,2027.4,Rough,Fuel B,4.12,163.58,673.17
Vessel D,9000,11.46,2948.7,0.328,1450.3,Rough,Fuel B,5.27,25.61,135.07
Vessel B,7000,12.72,2419.9,0.346,365.9,Moderate,Green Fuel,1.2,30.01,35.99
Vessel D,9000,21.65,6482.3,0.72,1038.1,Calm,Green Fuel,2.0,205.6,410.82
Vessel B,7000,8.43,2843.0,0.406,3851.0,Moderate,Fuel B,19.04,9.28,176.63
Vessel A,5000,12.84,2484.2,0.497,3494.7,Rough,Fuel B,11.34,35.18,398.82
Vessel D,9000,16.23,2011.6,0.224,2471.3,Calm,Fuel B,6.34,54.99,348.85
Vessel C,4000,16.29,3719.6,0.93,1970.1,Calm,Fuel A,5.04,71.91,362.28
Vessel A,5000,18.26,1526.3,0.305,882.8,Moderate,Fuel B,2.01,78.26,157.62
Vessel A,5000,14.12,1389.6,0.278,2156.3,Moderate,Fuel B,6.36,34.23,217.82
Vessel A,5000,17.28,1381.0,0.276,3883.8,Moderate,Fuel A,9.37,68.9,645.38
Vessel C,4000,16.24,2715.9,0.679,1924.4,Calm,Green Fuel,4.94,59.92,295.91
Vessel C,4000,20.37,2214.5,0.554,1480.6,Calm,Fuel A,3.03,106.91,323.76
Vessel D,9000,16.23,8629.8,0.959,837.0,Calm,Fuel B,2.15,85.97,184.72
Vessel A,5000,16.48,2426.9,0.485,3407.8,Moderate,Fuel A,8.62,66.39,572.09
Vessel C,4000,15.81,2527.7,0.632,416.9,Calm,Fuel B,1.1,55.46,60.92
Vessel C,4000,11.24,965.4,0.241,1918.4,Moderate,Green Fuel,7.11,18.05,128.4
Vessel A,5000,16.19,3752.8,0.751,3867.5,Calm,Fuel B,9.96,64.12,638.34
Vessel C,4000,8.24,1834.0,0.459,1928.0,Rough,Green Fuel,9.75,8.61,83.95
Vessel D,9000,15.45,2705.3,0.301,967.0,Calm,Fuel B,2.61,56.72,147.91
Vessel C,4000,10.27,1402.7,0.351,1886.3,Moderate,Fuel A,7.65,13.48,103.11
Vessel B,7000,17.26,6880.3,0.983,2089.3,Calm,Fuel B,5.04,92.64,467.17
Vessel A,5000,19.63,4458.4,0.892,3737.6,Moderate,Green Fuel,7.93,159.57,1265.81
Vessel C,4000,21.17,3445.9,0.861,605.1,Moderate,Fuel A,1.19,169.36,201.67
Vessel D,9000,10.23,6155.7,0.684,1746.3,Calm,Fuel A,7.11,18.41,130.92
Vessel A,5000,12.04,1436.4,0.287,1442.7,Moderate,Fuel B,4.99,22.29,111.3
Vessel B,7000,14.13,6447.7,0.921,1855.2,Rough,Green Fuel,5.47,72.14,394.56
Vessel B,7000,17.09,3238.9,0.463,1705.5,Moderate,Fuel B,4.16,75.46,313.82
Vessel A,5000,13.33,3194.0,0.639,1888.8,Moderate,Fuel A,5.91,37.55,221.76
Vessel D,9000,17.35,6260.3,0.696,2261.0,Moderate,Green Fuel,5.43,106.35,577.31
Vessel D,9000,15.27,5250.1,0.583,613.9,Calm,Fuel B,1.68,55.45,92.9
Vessel C,4000,15.47,2745.3,0.686,3038.1,Moderate,Fuel B,8.18,50.92,416.63
Vessel D,9000,21.38,1931.3,0.215,3607.5,Calm,Green Fuel,7.03,126.91,892.33
Vessel D,9000,21.08,4331.7,0.481,2545.9,Calm,Fuel A,5.03,154.23,776.03
Vessel A,5000,11.99,2229.2,0.446,2407.5,Rough,Green Fuel,8.37,32.5,271.92
Vessel B,7000,11.82,3715.9,0.531,668.2,Calm,Green Fuel,2.36,25.68,60.52
Vessel D,9000,10.54,5581.2,0.62,2355.8,Moderate,Fuel A,9.31,22.87,212.98
Vessel A,5000,13.23,3106.0,0.621,2486.1,Calm,Fuel A,7.83,32.69,256.0
Vessel B,7000,15.21,4723.8,0.675,2521.7,Moderate,Green Fuel,6.91,72.13,498.22
Vessel D,9000,18.78,5807.8,0.645,2981.4,Calm,Fuel B,6.62,104.25,689.61
Vessel D,9000,13.93,6606.4,0.734,1916.7,Calm,Fuel B,5.73,42.18,241.77
Vessel C,4000,20.17,2313.3,0.578,289.8,Moderate,Fuel B,0.6,116.7,69.87
Vessel C,4000,11.22,1459.8,0.365,1685.4,Moderate,Fuel A,6.26,17.84,111.65
Vessel B,7000,11.84,4743.5,0.678,1827.2,Moderate,Fuel B,6.43,32.47,208.75
Vessel C,4000,18.14,850.6,0.213,595.6,Calm,Fuel B,1.37,62.18,85.05
Vessel C,4000,18.82,1647.7,0.412,1724.5,Moderate,Green Fuel,3.82,105.1,401.34
Vessel A,5000,11.17,2420.0,0.484,3361.1,Calm,Fuel A,12.53,17.74,222.37
Vessel D,9000,15.56,8136.6,0.904,1077.2,Moderate,Fuel B,2.88,76.94,221.91
Vessel B,7000,12.66,5149.1,0.736,1579.2,Rough,Fuel B,5.2,42.13,218.91
Vessel D,9000,8.84,5848.5,0.65,2612.8,Rough,Fuel A,12.31,15.17,186.79
Vessel C,4000,10.81,2514.6,0.629,3322.9,Calm,Fuel A,12.8,16.91,216.47
Vessel B,7000,11.28,3636.2,0.519,3001.3,Calm,Fuel A,11.08,21.28,235.82
Vessel D,9000,15.56,7862.6,0.874,1176.8,Moderate,Fuel B,3.15,76.81,242.05
Vessel A,5000,19.56,4128.1,0.826,647.1,Moderate,Fuel B,1.38,129.07,177.87
Vessel C,4000,11.68,1952.4,0.488,1108.4,Calm,Green Fuel,3.95,23.41,92.54
Vessel B,7000,14.26,4763.3,0.68,3187.8,Moderate,Green Fuel,9.31,55.89,520.54
Vessel C,4000,21.89,3524.6,0.881,1709.3,Calm,Green Fuel,3.25,198.63,646.26
Vessel B,7000,20.29,6261.1,0.894,1357.8,Rough,Green Fuel,2.79,221.41,617.31
Vessel A,5000,12.52,1091.6,0.218,1515.2,Calm,Green Fuel,5.04,23.98,120.94
Vessel A,5000,16.05,2917.4,0.583,2050.8,Calm,Green Fuel,5.32,63.87,339.99
Vessel B,7000,20.58,6044.3,0.863,1714.9,Calm,Green Fuel,3.47,162.38,563.92
Vessel D,9000,14.7,5444.0,0.605,2288.2,Calm,Fuel A,6.49,48.26,313.08
Vessel D,9000,9.71,6078.9,0.675,1255.5,Rough,Fuel B,5.39,19.67,105.99
Vessel C,4000,10.13,996.3,0.249,1004.7,Moderate,Fuel B,4.13,11.69,48.32
Vessel B,7000,21.93,1723.6,0.246,1835.3,Moderate,Fuel A,3.49,136.17,474.86
Vessel C,4000,17.69,999.3,0.25,1069.8,Moderate,Green Fuel,2.52,75.34,189.84
Vessel A,5000,16.61,2225.0,0.445,1819.1,Moderate,Fuel B,4.56,57.89,264.14
Vessel C,4000,15.36,2341.2,0.585,3123.4,Calm,Fuel A,8.47,46.71,395.87
Vessel B,7000,11.48,2149.3,0.307,1187.3,Moderate,Fuel B,4.31,19.94,85.92
Vessel C,4000,16.67,1835.2,0.459,3908.3,Rough,Fuel A,9.77,75.79,740.61
Vessel B,7000,8.9,1638.7,0.234,2282.2,Calm,Fuel A,10.68,9.16,97.81
Vessel C,4000,10.09,1207.0,0.302,2008.9,Rough,Fuel B,8.3,14.31,118.74
Vessel A,5000,16.6,4438.3,0.888,3589.9,Calm,Fuel B,9.01,76.94,693.37
Vessel D,9000,9.07,3811.4,0.423,3335.5,Rough,Fuel A,15.32,13.34,204.34
Vessel C,4000,17.23,3664.4,0.916,3579.7,Moderate,Green Fuel,8.66,102.04,883.27
Vessel A,5000,18.32,3048.9,0.61,344.5,Moderate,Fuel A,0.78,95.12,74.51
Vessel C,4000,18.03,1030.7,0.258,3834.7,Calm,Fuel A,8.86,59.71,529.15
Vessel B,7000,21.88,6836.2,0.977,903.7,Rough,Green Fuel,1.72,298.72,514.05
Vessel C,4000,13.77,2558.8,0.64,279.6,Rough,Fuel B,0.85,47.56,40.24
Vessel A,5000,21.66,3669.4,0.734,1190.7,Calm,Fuel B,2.29,141.71,324.53
Vessel A,5000,17.01,3121.2,0.624,1424.4,Calm,Fuel B,3.49,67.59,235.77
Vessel B,7000,16.43,4661.6,0.666,686.8,Moderate,Fuel B,1.74,69.79,121.58
Vessel C,4000,9.55,2715.3,0.679,2290.3,Calm,Green Fuel,9.99,12.3,122.88
Vessel D,9000,11.37,2674.8,0.297,248.3,Calm,Fuel B,0.91,18.74,17.06
Vessel A,5000,12.0,4263.8,0.853,1182.0,Rough,Fuel A,4.1,40.97,168.11
Vessel B,7000,14.45,6115.2,0.874,886.3,Moderate,Green Fuel,2.56,66.5,169.97
Vessel D,9000,10.48,5724.2,0.636,2250.3,Rough,Fuel B,8.94,23.4,209.29
Vessel A,5000,18.16,4271.1,0.854,772.6,Calm,Green Fuel,1.77,107.31,190.18
Vessel D,9000,18.26,5704.1,0.634,1330.7,Moderate,Green Fuel,3.04,134.77,409.24
Vessel C,4000,16.08,3606.8,0.902,2320.6,Moderate,Fuel B,6.01,71.05,427.21
Vessel D,9000,11.45,7030.5,0.781,1725.7,Rough,Green Fuel,6.28,37.21,233.6
Vessel B,7000,18.39,5964.7,0.852,1550.5,Moderate,Fuel B,3.51,119.06,418.18
Vessel A,5000,15.54,3096.6,0.619,334.2,Rough,Fuel B,0.9,64.7,57.97
Vessel B,7000,18.62,5198.9,0.743,1361.3,Moderate,Green Fuel,3.05,133.18,405.68
Vessel D,9000,15.03,2697.9,0.3,3567.5,Calm,Fuel B,9.89,39.83,393.91
Vessel A,5000,8.03,1713.5,0.343,1550.9,Calm,Fuel B,8.05,6.57,52.88
Vessel A,5000,13.43,2609.3,0.522,2640.8,Rough,Fuel A,8.19,43.07,352.99
Vessel C,4000,17.84,969.0,0.242,3259.0,Moderate,Fuel B,7.61,61.83,470.61
Vessel C,4000,8.32,1830.7,0.458,422.5,Moderate,Green Fuel,2.12,9.08,19.21
Vessel B,7000,10.94,6020.7,0.86,760.3,Moderate,Fuel A,2.9,24.05,69.67
Vessel C,4000,18.3,1554.7,0.389,2473.3,Calm,Fuel A,5.63,72.19,406.58
Vessel A,5000,16.93,2984.7,0.597,1757.6,Calm,Green Fuel,4.33,77.25,334.24
Vessel B,7000,18.46,5543.9,0.792,901.0,Rough,Fuel A,2.03,126.85,257.95
Vessel A,5000,17.8,3343.2,0.669,2168.7,Moderate,Fuel B,5.08,81.83,415.31
Vessel A,5000,18.96,1224.5,0.245,3516.4,Rough,Fuel B,7.73,95.98,741.82
Vessel A,5000,14.09,4749.4,0.95,506.3,Moderate,Fuel B,1.5,51.36,76.88
Vessel C,4000,20.65,3710.0,0.928,417.7,Moderate,Fuel B,0.84,142.81,120.32
Vessel A,5000,18.52,3627.8,0.726,1274.4,Rough,Fuel B,2.87,118.98,341.15
Vessel B,7000,11.95,2865.6,0.409,1148.3,Calm,Fuel B,4.0,23.68,94.8
Vessel B,7000,19.83,2901.6,0.415,438.1,Calm,Green Fuel,0.92,111.0,102.19
Vessel B,7000,15.87,3337.2,0.477,1519.9,Calm,Green Fuel,3.99,62.97,251.33
Vessel C,4000,20.35,2059.0,0.515,2977.1,Rough,Fuel B,6.1,135.85,828.07
Vessel B,7000,21.71,2211.8,0.316,2348.3,Moderate,Fuel A,4.51,148.7,670.04
Vessel D,9000,21.54,3117.7,0.346,1056.2,Calm,Fuel A,2.04,138.49,282.91
Vessel B,7000,9.24,5229.0,0.747,1064.2,Moderate,Fuel A,4.8,15.15,72.69
Vessel C,4000,17.91,2539.3,0.635,3418.3,Calm,Fuel B,7.95,64.59,513.68
Vessel B,7000,10.32,6695.9,0.957,570.7,Rough,Fuel B,2.3,25.22,58.11
Vessel C,4000,15.64,999.3,0.25,1945.1,Moderate,Green Fuel,5.18,52.81,273.73
Vessel D,9000,19.12,5380.2,0.598,825.9,Calm,Fuel A,1.8,120.35,216.64
Vessel B,7000,8.25,2107.0,0.301,1107.4,Moderate,Fuel B,5.59,7.27,40.67
Vessel A,5000,15.84,4002.9,0.801,447.8,Moderate,Fuel B,1.18,69.87,82.29
Vessel A,5000,13.47,4193.4,0.839,3324.0,Calm,Green Fuel,10.28,42.44,436.34
Vessel B,7000,9.31,3870.0,0.553,557.3,Calm,Fuel B,2.49,12.42,30.98
Vessel A,5000,16.88,4191.7,0.838,2225.5,Calm,Fuel B,5.49,70.89,389.32
Vessel B,7000,14.27,4523.8,0.646,1579.8,Calm,Green Fuel,4.61,57.17,263.76
Vessel C,4000,10.58,3660.8,0.915,1390.0,Moderate,Green Fuel,5.47,22.5,123.18
Vessel B,7000,16.61,1867.4,0.267,2119.8,Rough,Green Fuel,5.32,81.74,434.57
Vessel C,4000,9.71,3120.6,0.78,3923.2,Calm,Fuel B,16.83,13.23,222.59
Vessel C,4000,10.27,840.3,0.21,311.6,Moderate,Fuel A,1.26,12.03,15.21
Vessel B,7000,18.24,2449.5,0.35,2255.0,Rough,Fuel B,5.15,104.6,538.81
Vessel C,4000,18.63,3961.8,0.99,1559.6,Rough,Fuel A,3.49,146.86,512.17
Vessel D,9000,15.36,3559.2,0.395,582.4,Calm,Fuel B,1.58,50.21,79.35
Vessel A,5000,13.88,4621.4,0.924,3045.5,Moderate,Fuel B,9.14,50.83,464.65
Vessel B,7000,18.33,5914.7,0.845,2609.7,Rough,Green Fuel,5.93,167.2,991.69
Vessel D,9000,18.35,2565.7,0.285,864.5,Calm,Green Fuel,1.96,88.47,173.68
Vessel D,9000,9.02,2355.0,0.262,2148.1,Calm,Fuel B,9.93,9.63,95.62
Vessel B,7000,13.05,1783.6,0.255,2682.0,Moderate,Fuel A,8.57,31.43,269.22
Vessel A,5000,20.58,3603.1,0.721,2329.7,Rough,Green Fuel,4.72,196.27,925.58
Vessel C,4000,13.46,2014.4,0.504,2277.3,Calm,Fuel A,7.05,30.88,217.75
Vessel B,7000,14.71,1500.8,0.214,3688.7,Moderate,Fuel B,10.45,40.56,423.9
Vessel C,4000,9.78,3064.6,0.766,3065.1,Rough,Green Fuel,13.05,20.54,268.08
Vessel D,9000,16.89,5038.9,0.56,2254.7,Calm,Fuel A,5.56,73.6,409.34
Vessel D,9000,11.69,2132.1,0.237,3333.2,Moderate,Fuel A,11.88,23.67,281.34
Vessel C,4000,20.64,3527.2,0.882,1493.5,Moderate,Fuel B,3.01,156.63,472.24
Vessel D,9000,10.59,2368.6,0.263,1284.1,Calm,Fuel A,5.05,14.11,71.24
Vessel B,7000,19.98,4320.1,0.617,2476.1,Calm,Fuel A,5.16,118.29,610.84
Vessel A,5000,18.33,3101.0,0.62,3351.3,Calm,Green Fuel,7.62,97.07,739.66
Vessel A,5000,17.72,1328.8,0.266,3140.7,Rough,Fuel B,7.38,86.23,636.74
Vessel A,5000,12.77,1659.3,0.332,2599.0,Calm,Fuel A,8.48,27.36,232.01
Vessel D,9000,17.47,2748.2,0.305,3888.9,Calm,Fuel A,9.28,75.28,698.28
Vessel D,9000,21.31,6124.7,0.681,1222.0,Moderate,Fuel A,2.39,189.83,453.63
Vessel B,7000,13.07,4046.0,0.578,1251.9,Calm,Green Fuel,3.99,36.23,144.66
Vessel A,5000,14.31,2891.9,0.578,2521.0,Moderate,Fuel B,7.34,41.16,302.23
Vessel A,5000,15.52,4416.5,0.883,3406.9,Calm,Green Fuel,9.15,63.93,584.77
Vessel A,5000,12.74,4210.3,0.842,1707.8,Moderate,Fuel B,5.58,34.02,189.96
Vessel A,5000,9.59,2380.9,0.476,312.7,Moderate,Fuel A,1.36,13.41,18.21
Vessel D,9000,17.83,8948.3,0.994,827.8,Calm,Fuel B,1.93,117.46,227.19
Vessel D,9000,20.71,6941.0,0.771,3330.4,Moderate,Fuel A,6.7,165.73,1110.68
Vessel C,4000,21.36,3108.5,0.777,394.3,Rough,Fuel B,0.77,197.18,151.7
Vessel B,7000,17.31,5882.0,0.84,659.9,Moderate,Fuel A,1.59,103.62,164.56
Vessel D,9000,15.69,8282.3,0.92,1548.1,Moderate,Green Fuel,4.11,90.01,369.94
Vessel A,5000,17.05,4552.2,0.91,2617.2,Moderate,Fuel B,6.4,89.52,572.55
Vessel B,7000,9.62,2264.2,0.323,658.1,Calm,Fuel B,2.85,10.33,29.45
Vessel A,5000,17.73,3130.0,0.626,2393.4,Moderate,Green Fuel,5.63,96.97,545.47
Vessel B,7000,20.74,5924.9,0.846,2970.9,Calm,Fuel A,5.97,162.34,968.81
Vessel B,7000,19.93,3661.8,0.523,1364.0,Calm,Fuel A,2.85,117.69,335.69
Vessel B,7000,16.26,2667.2,0.381,3458.7,Calm,Green Fuel,8.86,62.55,554.21
Vessel D,9000,20.46,1888.6,0.21,2881.2,Calm,Fuel B,5.87,110.33,647.5
Vessel A,5000,15.36,3046.7,0.609,741.9,Calm,Green Fuel,2.01,55.16,110.99
Vessel D,9000,12.76,5524.1,0.614,1494.3,Calm,Green Fuel,4.88,38.84,189.56
Vessel C,4000,19.08,2707.2,0.677,2218.1,Calm,Fuel A,4.84,97.03,469.9
Vessel B,7000,14.36,5254.3,0.751,1068.2,Calm,Fuel A,3.1,51.88,160.85
Vessel D,9000,15.08,8740.9,0.971,993.7,Calm,Green Fuel,2.75,72.51,199.14
Vessel C,4000,8.33,3219.9,0.805,694.2,Moderate,Fuel B,3.47,9.48,32.92
Vessel B,7000,9.63,6753.1,0.965,1887.7,Calm,Green Fuel,8.17,17.85,145.83
Vessel A,5000,12.04,4844.5,0.969,3888.8,Calm,Fuel A,13.46,29.69,399.59
Vessel B,7000,15.58,2263.2,0.323,839.7,Moderate,Fuel B,2.25,54.13,121.55
Vessel C,4000,12.23,1629.9,0.407,2128.3,Calm,Fuel A,7.25,20.94,151.82
Vessel C,4000,11.78,3892.5,0.973,827.9,Moderate,Green Fuel,2.93,32.2,94.27
Vessel D,9000,13.62,8955.7,0.995,2363.6,Rough,Fuel B,7.23,61.98,448.02
Vessel B,7000,14.46,5492.6,0.785,2007.1,Calm,Fuel A,5.78,45.82,264.97
Vessel D,9000,16.3,6113.7,0.679,3505.9,Calm,Green Fuel,8.96,81.35,728.97
Vessel A,5000,18.44,3197.3,0.639,3532.9,Calm,Fuel A,7.98,91.89,733.46
Vessel D,9000,18.56,5341.9,0.594,2185.3,Calm,Fuel B,4.9,99.55,488.26
Vessel B,7000,18.67,3564.6,0.509,1576.6,Moderate,Fuel A,3.52,106.75,375.7
Vessel C,4000,13.71,3448.1,0.862,3833.0,Moderate,Green Fuel,11.65,48.06,560.05
Vessel D,9000,21.95,2228.2,0.248,3418.5,Calm,Fuel A,6.49,136.36,885.01
Vessel A,5000,21.6,1883.0,0.377,2012.0,Moderate,Fuel B,3.88,140.96,547.04
Vessel A,5000,8.43,4488.2,0.898,2649.0,Moderate,Fuel B,13.1,10.14,132.75
Vessel C,4000,10.95,3863.8,0.966,962.5,Calm,Green Fuel,3.66,24.25,88.81
Vessel B,7000,19.6,3049.9,0.436,1498.8,Calm,Fuel A,3.19,99.9,318.33
Vessel A,5000,18.55,4075.7,0.815,3560.8,Moderate,Green Fuel,8.0,123.01,983.95
Vessel C,4000,16.59,1083.5,0.271,1265.3,Moderate,Fuel B,3.18,54.37,172.76
Vessel B,7000,19.32,6707.1,0.958,583.6,Calm,Fuel A,1.26,116.04,146.08
Vessel B,7000,12.19,1830.4,0.261,1120.5,Moderate,Fuel B,3.83,22.29,85.35
Vessel B,7000,13.64,3053.6,0.436,1725.0,Calm,Green Fuel,5.27,38.31,201.87
Vessel C,4000,21.01,2096.3,0.524,2416.4,Rough,Fuel A,4.79,155.72,746.24
Vessel B,7000,21.71,4779.6,0.683,3086.5,Calm,Fuel A,5.92,173.59,1028.48
Vessel C,4000,20.44,2409.9,0.602,3321.4,Moderate,Fuel B,6.77,135.74,919.01
Vessel B,7000,11.39,5398.1,0.771,2299.5,Rough,Green Fuel,8.41,37.14,312.51
Vessel C,4000,9.68,3733.7,0.933,802.8,Moderate,Green Fuel,3.46,16.2,55.97
Vessel A,5000,12.45,1000.5,0.2,2917.1,Moderate,Fuel B,9.77,23.89,233.34
Vessel B,7000,17.9,1751.1,0.25,1493.4,Rough,Fuel A,3.48,93.33,324.48
Vessel B,7000,12.39,5818.0,0.831,1805.1,Rough,Fuel A,6.07,39.98,242.74
Vessel B,7000,13.28,6798.8,0.971,360.7,Calm,Fuel B,1.13,43.27,48.96
Vessel A,5000,17.85,1017.5,0.203,3526.9,Calm,Fuel A,8.23,62.85,517.34
Vessel A,5000,21.52,4044.2,0.809,3787.1,Rough,Green Fuel,7.33,223.08,1635.4
Vessel C,4000,17.02,954.2,0.239,2101.5,Calm,Green Fuel,5.15,51.3,263.96
Vessel A,5000,14.66,1443.9,0.289,1605.3,Moderate,Green Fuel,4.56,47.87,218.37
Vessel C,4000,18.08,1987.7,0.497,3544.6,Rough,Fuel B,8.17,91.92,751.11
Vessel A,5000,19.15,4016.1,0.803,719.1,Calm,Fuel A,1.56,117.78,184.3
Vessel D,9000,21.64,2175.8,0.242,957.0,Moderate,Fuel B,1.84,147.68,272.07
Vessel D,9000,9.19,2109.7,0.234,623.7,Moderate,Fuel A,2.83,9.92,28.03
Vessel A,5000,17.63,1967.6,0.394,273.4,Rough,Fuel B,0.65,87.61,56.61
Vessel D,9000,21.28,2026.2,0.225,2217.6,Moderate,Fuel B,4.34,131.78,572.09
Vessel C,4000,20.29,933.3,0.233,1385.1,Calm,Fuel A,2.84,87.99,250.3
Vessel D,9000,11.74,3382.6,0.376,2386.4,Calm,Green Fuel,8.47,24.89,210.79
Vessel A,5000,9.68,2062.3,0.412,1498.9,Calm,Fuel A,6.45,10.95,70.6
Vessel C,4000,15.25,1913.9,0.478,2719.4,Calm,Green Fuel,7.43,50.97,378.64
Vessel C,4000,8.33,3675.4,0.919,1306.3,Moderate,Fuel A,6.53,9.97,65.16
Vessel A,5000,13.57,2211.7,0.442,3762.0,Calm,Fuel A,11.55,30.83,356.08
Vessel D,9000,14.63,2216.5,0.246,1108.8,Rough,Fuel A,3.16,61.32,193.59
Vessel D,9000,21.88,5720.3,0.636,1589.6,Rough,Fuel B,3.03,211.02,638.81
Vessel B,7000,20.55,6144.3,0.878,758.5,Calm,Green Fuel,1.54,160.51,246.89
Vessel A,5000,15.38,4625.7,0.925,1187.6,Calm,Green Fuel,3.22,68.68,220.96
Vessel D,9000,18.15,5679.5,0.631,436.4,Calm,Fuel B,1.0,93.76,93.93
Vessel A,5000,21.03,2989.2,0.598,1779.4,Calm,Fuel B,3.53,134.18,473.08
Vessel D,9000,15.01,6693.3,0.744,3728.9,Calm,Fuel B,10.35,54.36,562.75
Vessel B,7000,14.44,4460.8,0.637,2331.3,Moderate,Fuel B,6.73,49.66,334.2
Vessel A,5000,8.7,4374.6,0.875,2203.5,Rough,Fuel A,10.55,14.92,157.49
Vessel C,4000,11.39,3874.0,0.969,2093.3,Calm,Green Fuel,7.66,26.59,203.62
Vessel B,7000,15.97,2853.4,0.408,869.2,Moderate,Green Fuel,2.27,66.67,151.14
Vessel B,7000,16.71,6894.6,0.985,2982.1,Calm,Green Fuel,7.43,101.88,757.46
Vessel C,4000,15.3,3927.4,0.982,3446.0,Moderate,Fuel A,9.38,59.35,556.94
Vessel B,7000,18.06,2785.1,0.398,3169.1,Moderate,Green Fuel,7.31,98.14,717.69
Vessel A,5000,8.13,2428.1,0.486,3258.1,Rough,Fuel B,16.7,9.57,159.89
Vessel A,5000,11.11,2286.7,0.457,1164.5,Rough,Green Fuel,4.37,24.79,108.27
Vessel D,9000,17.27,2653.2,0.295,3694.2,Calm,Green Fuel,8.91,69.46,618.97
Vessel C,4000,14.93,2440.7,0.61,1691.3,Moderate,Green Fuel,4.72,54.38,256.74
Vessel A,5000,14.22,2102.2,0.42,1153.8,Moderate,Fuel A,3.38,40.54,137.06
Vessel D,9000,16.03,4792.3,0.532,928.1,Rough,Fuel A,2.41,76.51,184.51
Vessel A,5000,11.2,4825.3,0.965,1054.6,Calm,Fuel A,3.92,23.7,92.98
Vessel D,9000,16.14,4943.6,0.549,1440.1,Moderate,Green Fuel,3.72,79.3,294.77
Vessel C,4000,20.52,3828.7,0.957,3099.8,Rough,Fuel A,6.3,181.01,1139.5
Vessel C,4000,14.67,2392.1,0.598,1170.2,Calm,Fuel A,3.32,43.42,144.31
Vessel B,7000,10.9,1798.5,0.257,3542.1,Calm,Green Fuel,13.54,15.8,213.95
Vessel A,5000,13.73,4243.5,0.849,2961.6,Rough,Fuel A,8.99,52.17,468.79
Vessel D,9000,10.12,8106.4,0.901,3737.8,Moderate,Green Fuel,15.39,25.41,391.01
Vessel C,4000,9.79,3249.7,0.812,433.1,Calm,Fuel A,1.84,14.94,27.54
Vessel D,9000,11.17,3990.2,0.443,3554.4,Calm,Green Fuel,13.26,21.43,284.2
Vessel B,7000,18.21,6814.3,0.973,2634.4,Calm,Green Fuel,6.03,132.01,795.69
Vessel B,7000,12.24,3221.7,0.46,1231.5,Moderate,Green Fuel,4.19,30.28,126.93
Vessel A,5000,13.19,4607.8,0.922,1037.9,Rough,Green Fuel,3.28,55.66,182.46
Vessel D,9000,17.25,2364.9,0.263,278.6,Moderate,Fuel B,0.67,79.18,53.26
Vessel B,7000,18.93,4669.1,0.667,2031.1,Rough,Fuel B,4.47,139.79,624.97
Vessel C,4000,18.0,3228.8,0.807,2892.3,Calm,Fuel A,6.69,84.89,568.26
Vessel C,4000,13.17,3785.4,0.946,2914.4,Rough,Green Fuel,9.22,54.4,501.6
Vessel C,4000,9.75,3521.5,0.88,3266.9,Calm,Fuel B,13.96,13.62,190.11
Vessel A,5000,9.99,1853.6,0.371,3454.8,Moderate,Fuel A,14.41,14.37,207.01
Vessel C,4000,14.09,2557.8,0.639,819.5,Calm,Fuel B,2.42,38.63,93.59
Vessel D,9000,13.42,8327.3,0.925,3388.2,Calm,Green Fuel,10.52,50.35,529.67
Vessel D,9000,15.83,5407.8,0.601,3874.7,Moderate,Fuel A,10.2,72.6,740.68
Vessel C,4000,14.01,1788.3,0.447,3853.8,Moderate,Fuel A,11.46,37.66,431.49
Vessel A,5000,10.2,2239.2,0.448,2756.3,Calm,Fuel B,11.26,13.0,146.29
Vessel A,5000,8.99,2251.5,0.45,3364.8,Rough,Fuel B,15.59,11.68,182.1
Vessel A,5000,8.28,2562.7,0.513,3753.0,Calm,Fuel A,18.89,7.64,144.24
Vessel A,5000,18.26,2618.1,0.524,1552.2,Calm,Green Fuel,3.54,88.61,313.91
Vessel B,7000,12.65,1716.9,0.245,2638.6,Calm,Fuel A,8.69,23.8,206.8
Vessel B,7000,18.27,2050.7,0.293,2484.2,Moderate,Fuel B,5.67,82.18,465.6
Vessel B,7000,10.51,6835.8,0.977,2310.9,Calm,Fuel B,9.16,20.25,185.53
Vessel B,7000,17.86,3767.3,0.538,1204.2,Calm,Green Fuel,2.81,91.28,256.39
Vessel D,9000,16.83,5757.2,0.64,2493.8,Moderate,Fuel B,6.17,76.88,474.67
Vessel C,4000,10.41,3761.7,0.94,549.9,Calm,Fuel A,2.2,19.42,42.73
Vessel C,4000,15.75,2853.2,0.713,1153.4,Moderate,Fuel B,3.05,63.33,193.26
Vessel B,7000,14.31,5163.5,0.738,1230.2,Moderate,Green Fuel,3.58,61.57,220.53
Vessel A,5000,9.64,2796.3,0.559,2998.8,Moderate,Green Fuel,12.96,15.17,196.64
Vessel D,9000,8.09,7360.6,0.818,2784.4,Moderate,Fuel B,14.33,10.12,145.07
Vessel D,9000,21.11,5702.3,0.634,1716.3,Rough,Fuel B,3.39,196.6,666.1
Vessel A,5000,16.64,3957.6,0.792,587.2,Calm,Fuel B,1.47,69.17,101.7
Vessel C,4000,20.46,1069.8,0.267,1183.1,Rough,Green Fuel,2.41,132.19,318.49
Vessel A,5000,15.18,2753.5,0.551,2278.1,Rough,Fuel A,6.25,67.36,421.27
Vessel A,5000,9.28,1797.1,0.359,312.1,Rough,Green Fuel,1.4,14.95,20.95
Vessel A,5000,11.0,2083.2,0.417,1944.0,Calm,Green Fuel,7.36,19.23,141.57
Vessel C,4000,16.33,1991.0,0.498,3259.3,Calm,Fuel B,8.32,57.21,475.88
Vessel C,4000,14.91,1706.6,0.427,2543.8,Moderate,Green Fuel,7.11,50.56,359.44
Vessel B,7000,12.08,5716.2,0.817,2420.9,Moderate,Fuel A,8.35,34.78,290.38
Vessel A,5000,12.67,4460.8,0.892,2732.6,Rough,Fuel A,8.99,42.94,385.89
Vessel A,5000,20.23,3551.8,0.71,2667.4,Rough,Fuel B,5.49,170.9,938.81
Vessel A,5000,18.98,2677.6,0.536,2475.6,Moderate,Green Fuel,5.44,115.04,625.33
Vessel C,4000,8.79,2371.5,0.593,1267.9,Rough,Green Fuel,6.01,11.87,71.4
Vessel C,4000,13.74,2896.6,0.724,625.1,Calm,Fuel B,1.9,38.55,73.1
Vessel D,9000,17.3,8148.2,0.905,619.6,Rough,Green Fuel,1.49,141.79,211.62
Vessel A,5000,8.11,4698.2,0.94,2235.1,Moderate,Fuel B,11.48,8.75,100.43
Vessel D,9000,20.22,7762.4,0.862,3820.7,Calm,Green Fuel,7.87,154.38,1215.63
Vessel D,9000,16.85,4489.3,0.499,1410.7,Calm,Fuel A,3.49,70.8,246.96
Vessel A,5000,20.02,3707.8,0.742,1955.0,Rough,Green Fuel,4.07,186.47,758.6
Vessel B,7000,14.15,4819.1,0.688,1762.2,Calm,Fuel A,5.19,42.91,222.66
Vessel D,9000,9.65,2990.0,0.332,2221.2,Calm,Fuel B,9.59,13.04,125.08
Vessel D,9000,15.21,2961.8,0.329,1774.0,Calm,Fuel A,4.86,49.96,242.78
Vessel B,7000,12.96,1989.9,0.284,1005.2,Calm,Fuel A,3.23,27.82,89.91
Vessel C,4000,11.43,984.7,0.246,1475.6,Calm,Green Fuel,5.38,17.94,96.46
Vessel C,4000,15.8,2130.5,0.533,2780.1,Moderate,Green Fuel,7.33,66.51,487.71
Vessel D,9000,17.83,3036.2,0.337,2277.4,Moderate,Green Fuel,5.32,93.06,495.28
Vessel C,4000,9.62,2738.0,0.685,1868.6,Calm,Fuel A,8.1,12.3,99.62
Vessel D,9000,17.69,3285.0,0.365,2779.8,Calm,Fuel A,6.55,80.25,525.46
Vessel C,4000,8.97,2317.6,0.579,1043.2,Moderate,Fuel A,4.85,11.22,54.37
Vessel B,7000,11.55,1455.9,0.208,1967.2,Moderate,Fuel A,7.1,19.9,141.25
Vessel D,9000,12.67,7499.2,0.833,3318.3,Moderate,Green Fuel,10.91,45.9,500.81
Vessel A,5000,20.36,2865.2,0.573,2661.5,Calm,Fuel B,5.45,103.95,566.32
Vessel D,9000,21.55,2279.3,0.253,1911.8,Moderate,Fuel A,3.7,143.73,531.22
Vessel A,5000,19.25,2733.9,0.547,362.8,Rough,Green Fuel,0.79,134.28,105.43
Vessel B,7000,13.22,1784.8,0.255,1604.0,Calm,Green Fuel,5.06,30.99,156.74
Vessel C,4000,17.19,3068.1,0.767,3359.2,Calm,Green Fuel,8.14,78.58,639.64
Vessel C,4000,19.26,3273.0,0.818,2407.9,Moderate,Fuel A,5.21,123.96,645.62
Vessel A,5000,16.17,4127.8,0.826,2774.4,Moderate,Green Fuel,7.15,84.28,602.45
Vessel C,4000,10.38,1423.9,0.356,803.0,Rough,Fuel A,3.22,15.87,51.15
Vessel D,9000,18.62,6099.5,0.678,2399.5,Moderate,Fuel B,5.37,109.19,586.23
Vessel B,7000,13.81,5391.6,0.77,904.4,Calm,Green Fuel,2.73,49.11,134.02
Vessel A,5000,11.01,2699.4,0.54,914.1,Rough,Green Fuel,3.46,26.53,91.8
Vessel D,9000,14.21,5045.6,0.561,1233.4,Rough,Fuel A,3.62,57.9,209.34
Vessel B,7000,15.47,4965.9,0.709,1433.1,Moderate,Fuel A,3.86,62.41,240.99
Vessel B,7000,11.9,5066.4,0.724,2715.5,Rough,Fuel B,9.51,33.5,318.54
Vessel C,4000,19.5,2276.9,0.569,2856.0,Rough,Fuel B,6.1,115.26,703.3
Vessel A,5000,14.5,2056.0,0.411,3332.4,Moderate,Green Fuel,9.58,41.07,393.36
Vessel D,9000,8.55,6601.3,0.733,3574.8,Calm,Fuel B,17.43,10.9,189.96
Vessel D,9000,17.33,2479.2,0.275,2391.5,Moderate,Fuel A,5.75,74.97,430.92
Vessel D,9000,21.54,7751.9,0.861,3043.1,Rough,Fuel A,5.89,247.88,1459.02
Vessel A,5000,14.52,3284.6,0.657,694.3,Calm,Fuel A,1.99,45.12,89.89
Vessel D,9000,20.48,7914.1,0.879,1388.6,Moderate,Fuel B,2.82,159.02,449.14
Vessel B,7000,8.24,6533.0,0.933,3381.1,Moderate,Green Fuel,17.1,12.69,216.98
Vessel C,4000,8.07,3802.9,0.951,2430.4,Moderate,Fuel A,12.54,9.23,115.7
Vessel C,4000,18.26,2963.6,0.741,1069.7,Calm,Fuel A,2.44,86.61,211.38
Vessel C,4000,20.16,2013.2,0.503,2605.7,Calm,Fuel A,5.39,86.79,467.46
Vessel B,7000,17.09,5904.7,0.844,2115.2,Moderate,Fuel A,5.16,87.04,448.8
Vessel D,9000,14.37,6658.5,0.74,618.2,Moderate,Fuel B,1.79,55.87,100.17
Vessel C,4000,17.67,3030.8,0.758,2307.8,Moderate,Fuel B,5.44,88.06,479.16
Vessel A,5000,16.9,3397.2,0.679,1929.7,Calm,Fuel B,4.76,72.47,344.71
Vessel B,7000,8.85,5238.2,0.748,2858.6,Calm,Green Fuel,13.46,12.83,172.77
Vessel D,9000,14.37,6737.0,0.749,1727.2,Rough,Fuel B,5.01,66.98,335.49
Vessel B,7000,17.0,1839.9,0.263,397.6,Moderate,Green Fuel,0.97,68.58,66.84
Vessel D,9000,8.93,3461.7,0.385,3555.1,Rough,Green Fuel,16.59,13.67,226.69
Vessel A,5000,21.67,3733.8,0.747,1288.8,Calm,Green Fuel,2.48,175.85,435.84
Vessel C,4000,9.75,1441.8,0.36,2566.0,Calm,Fuel A,10.96,10.6,116.19
Vessel C,4000,18.86,1209.4,0.302,3906.3,Calm,Fuel A,8.63,76.03,656.06
Vessel A,5000,17.37,4567.6,0.914,1665.3,Calm,Fuel B,3.99,82.66,330.21
Vessel B,7000,21.19,1819.0,0.26,3944.2,Moderate,Green Fuel,7.75,129.3,1002.66
Vessel A,5000,21.55,2759.0,0.552,1439.8,Calm,Green Fuel,2.78,141.1,392.82
Vessel D,9000,19.57,4432.3,0.492,437.7,Calm,Fuel A,0.93,108.58,101.18
Vessel A,5000,10.38,4593.0,0.919,3485.7,Moderate,Fuel B,13.99,17.49,244.64
Vessel D,9000,16.64,2923.1,0.325,2120.9,Moderate,Fuel B,5.31,67.03,355.95
Vessel B,7000,12.36,1417.6,0.203,512.6,Calm,Green Fuel,1.73,21.83,37.71
Vessel A,5000,18.01,2127.7,0.426,2955.0,Calm,Fuel B,6.84,70.18,479.72
Vessel D,9000,15.66,8940.8,0.993,1392.7,Moderate,Fuel B,3.71,86.68,321.17
Vessel A,5000,18.71,4761.7,0.952,2059.7,Calm,Fuel A,4.59,110.54,506.96
Vessel D,9000,17.18,5829.0,0.648,644.6,Moderate,Green Fuel,1.56,100.23,156.66
Vessel C,4000,14.36,3239.8,0.81,3581.6,Calm,Fuel A,10.4,44.12,458.65
Vessel A,5000,10.46,3270.9,0.654,3504.5,Moderate,Fuel B,13.96,18.12,253.01
Vessel D,9000,13.21,6564.0,0.729,3447.9,Calm,Fuel B,10.87,38.43,417.93
Vessel A,5000,11.9,1874.8,0.375,3632.1,Calm,Fuel B,12.72,21.76,276.72
Vessel C,4000,16.0,1257.6,0.314,3767.8,Calm,Green Fuel,9.81,55.68,546.44
Vessel D,9000,9.22,5808.9,0.645,1483.1,Rough,Green Fuel,6.7,18.89,126.63
Vessel D,9000,11.5,3695.4,0.411,2481.1,Calm,Green Fuel,8.99,21.73,195.39
Vessel A,5000,16.78,4001.1,0.8,2306.5,Calm,Fuel A,5.73,70.75,405.17
Vessel D,9000,20.89,2088.4,0.232,1105.0,Calm,Green Fuel,2.2,121.87,268.59
Vessel C,4000,16.26,820.6,0.205,787.1,Moderate,Fuel A,2.02,40.96,82.62
Vessel A,5000,17.86,4740.7,0.948,3344.7,Calm,Fuel B,7.8,89.48,698.33
Vessel A,5000,17.44,4051.6,0.81,2140.2,Calm,Fuel A,5.11,86.81,443.85
Vessel B,7000,18.83,2091.0,0.299,2294.4,Moderate,Fuel B,5.08,91.64,465.27
Vessel D,9000,21.0,8974.1,0.997,1906.3,Moderate,Green Fuel,3.78,213.49,807.61
Vessel A,5000,10.65,4689.5,0.938,3245.5,Moderate,Green Fuel,12.7,24.88,315.97
Vessel B,7000,8.78,4583.4,0.655,1100.3,Moderate,Fuel A,5.22,12.14,63.4
Vessel C,4000,20.98,1970.8,0.493,3342.1,Calm,Fuel A,6.64,127.31,844.89
Vessel B,7000,9.23,2983.7,0.426,1462.4,Moderate,Fuel A,6.6,12.75,84.22
Vessel B,7000,17.5,3178.3,0.454,2478.6,Rough,Green Fuel,5.9,119.08,702.78
Vessel D,9000,18.35,3797.7,0.422,1931.4,Calm,Fuel B,4.39,89.62,393.1
Vessel D,9000,16.72,8928.8,0.992,740.6,Calm,Green Fuel,1.85,112.48,207.61
Vessel D,9000,14.2,3679.5,0.409,3754.8,Calm,Fuel A,11.02,40.16,442.49
Vessel D,9000,10.78,2987.2,0.332,771.8,Calm,Green Fuel,2.98,17.63,52.61
Vessel B,7000,14.28,6514.1,0.931,428.4,Calm,Fuel B,1.25,51.37,64.19
Vessel D,9000,16.09,8311.4,0.923,3777.8,Rough,Fuel B,9.78,105.35,1030.63
Vessel A,5000,8.1,1849.8,0.37,2925.1,Moderate,Fuel B,15.05,6.81,102.52
Vessel D,9000,20.73,4059.9,0.451,1872.2,Moderate,Fuel A,3.76,154.11,579.97
Vessel B,7000,10.58,3315.8,0.474,3325.5,Moderate,Fuel A,13.09,18.41,241.01
Vessel D,9000,12.03,5348.3,0.594,1848.6,Calm,Green Fuel,6.4,28.39,181.74
Vessel A,5000,16.17,2560.5,0.512,1507.0,Calm,Green Fuel,3.88,65.25,253.36
Vessel B,7000,9.48,6288.9,0.898,1761.3,Moderate,Green Fuel,7.74,19.64,151.99
Vessel B,7000,12.58,1460.5,0.209,3164.0,Rough,Fuel A,10.48,29.75,311.87
Vessel B,7000,11.01,1776.5,0.254,2858.9,Moderate,Fuel A,10.82,17.8,192.7
Vessel C,4000,17.22,2503.3,0.626,3200.1,Calm,Fuel B,7.74,67.79,524.87
Vessel A,5000,19.46,4934.3,0.987,3171.8,Calm,Green Fuel,6.79,151.0,1025.37
Vessel D,9000,12.87,2162.5,0.24,1940.1,Calm,Fuel A,6.28,28.48,178.95
Vessel A,5000,9.93,3755.1,0.751,3318.6,Rough,Green Fuel,13.92,19.8,275.66
Vessel B,7000,20.54,5846.0,0.835,1447.1,Calm,Fuel A,2.94,134.7,395.38
Vessel B,7000,15.92,2423.0,0.346,3329.8,Calm,Green Fuel,8.72,48.02,418.46
Vessel C,4000,18.94,1682.4,0.421,2781.0,Calm,Fuel B,6.12,77.66,475.09
Vessel B,7000,8.46,4063.3,0.58,2685.8,Moderate,Fuel B,13.23,9.27,122.71
Vessel B,7000,21.6,4548.3,0.65,1051.1,Moderate,Fuel A,2.03,173.98,352.83
Vessel C,4000,21.14,2917.7,0.729,1079.6,Calm,Green Fuel,2.13,132.51,281.99
Vessel C,4000,13.64,3467.7,0.867,1865.1,Rough,Fuel A,5.7,55.35,315.23
Vessel B,7000,17.46,5085.7,0.727,1294.4,Calm,Green Fuel,3.09,92.82,286.69
Vessel D,9000,10.2,7756.6,0.862,1036.3,Calm,Fuel A,4.24,21.72,91.97
Vessel C,4000,11.24,2407.8,0.602,1389.6,Moderate,Fuel A,5.15,20.91,107.7
Vessel B,7000,20.41,6632.1,0.947,1403.0,Rough,Fuel B,2.86,189.68,543.37
Vessel B,7000,15.44,5193.7,0.742,3333.0,Moderate,Fuel B,9.0,63.37,570.09
Vessel A,5000,17.21,1032.2,0.206,1838.9,Rough,Fuel A,4.45,77.01,342.81
Vessel D,9000,14.07,3596.4,0.4,1372.2,Moderate,Fuel A,4.06,43.64,177.31
Vessel D,9000,11.01,8167.4,0.907,224.2,Moderate,Fuel B,0.85,29.43,24.97
Vessel A,5000,20.0,4281.7,0.856,1720.8,Moderate,Fuel A,3.58,135.57,485.99
Vessel D,9000,16.67,5071.7,0.564,2493.4,Moderate,Fuel A,6.23,87.15,543.1
Vessel A,5000,12.26,1792.4,0.358,1046.2,Calm,Fuel A,3.55,23.89,84.94
Vessel C,4000,14.96,3734.2,0.934,849.6,Moderate,Fuel B,2.37,60.95,144.26
Vessel B,7000,18.14,5266.3,0.752,263.1,Calm,Green Fuel,0.6,104.66,63.24
Vessel B,7000,10.23,3279.5,0.468,290.1,Calm,Green Fuel,1.18,16.2,19.13
Vessel D,9000,11.89,2058.7,0.229,349.7,Rough,Green Fuel,1.23,30.27,37.1
Vessel A,5000,8.14,4431.8,0.886,3170.1,Moderate,Fuel B,16.24,8.75,142.06
Vessel B,7000,16.24,3627.0,0.518,435.2,Rough,Fuel B,1.12,75.17,83.94
Vessel C,4000,17.93,1668.8,0.417,2150.1,Rough,Green Fuel,5.0,92.07,459.97
Vessel C,4000,11.14,1523.5,0.381,541.7,Rough,Fuel A,2.03,20.7,41.95
Vessel D,9000,14.3,4229.7,0.47,1263.0,Rough,Fuel B,3.68,59.97,220.67
Vessel D,9000,14.9,4983.2,0.554,2213.8,Calm,Green Fuel,6.19,52.84,327.22
Vessel C,4000,11.03,1467.5,0.367,784.8,Calm,Green Fuel,2.97,16.49,48.89
Vessel D,9000,13.71,2704.1,0.3,331.8,Calm,Fuel B,1.01,32.26,32.54
Vessel A,5000,12.73,4211.4,0.842,1187.3,Calm,Fuel B,3.89,29.85,116.03
Vessel C,4000,17.07,3600.4,0.9,2273.2,Moderate,Fuel A,5.55,80.63,447.32
Vessel B,7000,13.56,2275.4,0.325,511.7,Moderate,Fuel A,1.57,35.3,55.52
Vessel C,4000,21.84,3927.3,0.982,2395.7,Moderate,Green Fuel,4.57,196.22,896.89
Vessel A,5000,16.93,4940.7,0.988,1762.5,Moderate,Green Fuel,4.34,89.3,387.36
Vessel A,5000,15.01,3579.4,0.716,2818.5,Calm,Green Fuel,7.82,52.87,413.63
Vessel A,5000,9.81,1398.2,0.28,3309.8,Moderate,Green Fuel,14.06,13.79,193.84
Vessel B,7000,16.43,4265.2,0.609,3920.8,Calm,Green Fuel,9.94,71.09,706.68
Vessel C,4000,21.49,1232.3,0.308,2458.1,Calm,Green Fuel,4.77,132.67,632.23
Vessel D,9000,8.02,4522.3,0.502,1963.5,Calm,Fuel A,10.2,8.3,84.71
Vessel B,7000,11.27,4901.8,0.7,1154.1,Moderate,Fuel B,4.27,22.79,97.25
Vessel A,5000,19.89,1180.0,0.236,897.1,Moderate,Fuel B,1.88,98.15,184.44
Vessel A,5000,21.0,2327.9,0.466,2566.4,Moderate,Fuel A,5.09,136.47,694.79
Vessel C,4000,16.84,2164.5,0.541,1324.5,Moderate,Fuel B,3.28,66.82,218.99
Vessel C,4000,19.28,2073.2,0.518,2392.1,Rough,Fuel A,5.17,118.76,614.05
Vessel B,7000,15.65,6103.0,0.872,3685.6,Calm,Fuel B,9.81,75.9,744.56
Vessel D,9000,10.11,7931.5,0.881,2196.8,Rough,Fuel B,9.05,25.44,230.3
Vessel A,5000,12.31,4350.1,0.87,1324.1,Moderate,Fuel B,4.48,32.78,146.9
Vessel D,9000,18.59,2388.0,0.265,2608.1,Rough,Fuel A,5.85,109.66,641.1
Vessel B,7000,17.58,6455.2,0.922,1502.4,Rough,Fuel A,3.56,127.86,455.16
Vessel D,9000,19.39,8454.6,0.939,1409.4,Moderate,Fuel B,3.03,152.04,460.53
Vessel D,9000,18.92,2651.2,0.295,1426.4,Calm,Green Fuel,3.14,104.66,328.79
Vessel D,9000,11.56,1892.9,0.21,3839.0,Moderate,Fuel A,13.83,22.45,310.58
Vessel B,7000,19.37,3550.6,0.507,1677.2,Moderate,Fuel A,3.61,134.64,485.72
Vessel A,5000,13.46,2920.2,0.584,3352.9,Calm,Green Fuel,10.38,37.13,385.38
Vessel B,7000,20.23,6975.2,0.996,1416.1,Moderate,Fuel A,2.92,172.06,501.83
Vessel A,5000,12.28,2610.8,0.522,2450.7,Moderate,Fuel B,8.32,25.07,208.5
Vessel D,9000,9.8,5965.1,0.663,1175.6,Moderate,Fuel A,5.0,18.81,94.05
Vessel C,4000,20.22,2399.9,0.6,3165.3,Moderate,Fuel A,6.52,128.56,838.55
Vessel D,9000,14.2,6243.2,0.694,1058.9,Rough,Green Fuel,3.11,73.38,227.96
Vessel D,9000,21.49,2577.9,0.286,1255.8,Moderate,Green Fuel,2.44,167.56,408.01
Vessel D,9000,9.48,6016.2,0.668,382.8,Moderate,Fuel B,1.68,16.37,27.54
Vessel B,7000,19.48,1632.8,0.233,1158.8,Moderate,Fuel B,2.48,101.13,250.65
Vessel A,5000,21.68,3179.1,0.636,1586.3,Calm,Green Fuel,3.05,145.37,443.22
Vessel C,4000,20.71,3989.0,0.997,2314.6,Moderate,Fuel B,4.66,159.32,741.98
Vessel B,7000,18.25,6575.0,0.939,2868.0,Rough,Fuel A,6.55,141.66,927.39
Vessel A,5000,21.53,3512.5,0.702,1925.9,Rough,Green Fuel,3.73,222.7,829.99
Vessel C,4000,19.06,1817.5,0.454,1635.8,Moderate,Fuel A,3.58,92.05,329.17
Vessel B,7000,14.53,1829.6,0.261,2700.8,Calm,Green Fuel,7.74,38.76,300.1
Vessel C,4000,14.33,3954.6,0.989,2706.8,Calm,Green Fuel,7.87,46.52,366.12
Vessel D,9000,14.4,4658.0,0.518,3773.9,Moderate,Fuel A,10.92,52.08,568.51
Vessel A,5000,10.53,2049.9,0.41,1725.6,Moderate,Fuel B,6.83,15.83,108.14
Vessel D,9000,12.16,2970.3,0.33,2555.9,Moderate,Fuel A,8.76,25.69,224.96
Vessel C,4000,16.33,3590.1,0.898,1166.2,Moderate,Fuel A,2.98,76.9,228.77
Vessel D,9000,15.56,2370.8,0.263,763.8,Moderate,Fuel B,2.04,56.53,115.58
Vessel C,4000,16.34,1058.0,0.264,1985.7,Rough,Fuel B,5.06,60.48,306.23
Vessel A,5000,19.6,1320.7,0.264,1567.2,Moderate,Fuel B,3.33,86.96,289.74
Vessel A,5000,9.74,4500.5,0.9,1697.7,Rough,Fuel A,7.26,19.13,138.94
Vessel D,9000,8.56,4719.0,0.524,3983.4,Moderate,Green Fuel,19.38,12.08,234.21
Vessel B,7000,8.31,6902.1,0.986,1061.4,Calm,Green Fuel,5.32,11.24,59.83
Vessel C,4000,9.85,2207.5,0.552,642.5,Moderate,Fuel A,2.72,13.38,36.36
Vessel B,7000,13.37,2611.5,0.373,948.2,Moderate,Green Fuel,2.96,37.87,111.94
Vessel C,4000,19.57,2681.6,0.67,458.8,Calm,Fuel A,0.98,87.6,85.58
Vessel A,5000,13.8,4831.8,0.966,2577.5,Moderate,Green Fuel,7.78,48.91,380.71
Vessel A,5000,8.29,4278.4,0.856,3102.0,Rough,Fuel A,15.58,10.89,169.74
Vessel C,4000,13.23,2801.1,0.7,900.9,Calm,Green Fuel,2.84,35.73,101.36
Vessel D,9000,11.42,6105.7,0.678,2144.5,Calm,Fuel B,7.83,20.82,162.96
Vessel C,4000,10.72,2318.2,0.58,470.4,Calm,Green Fuel,1.83,17.29,31.62
Vessel C,4000,15.29,3982.7,0.996,3847.2,Calm,Fuel B,10.49,62.6,656.46
Vessel A,5000,12.63,3356.9,0.671,493.3,Moderate,Fuel A,1.63,33.57,54.66
Vessel D,9000,21.78,7534.7,0.837,1134.2,Moderate,Fuel B,2.17,205.63,446.26
Vessel B,7000,20.99,1910.4,0.273,215.9,Calm,Green Fuel,0.43,127.44,54.61
Vessel A,5000,8.78,2324.6,0.465,1778.7,Moderate,Fuel A,8.44,9.76,82.44
Vessel D,9000,21.48,2626.2,0.292,568.5,Moderate,Fuel A,1.1,151.32,166.83
Vessel B,7000,16.65,2563.6,0.366,2005.3,Moderate,Fuel A,5.02,63.67,319.59
Vessel C,4000,19.81,1839.8,0.46,3356.4,Moderate,Fuel B,7.06,93.47,659.73
Vessel D,9000,14.86,6341.2,0.705,887.4,Moderate,Fuel B,2.49,57.81,143.87
Vessel C,4000,11.82,3141.0,0.785,458.3,Calm,Green Fuel,1.62,28.06,45.35
Vessel B,7000,8.83,5275.5,0.754,1946.6,Calm,Green Fuel,9.18,13.23,121.46
Vessel D,9000,21.95,2773.6,0.308,705.4,Moderate,Fuel A,1.34,172.92,231.54
Vessel D,9000,18.22,5916.9,0.657,3967.8,Moderate,Fuel A,9.07,107.36,974.03
Vessel D,9000,18.23,6845.2,0.761,2456.4,Moderate,Fuel A,5.61,109.26,613.34
Vessel C,4000,11.41,2898.9,0.725,2367.1,Calm,Green Fuel,8.64,23.97,207.13
Vessel D,9000,11.56,5205.8,0.578,1192.4,Calm,Green Fuel,4.3,25.78,110.77
Vessel A,5000,18.43,2649.6,0.53,2055.1,Calm,Fuel A,4.65,82.34,382.62
Vessel A,5000,8.85,3776.1,0.755,224.6,Calm,Fuel B,1.06,9.87,10.43
Vessel B,7000,20.71,2758.4,0.394,2422.3,Calm,Green Fuel,4.87,124.27,605.56
Vessel B,7000,18.0,3425.2,0.489,3607.0,Calm,Green Fuel,8.35,90.94,759.21
Vessel D,9000,11.86,5360.6,0.596,3584.5,Calm,Fuel B,12.6,27.97,352.31
Vessel C,4000,16.56,1746.4,0.437,887.0,Calm,Fuel B,2.23,54.13,120.78
Vessel B,7000,10.54,5827.9,0.833,2309.5,Calm,Fuel A,9.13,18.11,165.4
Vessel D,9000,19.64,3076.8,0.342,2168.7,Moderate,Fuel B,4.6,125.01,575.12
Vessel D,9000,16.11,1905.2,0.212,252.7,Calm,Green Fuel,0.65,62.99,41.18
Vessel A,5000,12.11,2064.0,0.413,3567.5,Calm,Fuel A,12.27,23.93,293.7
Vessel C,4000,17.28,3384.7,0.846,3740.6,Rough,Fuel A,9.02,105.46,951.43
Vessel D,9000,12.48,2211.2,0.246,1038.5,Calm,Green Fuel,3.47,27.14,94.14
Vessel A,5000,8.34,1837.8,0.368,1108.5,Moderate,Fuel A,5.53,8.23,45.55
Vessel B,7000,17.53,6617.5,0.945,518.2,Moderate,Green Fuel,1.23,123.47,152.1
Vessel A,5000,12.25,4127.6,0.826,777.2,Moderate,Fuel A,2.64,31.22,82.56
Vessel A,5000,17.4,3917.2,0.783,2959.2,Moderate,Fuel B,7.08,86.42,612.24
Vessel C,4000,12.37,2167.9,0.542,1082.5,Moderate,Fuel A,3.65,24.23,88.34
Vessel C,4000,20.9,3398.6,0.85,3054.9,Rough,Green Fuel,6.09,190.54,1160.36
Vessel C,4000,18.71,1258.1,0.315,297.2,Moderate,Green Fuel,0.66,89.37,59.14
Vessel B,7000,9.53,2791.8,0.399,3526.9,Calm,Green Fuel,15.43,12.9,198.93
Vessel C,4000,20.97,3588.2,0.897,3664.9,Moderate,Fuel A,7.28,152.47,1110.48
Vessel B,7000,17.04,4259.2,0.608,442.0,Calm,Fuel B,1.08,72.35,78.2
Vessel C,4000,20.06,1239.4,0.31,2794.1,Rough,Fuel A,5.8,114.93,667.01
Vessel B,7000,20.02,2137.4,0.305,511.5,Moderate,Green Fuel,1.06,128.97,137.3
Vessel B,7000,11.53,6289.0,0.898,2926.4,Calm,Green Fuel,10.57,31.86,336.86
Vessel D,9000,10.72,7708.0,0.856,918.9,Moderate,Fuel A,3.57,24.94,89.07
Vessel D,9000,16.09,4016.7,0.446,3928.7,Moderate,Fuel A,10.17,64.85,659.81
Vessel D,9000,17.76,4413.5,0.49,2525.6,Rough,Green Fuel,5.93,105.17,623.24
Vessel B,7000,20.41,1664.3,0.238,3477.5,Rough,Green Fuel,7.1,156.09,1108.19
Vessel B,7000,21.19,3070.3,0.439,729.2,Moderate,Fuel A,1.43,136.09,195.13
Vessel B,7000,20.76,2640.5,0.377,1557.3,Calm,Green Fuel,3.13,133.05,415.84
Vessel B,7000,14.48,1586.3,0.227,725.8,Calm,Fuel A,2.09,31.85,66.55
Vessel D,9000,13.55,5212.8,0.579,2462.4,Moderate,Fuel A,7.57,39.57,299.49
Vessel A,5000,19.45,4580.2,0.916,722.0,Rough,Fuel A,1.55,142.15,219.9
Vessel D,9000,11.59,7215.2,0.802,3036.2,Moderate,Fuel B,10.91,31.46,343.29
Vessel A,5000,20.89,2380.1,0.476,1791.0,Calm,Fuel A,3.57,115.78,413.61
Vessel A,5000,9.48,3215.3,0.643,3020.7,Moderate,Fuel B,13.28,13.21,175.46
Vessel A,5000,11.25,3822.3,0.764,1525.6,Calm,Fuel A,5.65,21.37,120.77
Vessel C,4000,18.42,3075.2,0.769,335.2,Calm,Green Fuel,0.76,98.32,74.57
Vessel B,7000,14.33,5538.9,0.791,2133.8,Moderate,Fuel A,6.2,52.95,328.51
Vessel C,4000,18.82,2949.1,0.737,1950.8,Calm,Fuel B,4.32,91.66,395.76
Vessel B,7000,15.87,2964.9,0.424,1714.8,Moderate,Fuel B,4.5,59.7,268.71
Vessel B,7000,9.36,5355.7,0.765,1438.3,Calm,Green Fuel,6.4,13.71,87.78
Vessel B,7000,15.78,3031.6,0.433,1866.9,Moderate,Fuel B,4.93,58.48,288.32
Vessel C,4000,20.67,2377.5,0.594,3392.0,Calm,Fuel B,6.84,121.2,828.56
Vessel B,7000,12.17,3194.2,0.456,3680.1,Calm,Fuel B,12.6,22.98,289.45
Vessel C,4000,16.89,1196.3,0.299,3091.4,Calm,Green Fuel,7.63,64.29,490.33
Vessel D,9000,10.36,7948.4,0.883,3378.4,Calm,Fuel A,13.58,20.53,278.82
Vessel D,9000,20.73,7701.3,0.856,1279.9,Rough,Fuel A,2.57,204.48,526.07
Vessel D,9000,18.56,5007.3,0.556,836.8,Moderate,Fuel B,1.88,98.47,184.94
Vessel A,5000,14.26,4319.3,0.864,2653.0,Moderate,Fuel A,7.75,51.96,402.77
Vessel B,7000,19.1,2634.8,0.376,1241.2,Calm,Green Fuel,2.71,94.58,256.03
Vessel C,4000,11.65,3902.8,0.976,3441.1,Moderate,Fuel A,12.3,28.39,349.3
Vessel B,7000,18.69,2008.6,0.287,2015.4,Rough,Green Fuel,4.49,113.86,511.6
Vessel A,5000,12.8,3510.7,0.702,1911.1,Calm,Fuel B,6.22,33.1,205.97
Vessel B,7000,16.76,5926.3,0.847,2335.1,Calm,Fuel A,5.81,81.91,475.6
Vessel D,9000,16.9,4362.9,0.485,2817.5,Calm,Fuel B,6.95,64.05,444.95
Vessel A,5000,10.75,1949.9,0.39,2199.1,Calm,Fuel A,8.52,15.72,133.95
Vessel B,7000,19.54,2542.9,0.363,1995.6,Moderate,Fuel B,4.26,107.43,457.25
Vessel A,5000,12.8,3735.5,0.747,2388.0,Calm,Green Fuel,7.77,30.05,233.55
Vessel C,4000,8.78,2751.4,0.688,968.2,Calm,Fuel B,4.59,8.29,38.11
Vessel A,5000,9.26,4643.3,0.929,1133.1,Calm,Fuel A,5.1,13.3,67.85
Vessel D,9000,12.31,8467.6,0.941,982.0,Calm,Fuel B,3.32,35.28,117.29
Vessel C,4000,11.95,1059.1,0.265,831.7,Rough,Fuel B,2.9,25.77,74.71
Vessel A,5000,16.39,1805.1,0.361,1487.5,Rough,Fuel A,3.78,74.62,282.16
Vessel A,5000,12.4,2996.8,0.599,3026.8,Calm,Green Fuel,10.17,29.8,303.19
Vessel D,9000,14.82,6778.2,0.753,1890.4,Calm,Fuel A,5.31,49.43,262.68
Vessel B,7000,15.75,3075.7,0.439,2955.4,Moderate,Green Fuel,7.82,64.95,507.85
Vessel A,5000,19.88,2453.0,0.491,2485.3,Moderate,Fuel A,5.21,118.28,616.13
Vessel D,9000,19.83,4644.4,0.516,437.5,Calm,Fuel B,0.92,102.26,94.01
Vessel D,9000,14.3,7192.5,0.799,3047.6,Calm,Green Fuel,8.88,52.71,467.87
Vessel C,4000,14.79,886.0,0.221,3875.6,Calm,Green Fuel,10.92,37.62,410.85
Vessel A,5000,13.54,3452.6,0.691,3612.2,Rough,Fuel A,11.12,53.44,593.95
Vessel D,9000,17.53,6600.5,0.733,283.9,Moderate,Fuel B,0.67,101.28,68.35
Vessel C,4000,11.39,2922.6,0.731,781.9,Rough,Fuel B,2.86,27.74,79.32
Vessel D,9000,17.81,7960.0,0.884,1498.2,Moderate,Green Fuel,3.5,139.83,490.07
Vessel A,5000,15.22,2989.0,0.598,1445.8,Calm,Fuel B,3.96,48.98,193.88
Vessel C,4000,10.68,2577.6,0.644,3435.3,Moderate,Green Fuel,13.4,21.5,288.03
Vessel A,5000,18.88,4390.2,0.878,828.9,Calm,Green Fuel,1.83,121.81,222.88
Vessel C,4000,9.97,1716.7,0.429,3378.8,Moderate,Fuel A,14.12,14.52,205.04
Vessel B,7000,20.01,5134.8,0.734,1207.3,Moderate,Fuel B,2.51,131.7,331.06
Vessel C,4000,11.62,969.0,0.242,3209.2,Moderate,Fuel A,11.5,19.06,219.24
Vessel C,4000,15.45,2606.1,0.652,2888.2,Moderate,Fuel A,7.79,57.17,445.2
Vessel B,7000,18.19,6566.6,0.938,898.4,Moderate,Fuel B,2.06,117.88,242.62
Vessel A,5000,17.33,3493.5,0.699,1750.0,Moderate,Fuel A,4.21,81.57,343.13
Vessel D,9000,10.77,7597.3,0.844,1665.1,Calm,Fuel A,6.44,22.25,143.36
Vessel A,5000,17.22,2750.9,0.55,720.0,Calm,Fuel A,1.74,63.27,110.25
Vessel B,7000,18.32,1605.6,0.229,3698.0,Moderate,Fuel B,8.41,75.7,636.69
Vessel B,7000,8.7,4891.7,0.699,524.5,Calm,Green Fuel,2.51,11.56,29.05
Vessel A,5000,11.94,2830.3,0.566,484.6,Moderate,Fuel B,1.69,25.82,43.66
Vessel A,5000,14.4,4382.7,0.877,2118.7,Calm,Fuel B,6.13,43.97,269.64
Vessel B,7000,13.63,3779.7,0.54,371.6,Calm,Green Fuel,1.14,41.3,46.9
Vessel D,9000,21.21,3606.4,0.401,351.7,Calm,Fuel A,0.69,154.94,107.04
Vessel B,7000,17.15,3361.1,0.48,1593.8,Moderate,Fuel B,3.87,70.01,271.06
Vessel B,7000,13.66,6962.3,0.995,3487.3,Rough,Fuel B,10.64,65.67,698.61
Vessel D,9000,19.87,6733.3,0.748,3079.6,Calm,Fuel B,6.46,139.16,898.48
Vessel B,7000,10.38,1935.6,0.277,2045.4,Moderate,Fuel A,8.21,15.57,127.88
Vessel B,7000,8.89,3177.4,0.454,589.0,Calm,Green Fuel,2.76,11.28,31.12
Vessel C,4000,9.39,851.3,0.213,3470.5,Rough,Fuel A,15.39,12.05,185.45
Vessel D,9000,9.77,5988.4,0.665,3543.4,Moderate,Green Fuel,15.12,18.55,280.42
Vessel A,5000,10.69,3876.9,0.775,1376.8,Calm,Fuel B,5.37,19.04,102.18
Vessel C,4000,16.76,1295.5,0.324,2844.0,Calm,Green Fuel,7.07,61.8,437.01
Vessel A,5000,8.56,2304.7,0.461,1882.8,Moderate,Fuel A,9.16,8.78,80.41
Vessel C,4000,10.85,3261.0,0.815,279.8,Moderate,Green Fuel,1.07,23.53,25.28
Vessel A,5000,8.12,2528.5,0.506,529.5,Calm,Fuel A,2.72,7.49,20.35
Vessel B,7000,16.7,2076.2,0.297,3055.4,Rough,Fuel B,7.62,75.35,574.49
Vessel B,7000,14.83,5953.2,0.85,1247.2,Calm,Fuel B,3.5,58.58,205.2
Vessel D,9000,20.93,8982.1,0.998,3006.5,Calm,Green Fuel,5.98,185.92,1112.7
Vessel A,5000,13.59,1969.0,0.394,3935.2,Calm,Fuel B,12.07,32.71,394.76
Vessel A,5000,13.67,1956.1,0.391,3504.2,Moderate,Fuel A,10.68,36.93,394.43
Vessel B,7000,18.37,4438.4,0.634,3073.5,Moderate,Fuel B,6.97,112.16,781.79
Vessel A,5000,11.4,2166.8,0.433,1299.1,Rough,Fuel A,4.75,22.53,107.01
Vessel A,5000,10.35,2419.2,0.484,3489.2,Calm,Green Fuel,14.04,17.75,249.25
Vessel B,7000,16.37,5122.5,0.732,1272.8,Moderate,Fuel A,3.24,82.49,267.25
Vessel D,9000,15.06,1852.9,0.206,3230.1,Moderate,Green Fuel,8.93,57.77,516.12
Vessel D,9000,13.89,5414.0,0.602,2411.9,Rough,Fuel B,7.23,55.38,400.66
Vessel C,4000,18.04,2219.4,0.555,1667.0,Rough,Fuel B,3.85,91.94,353.93
Vessel C,4000,8.43,3126.0,0.782,3340.6,Rough,Fuel B,16.52,11.04,182.42
Vessel A,5000,8.87,4290.8,0.858,1305.3,Calm,Fuel A,6.13,11.94,73.23
Vessel B,7000,16.61,2383.8,0.341,1992.2,Moderate,Green Fuel,5.0,71.95,359.52
Vessel C,4000,8.13,1041.0,0.26,1503.5,Calm,Fuel B,7.7,5.59,43.08
Vessel A,5000,8.73,2800.9,0.56,3938.1,Calm,Green Fuel,18.79,10.24,192.36
Vessel C,4000,15.3,1198.9,0.3,900.3,Rough,Fuel B,2.45,48.89,119.87
Vessel C,4000,13.8,3794.6,0.949,3177.3,Moderate,Green Fuel,9.59,51.27,491.83
Vessel A,5000,9.57,3438.0,0.688,2235.1,Moderate,Green Fuel,9.73,13.41,130.49
Vessel B,7000,20.72,5797.1,0.828,417.5,Moderate,Green Fuel,0.84,178.91,150.18
Vessel B,7000,15.13,3935.8,0.562,742.7,Calm,Fuel A,2.05,46.25,94.62
Vessel A,5000,19.53,3836.0,0.767,2398.5,Moderate,Fuel B,5.12,126.71,648.37
Vessel A,5000,14.27,3920.0,0.784,1183.4,Calm,Fuel A,3.46,43.26,149.52
Vessel A,5000,14.61,3851.5,0.77,2369.2,Calm,Fuel A,6.76,47.09,318.13
Vessel C,4000,19.12,2800.7,0.7,2366.7,Rough,Green Fuel,5.16,145.62,751.11
Vessel A,5000,8.2,2030.5,0.406,2986.0,Moderate,Green Fuel,15.18,8.47,128.53
Vessel C,4000,20.14,3858.7,0.965,1741.5,Calm,Green Fuel,3.6,142.11,511.98
Vessel D,9000,8.83,3756.0,0.417,2157.6,Calm,Fuel A,10.19,10.68,108.81
Vessel A,5000,17.35,1533.3,0.307,847.8,Rough,Green Fuel,2.04,80.62,164.12
Vessel D,9000,11.36,2033.2,0.226,2390.7,Calm,Green Fuel,8.77,19.18,168.23
Vessel C,4000,12.73,3057.6,0.764,2117.1,Calm,Fuel A,6.93,29.95,207.5
Vessel B,7000,19.83,1845.8,0.264,729.9,Moderate,Green Fuel,1.53,132.44,203.15
Vessel A,5000,11.42,2800.4,0.56,1613.8,Rough,Fuel B,5.89,25.91,152.6
Vessel C,4000,16.14,3098.1,0.775,3840.9,Calm,Green Fuel,9.92,63.21,626.84
Vessel A,5000,15.2,3760.5,0.752,3578.2,Rough,Fuel A,9.81,68.72,674.23
Vessel C,4000,11.83,3156.7,0.789,1667.9,Calm,Green Fuel,5.88,25.93,152.34
Vessel A,5000,18.46,1191.7,0.238,225.8,Rough,Fuel B,0.51,90.73,46.24
Vessel B,7000,14.23,4628.7,0.661,2788.9,Rough,Green Fuel,8.17,71.47,583.77
Vessel C,4000,19.9,2018.8,0.505,443.6,Moderate,Fuel B,0.93,115.08,106.88
Vessel B,7000,13.54,5248.3,0.75,1949.3,Rough,Fuel A,6.0,55.42,332.54
Vessel C,4000,21.13,2966.9,0.742,956.6,Calm,Fuel A,1.89,143.71,271.08
Vessel D,9000,20.29,2444.9,0.272,3089.2,Moderate,Fuel B,6.34,107.5,682.07
Vessel D,9000,17.86,3365.7,0.374,3910.5,Calm,Fuel B,9.12,72.69,663.26
Vessel D,9000,14.05,2458.7,0.273,1566.8,Moderate,Fuel A,4.65,38.4,178.42
Vessel A,5000,10.56,1929.6,0.386,237.3,Moderate,Fuel B,0.94,14.01,13.12
Vessel C,4000,20.13,2221.4,0.555,1316.9,Calm,Green Fuel,2.73,108.98,297.1
Vessel B,7000,21.77,6494.6,0.928,1055.6,Rough,Fuel A,2.02,258.51,522.18
Vessel D,9000,14.41,4656.9,0.517,207.9,Moderate,Fuel A,0.6,55.83,33.56
Vessel D,9000,12.67,5971.1,0.663,2600.5,Rough,Fuel B,8.55,41.65,356.08
Vessel C,4000,14.29,1748.6,0.437,2115.7,Rough,Green Fuel,6.17,50.77,313.23
Vessel A,5000,8.74,2784.7,0.557,3725.4,Moderate,Green Fuel,17.76,11.37,202.06
Vessel C,4000,16.7,1765.8,0.441,1866.9,Rough,Fuel A,4.66,76.85,358.06
Vessel A,5000,19.68,3309.4,0.662,3265.7,Moderate,Fuel B,6.91,123.58,854.41
Vessel B,7000,9.14,3836.1,0.548,1207.4,Calm,Fuel B,5.5,10.54,58.0
Vessel C,4000,17.68,3344.0,0.836,2423.1,Calm,Fuel B,5.71,94.67,540.51
Vessel A,5000,14.54,1426.8,0.285,690.5,Moderate,Fuel A,1.98,35.96,71.16
Vessel D,9000,16.76,2342.0,0.26,1035.5,Calm,Green Fuel,2.57,71.74,184.63
Vessel C,4000,13.39,3817.5,0.954,1924.9,Moderate,Green Fuel,5.99,45.61,273.19
Vessel D,9000,9.58,7098.6,0.789,848.3,Calm,Fuel A,3.69,14.33,52.91
Vessel D,9000,11.91,8500.8,0.945,484.8,Calm,Fuel B,1.7,26.86,45.56
Vessel A,5000,19.71,4897.8,0.98,548.8,Rough,Green Fuel,1.16,196.22,227.64
Vessel C,4000,9.8,2880.6,0.72,3056.8,Rough,Fuel A,13.0,17.76,230.86
Vessel D,9000,8.56,4408.5,0.49,1945.5,Rough,Fuel A,9.47,12.42,117.65
Vessel D,9000,18.98,8617.5,0.958,3739.6,Calm,Fuel B,8.21,123.05,1010.22
Vessel C,4000,21.62,1952.2,0.488,3304.2,Moderate,Fuel B,6.37,140.67,895.97
Vessel C,4000,11.75,1810.1,0.453,589.6,Calm,Green Fuel,2.09,23.0,48.06
Vessel D,9000,16.37,8061.8,0.896,2077.1,Rough,Green Fuel,5.29,121.73,643.69
Vessel B,7000,11.43,3759.3,0.537,1537.3,Rough,Green Fuel,5.61,32.71,183.4
Vessel A,5000,15.71,1770.0,0.354,2598.0,Calm,Green Fuel,6.89,59.36,409.04
Vessel B,7000,12.79,4460.3,0.637,3061.9,Calm,Fuel B,9.97,32.0,319.13
Vessel B,7000,10.61,2454.1,0.351,3801.6,Calm,Fuel B,14.93,14.28,213.08
Vessel B,7000,8.69,4607.5,0.658,2257.2,Rough,Fuel A,10.83,13.26,143.58
Vessel A,5000,16.35,2096.9,0.419,1189.5,Calm,Green Fuel,3.03,62.56,189.65
Vessel A,5000,17.45,1823.5,0.365,2836.7,Calm,Green Fuel,6.77,74.8,506.58
Vessel B,7000,17.47,6208.2,0.887,2148.8,Rough,Fuel B,5.13,109.97,563.68
Vessel B,7000,16.1,4862.4,0.695,2709.5,Moderate,Fuel B,7.01,66.25,464.5
Vessel B,7000,8.79,5586.1,0.798,272.8,Rough,Fuel A,1.29,14.56,18.84
Vessel A,5000,16.12,1666.0,0.333,1027.4,Moderate,Green Fuel,2.66,60.67,161.14
Vessel D,9000,14.92,8386.8,0.932,3700.3,Calm,Green Fuel,10.33,72.44,748.5
Vessel C,4000,11.26,1301.6,0.325,3364.2,Moderate,Green Fuel,12.45,18.54,230.8
Vessel B,7000,12.33,3908.6,0.558,208.8,Moderate,Fuel B,0.71,26.78,18.9
Vessel A,5000,20.54,1413.9,0.283,2532.0,Moderate,Fuel A,5.14,109.0,559.84
Vessel D,9000,21.56,5060.8,0.562,1346.0,Rough,Fuel A,2.6,200.78,522.39
Vessel B,7000,12.7,4617.7,0.66,3223.2,Moderate,Green Fuel,10.58,36.76,388.73
Vessel D,9000,13.93,5057.0,0.562,570.9,Moderate,Fuel A,1.71,45.78,78.18
Vessel A,5000,13.12,1917.6,0.384,267.1,Calm,Green Fuel,0.85,32.69,27.73
Vessel A,5000,8.55,2822.3,0.564,734.2,Rough,Green Fuel,3.58,11.04,39.53
Vessel B,7000,17.68,5176.0,0.739,1059.9,Rough,Green Fuel,2.5,123.62,308.7
Vessel B,7000,11.41,5871.9,0.839,3457.0,Calm,Green Fuel,12.62,27.63,348.83
Vessel A,5000,14.02,2751.1,0.55,573.7,Calm,Fuel A,1.7,40.56,69.15
Vessel D,9000,21.17,3058.4,0.34,2571.6,Rough,Fuel A,5.06,183.58,929.14
Vessel B,7000,20.77,4945.8,0.707,1399.7,Moderate,Green Fuel,2.81,173.87,488.21
Vessel B,7000,8.39,3501.8,0.5,563.1,Moderate,Fuel A,2.8,9.82,27.44
Vessel D,9000,19.48,8995.3,0.999,2718.9,Calm,Green Fuel,5.82,161.27,938.07
Vessel D,9000,11.32,2404.5,0.267,715.8,Moderate,Fuel A,2.64,20.46,53.94
Vessel B,7000,10.98,5777.7,0.825,535.9,Calm,Fuel A,2.03,21.41,43.51
Vessel B,7000,13.59,3746.0,0.535,832.8,Moderate,Green Fuel,2.55,43.68,111.52
Vessel A,5000,17.21,3909.9,0.782,1362.4,Moderate,Fuel B,3.3,83.43,275.17
Vessel A,5000,14.24,3834.3,0.767,1571.1,Moderate,Green Fuel,4.6,53.76,247.1
Vessel C,4000,13.06,2511.4,0.628,2612.7,Rough,Fuel B,8.33,41.83,348.65
Vessel D,9000,14.05,7534.0,0.837,3291.7,Moderate,Fuel B,9.76,51.0,497.88
Vessel B,7000,13.84,2208.1,0.315,2646.1,Calm,Fuel B,7.96,34.53,275.05
Vessel A,5000,11.31,1846.0,0.369,2123.0,Moderate,Fuel B,7.82,20.64,161.43
Vessel D,9000,17.66,8607.6,0.956,1930.5,Moderate,Green Fuel,4.56,125.07,569.75
Vessel D,9000,10.79,7203.9,0.8,1882.2,Moderate,Fuel A,7.27,23.56,171.17
Vessel C,4000,13.36,1369.2,0.342,2586.5,Calm,Fuel B,8.07,27.39,220.96
Vessel A,5000,16.1,3390.5,0.678,2256.7,Moderate,Fuel A,5.84,67.85,396.41
Vessel A,5000,16.78,2435.0,0.487,1877.7,Rough,Fuel B,4.66,78.03,363.92
Vessel A,5000,15.92,4667.0,0.933,202.8,Rough,Fuel B,0.53,93.56,49.66
Vessel D,9000,10.69,5140.3,0.571,3360.6,Calm,Fuel B,13.1,19.58,256.47
Vessel B,7000,21.33,4385.1,0.626,3614.9,Moderate,Fuel B,7.06,148.66,1049.69
Vessel A,5000,16.72,2787.5,0.557,393.0,Moderate,Green Fuel,0.98,77.17,75.58
Vessel D,9000,13.69,8471.4,0.941,675.9,Moderate,Fuel B,2.06,51.63,106.21
Vessel C,4000,17.33,1713.3,0.428,1833.4,Moderate,Green Fuel,4.41,75.18,331.39
Vessel A,5000,10.45,3592.1,0.718,2022.6,Calm,Fuel B,8.07,15.65,126.23
Vessel A,5000,12.63,1993.1,0.399,2226.6,Rough,Green Fuel,7.34,35.98,264.2
Vessel C,4000,17.59,1478.7,0.37,357.9,Calm,Fuel B,0.85,57.83,49.04
Vessel D,9000,12.78,4237.2,0.471,3460.9,Calm,Fuel B,11.28,29.86,336.84
Vessel D,9000,10.05,2949.6,0.328,319.7,Moderate,Fuel A,1.33,15.69,20.79
Vessel B,7000,13.16,5710.5,0.816,3407.9,Rough,Fuel A,10.79,48.12,519.09
Vessel C,4000,13.69,3269.9,0.817,2754.9,Moderate,Fuel A,8.38,39.13,328.12
Vessel C,4000,19.56,3332.2,0.833,3879.2,Calm,Fuel B,8.26,116.21,960.42
Vessel A,5000,12.05,4809.0,0.962,1632.6,Calm,Fuel A,5.65,29.8,168.24
Vessel D,9000,8.62,2830.0,0.314,254.6,Calm,Fuel A,1.23,8.7,10.7
Vessel B,7000,17.32,6006.9,0.858,3632.1,Calm,Fuel A,8.74,94.5,825.53
Vessel D,9000,17.58,5423.2,0.603,1429.1,Moderate,Fuel B,3.39,97.34,329.67
Vessel C,4000,17.08,1351.6,0.338,518.4,Rough,Fuel A,1.26,79.51,100.58
Vessel B,7000,16.78,2817.9,0.403,2564.8,Rough,Green Fuel,6.37,96.07,611.96
Vessel D,9000,15.03,5075.7,0.564,2743.2,Moderate,Fuel B,7.61,55.47,421.97
Vessel A,5000,19.95,4424.6,0.885,1198.2,Calm,Fuel B,2.5,130.58,326.85
Vessel C,4000,14.27,1126.1,0.282,2567.9,Calm,Fuel B,7.5,32.8,246.04
Vessel D,9000,9.35,3774.0,0.419,3520.0,Calm,Fuel B,15.68,11.12,174.38
Vessel A,5000,13.39,2671.5,0.534,1824.7,Calm,Green Fuel,5.68,36.77,208.76
Vessel C,4000,19.94,2660.2,0.665,3757.4,Calm,Fuel A,7.85,102.84,807.25
Vessel A,5000,13.06,2434.9,0.487,3423.2,Moderate,Fuel B,10.92,25.24,275.67
Vessel C,4000,12.74,977.4,0.244,1466.5,Moderate,Fuel A,4.8,23.06,110.59
Vessel A,5000,18.16,4671.1,0.934,2205.5,Rough,Fuel A,5.06,133.87,677.25
Vessel D,9000,21.29,3996.7,0.444,1899.9,Calm,Fuel A,3.72,142.69,530.56
Vessel A,5000,8.49,2292.6,0.459,1554.9,Moderate,Fuel B,7.63,8.75,66.76
Vessel D,9000,11.89,3127.9,0.348,3086.2,Moderate,Green Fuel,10.81,28.32,306.15
Vessel B,7000,9.07,5118.6,0.731,1287.1,Calm,Fuel B,5.91,11.84,70.0
Vessel A,5000,18.39,1209.1,0.242,2796.6,Rough,Fuel B,6.34,89.71,568.48
Vessel C,4000,12.94,3112.6,0.778,1270.8,Calm,Green Fuel,4.09,34.75,142.24
Vessel D,9000,9.15,3211.1,0.357,2992.1,Rough,Fuel B,13.63,12.22,166.6
Vessel C,4000,20.93,2543.4,0.636,2075.5,Calm,Fuel B,4.13,115.58,477.64
Vessel B,7000,17.41,1691.3,0.242,1656.9,Calm,Green Fuel,3.97,70.37,279.07
Vessel C,4000,19.23,3317.5,0.829,637.6,Moderate,Green Fuel,1.38,141.78,195.85
Vessel A,5000,18.59,3158.6,0.632,2558.1,Calm,Fuel B,5.73,93.79,537.82
Vessel D,9000,13.75,8519.0,0.947,2224.8,Moderate,Fuel B,6.74,54.68,368.74
Vessel D,9000,20.26,7438.8,0.827,304.4,Calm,Fuel B,0.63,146.11,91.45
Vessel B,7000,16.75,6698.6,0.957,391.2,Moderate,Green Fuel,0.97,99.29,96.62
Vessel B,7000,14.91,6569.8,0.939,1614.8,Calm,Green Fuel,4.51,67.09,302.77
Vessel D,9000,8.86,5040.5,0.56,412.5,Calm,Green Fuel,1.94,11.69,22.68
Vessel C,4000,10.23,3633.8,0.908,1460.3,Calm,Fuel A,5.95,16.67,99.09
Vessel C,4000,16.31,1472.4,0.368,283.5,Calm,Fuel B,0.72,50.1,36.29
Vessel C,4000,9.26,1621.9,0.405,3174.4,Calm,Fuel B,14.29,9.39,134.22
Vessel C,4000,8.03,2843.8,0.711,3400.3,Calm,Fuel B,17.64,6.7,118.19
Vessel B,7000,15.3,2871.0,0.41,1182.5,Moderate,Fuel B,3.22,57.17,184.05
Vessel B,7000,12.42,5818.1,0.831,668.6,Moderate,Fuel B,2.24,31.48,70.63
Vessel A,5000,9.47,2071.8,0.414,1618.7,Moderate,Green Fuel,7.12,12.12,86.35
Vessel A,5000,18.93,2446.4,0.489,1593.5,Moderate,Green Fuel,3.51,110.33,387.02
Vessel B,7000,21.38,1794.3,0.256,2398.5,Calm,Fuel A,4.67,114.19,533.73
Vessel D,9000,8.06,5408.4,0.601,3404.0,Calm,Fuel B,17.61,8.84,155.71
Vessel C,4000,13.47,2930.7,0.733,2267.7,Calm,Fuel B,7.01,36.12,253.37
Vessel B,7000,15.0,3724.9,0.532,3230.2,Calm,Fuel A,8.97,47.92,429.87
Vessel C,4000,20.49,1718.9,0.43,1721.3,Calm,Fuel B,3.5,101.08,353.86
Vessel C,4000,8.52,3736.3,0.934,1018.8,Moderate,Fuel B,4.98,10.35,51.55
Vessel B,7000,20.09,3309.3,0.473,1530.0,Rough,Green Fuel,3.17,177.51,563.3
Vessel A,5000,17.3,2811.0,0.562,3145.3,Rough,Green Fuel,7.57,111.57,845.13
Vessel B,7000,10.73,6030.5,0.861,437.3,Moderate,Green Fuel,1.7,28.49,48.39
Vessel D,9000,10.91,5895.5,0.655,2234.8,Rough,Fuel B,8.54,27.08,231.27
Vessel C,4000,13.45,3845.4,0.961,3548.8,Calm,Fuel B,10.99,36.12,396.99
Vessel D,9000,17.41,6855.5,0.762,3175.1,Calm,Fuel B,7.6,85.93,653.01
Vessel A,5000,10.29,3262.4,0.652,2198.6,Moderate,Fuel B,8.9,13.99,124.57
Vessel D,9000,19.88,8198.2,0.911,1223.9,Moderate,Fuel B,2.57,161.75,414.91
Vessel A,5000,15.87,2258.3,0.452,2548.8,Calm,Fuel B,6.69,49.47,331.11
Vessel A,5000,13.04,1306.9,0.261,2740.9,Moderate,Fuel B,8.76,28.99,253.92
Vessel B,7000,8.74,1610.4,0.23,1215.6,Moderate,Fuel B,5.8,8.04,46.58
Vessel A,5000,11.4,3979.0,0.796,1950.7,Calm,Fuel B,7.13,21.02,149.84
Vessel A,5000,17.41,3541.7,0.708,1239.9,Rough,Green Fuel,2.97,107.78,319.87
Vessel C,4000,17.77,1658.4,0.415,2169.2,Rough,Green Fuel,5.09,96.6,491.33
Vessel B,7000,14.25,3906.0,0.558,3791.1,Rough,Fuel B,11.08,53.02,587.49
Vessel C,4000,10.93,3515.1,0.879,1985.3,Rough,Fuel B,7.57,28.76,217.74
Vessel C,4000,16.85,2411.2,0.603,2723.2,Calm,Fuel B,6.73,56.72,381.96
Vessel A,5000,10.7,3425.5,0.685,349.8,Moderate,Fuel A,1.36,20.73,28.24
Vessel D,9000,8.75,2565.0,0.285,305.8,Calm,Green Fuel,1.46,10.15,14.78
Vessel C,4000,20.49,3145.2,0.786,3022.0,Moderate,Fuel B,6.15,137.98,847.98
Vessel B,7000,17.08,5472.7,0.782,3964.4,Moderate,Fuel A,9.67,82.44,797.2
Vessel D,9000,15.86,7913.1,0.879,1873.4,Moderate,Fuel B,4.92,86.27,424.57
Vessel B,7000,20.23,1734.7,0.248,1772.2,Rough,Fuel B,3.65,130.83,477.62
Vessel A,5000,21.17,1191.1,0.238,1705.0,Calm,Green Fuel,3.36,114.92,385.66
Vessel D,9000,18.85,7093.8,0.788,3955.8,Moderate,Fuel B,8.74,117.45,1027.07
Vessel C,4000,9.92,1876.3,0.469,796.2,Moderate,Fuel A,3.34,13.69,45.78
Vessel B,7000,18.29,2812.0,0.402,3143.7,Moderate,Fuel A,7.16,82.7,592.4
Vessel C,4000,17.32,2011.8,0.503,2212.2,Rough,Fuel A,5.32,90.24,480.17
Vessel C,4000,16.71,2179.2,0.545,388.5,Calm,Fuel B,0.97,65.95,63.87
Vessel B,7000,14.02,3193.7,0.456,437.4,Rough,Green Fuel,1.3,52.59,68.35
Vessel D,9000,12.86,3709.6,0.412,3803.2,Moderate,Fuel A,12.32,35.57,438.21
Vessel C,4000,19.36,977.2,0.244,1193.3,Moderate,Green Fuel,2.57,92.09,236.49
Vessel B,7000,21.57,5398.2,0.771,2563.6,Rough,Fuel A,4.95,199.25,986.96
Vessel D,9000,15.39,2713.5,0.301,1567.2,Moderate,Fuel B,4.24,54.0,229.06
Vessel D,9000,14.88,8643.6,0.96,822.0,Calm,Green Fuel,2.3,69.64,160.31
Vessel A,5000,16.45,2195.7,0.439,1677.0,Moderate,Fuel A,4.25,66.56,282.65
Vessel C,4000,8.36,1509.7,0.377,2509.2,Moderate,Fuel B,12.5,7.19,89.93
Vessel C,4000,14.64,831.9,0.208,1289.7,Calm,Green Fuel,3.67,32.06,117.67
Vessel C,4000,17.56,967.5,0.242,3236.5,Moderate,Fuel B,7.68,63.23,485.44
Vessel C,4000,19.97,2817.8,0.704,3926.9,Moderate,Green Fuel,8.2,131.25,1075.61
Vessel C,4000,14.6,3871.3,0.968,3994.5,Moderate,Fuel A,11.4,52.71,600.69
Vessel D,9000,18.3,2376.1,0.264,2307.6,Calm,Fuel A,5.26,84.41,443.59
Vessel A,5000,8.86,3858.2,0.772,3258.9,Moderate,Fuel B,15.33,10.63,162.91
Vessel A,5000,12.71,3076.1,0.615,2324.7,Rough,Fuel A,7.62,35.52,270.7
Vessel D,9000,18.5,4084.5,0.454,232.3,Moderate,Fuel A,0.52,103.92,54.35
Vessel B,7000,8.36,2997.2,0.428,3068.7,Moderate,Fuel B,15.29,8.09,123.66
Vessel C,4000,17.47,1407.8,0.352,2328.4,Rough,Fuel A,5.55,77.24,428.91
Vessel A,5000,12.78,3990.1,0.798,498.3,Moderate,Fuel A,1.63,36.82,59.84
Vessel D,9000,13.27,8464.2,0.94,3779.2,Moderate,Green Fuel,11.87,55.08,653.69
Vessel C,4000,20.23,2405.8,0.601,1988.7,Moderate,Fuel A,4.1,119.11,487.8
Vessel D,9000,17.73,6236.9,0.693,1234.8,Moderate,Green Fuel,2.9,124.79,362.1
Vessel B,7000,8.41,5707.0,0.815,2292.6,Rough,Fuel A,11.36,11.18,127.08
Vessel B,7000,9.81,4406.4,0.629,942.4,Rough,Green Fuel,4.0,23.61,94.52
Vessel C,4000,18.7,1593.0,0.398,2215.6,Calm,Fuel B,4.94,78.61,388.15
Vessel C,4000,15.02,3121.5,0.78,2677.1,Calm,Fuel A,7.42,54.25,402.77
Vessel C,4000,15.57,3418.8,0.855,2832.9,Calm,Fuel B,7.58,60.99,462.31
Vessel C,4000,19.45,2557.8,0.639,2629.6,Rough,Fuel A,5.63,134.31,756.66
Vessel D,9000,14.39,6189.8,0.688,1909.3,Calm,Fuel B,5.53,51.05,282.23
Vessel C,4000,17.76,1089.6,0.272,3614.7,Moderate,Fuel A,8.48,69.61,590.22
Vessel B,7000,10.65,6396.5,0.914,3487.0,Moderate,Green Fuel,13.64,24.59,335.29
Vessel D,9000,16.2,5552.5,0.617,712.9,Calm,Fuel B,1.83,64.92,119.06
Vessel C,4000,15.84,1948.8,0.487,3036.5,Rough,Fuel A,7.99,65.67,524.65
Vessel C,4000,21.06,2062.6,0.516,1513.4,Moderate,Fuel B,2.99,128.98,386.24
Vessel B,7000,20.23,1633.2,0.233,3463.2,Rough,Green Fuel,7.13,133.26,950.73
Vessel B,7000,8.61,2861.8,0.409,3484.7,Rough,Green Fuel,16.87,13.06,220.25
Vessel C,4000,15.24,2494.6,0.624,1536.5,Moderate,Fuel B,4.2,48.29,202.89
Vessel C,4000,19.24,2128.8,0.532,3015.4,Calm,Fuel B,6.53,88.12,575.37
Vessel C,4000,13.02,2752.1,0.688,2370.6,Calm,Fuel A,7.58,29.27,221.97
Vessel A,5000,13.69,4405.0,0.881,1129.3,Moderate,Fuel A,3.44,49.73,170.92
Vessel D,9000,20.65,2509.5,0.279,1029.4,Calm,Fuel B,2.08,116.63,242.3
Vessel C,4000,11.23,1731.8,0.433,3577.6,Moderate,Fuel A,13.27,17.84,236.81
Vessel B,7000,13.99,4738.0,0.677,265.7,Calm,Fuel B,0.79,44.73,35.41
Vessel C,4000,14.43,1515.5,0.379,2340.0,Rough,Fuel A,6.75,46.26,312.5
Vessel A,5000,10.49,4554.1,0.911,3104.2,Moderate,Fuel A,12.33,21.67,267.13
Vessel C,4000,14.68,3982.6,0.996,3972.8,Moderate,Green Fuel,11.28,66.13,745.7
Vessel A,5000,18.15,1456.7,0.291,528.5,Moderate,Green Fuel,1.21,85.95,104.3
Vessel C,4000,14.51,1002.2,0.251,445.1,Moderate,Fuel B,1.28,37.41,47.81
Vessel B,7000,19.1,6472.2,0.925,3548.9,Rough,Fuel A,7.74,156.26,1209.77
Vessel D,9000,19.29,2159.0,0.24,1291.6,Moderate,Green Fuel,2.79,110.74,308.88
Vessel B,7000,8.21,3151.2,0.45,1549.1,Moderate,Green Fuel,7.86,9.7,76.26
Vessel D,9000,11.84,4680.2,0.52,3259.4,Moderate,Fuel B,11.47,21.55,247.13
Vessel D,9000,15.9,4754.1,0.528,604.9,Calm,Fuel A,1.59,58.13,92.15
Vessel D,9000,21.46,4052.5,0.45,575.0,Calm,Fuel A,1.12,153.94,171.84
Vessel B,7000,9.55,2628.6,0.376,3195.9,Moderate,Green Fuel,13.95,14.26,198.93
Vessel B,7000,18.84,1691.6,0.242,2133.0,Calm,Fuel A,4.72,87.45,412.64
Vessel A,5000,11.3,4730.0,0.946,3275.8,Rough,Fuel A,12.08,33.09,399.76
Vessel B,7000,19.36,2504.6,0.358,1739.0,Calm,Fuel A,3.74,99.91,374.01
Vessel D,9000,19.94,4590.9,0.51,3635.6,Calm,Fuel B,7.6,115.08,874.24
Vessel C,4000,17.39,1724.3,0.431,834.4,Moderate,Fuel B,2.0,63.22,126.41
Vessel B,7000,18.43,4280.9,0.612,1781.9,Calm,Green Fuel,4.03,118.72,478.16
Vessel B,7000,19.97,3818.7,0.546,3168.9,Calm,Green Fuel,6.61,120.04,793.61
Vessel A,5000,9.5,3032.7,0.607,3656.4,Moderate,Fuel A,16.03,12.84,205.85
Vessel B,7000,20.22,5961.6,0.852,2917.5,Calm,Green Fuel,6.01,158.57,953.35
Vessel A,5000,10.52,3312.3,0.662,1824.5,Rough,Green Fuel,7.23,23.14,167.3
Vessel B,7000,19.98,3834.2,0.548,3121.3,Calm,Fuel B,6.51,122.24,795.59
Vessel D,9000,8.42,1870.4,0.208,3446.9,Calm,Green Fuel,17.06,9.36,159.67
Vessel A,5000,20.61,4720.0,0.944,2036.9,Calm,Fuel B,4.12,139.63,574.97
Vessel C,4000,19.29,811.7,0.203,2030.0,Calm,Fuel B,4.38,75.42,330.64
Vessel D,9000,17.01,3690.1,0.41,1241.5,Calm,Fuel A,3.04,72.85,221.57
Vessel B,7000,19.92,4105.2,0.586,421.2,Moderate,Fuel A,0.88,132.98,117.16
Vessel B,7000,10.42,3524.4,0.503,1765.4,Rough,Fuel B,7.06,21.45,151.41
Vessel D,9000,20.12,3039.6,0.338,350.3,Rough,Green Fuel,0.73,179.49,130.19
Vessel A,5000,18.11,4447.5,0.89,1823.0,Moderate,Green Fuel,4.19,109.5,459.34
Vessel C,4000,8.75,2226.2,0.557,1654.4,Calm,Fuel A,7.88,8.2,64.63
Vessel A,5000,20.14,3692.0,0.738,3100.5,Calm,Fuel A,6.41,131.07,840.74
Vessel B,7000,10.06,5381.0,0.769,1123.2,Rough,Fuel B,4.65,22.78,105.98
Vessel B,7000,15.57,5192.9,0.742,2134.0,Moderate,Green Fuel,5.71,74.55,425.69
Vessel B,7000,13.6,6740.7,0.963,1803.0,Moderate,Green Fuel,5.53,57.53,317.85
Vessel A,5000,17.25,2883.3,0.577,2392.8,Calm,Fuel B,5.78,70.08,405.12
Vessel B,7000,13.79,4461.0,0.637,1640.2,Moderate,Green Fuel,4.96,46.58,230.9
Vessel C,4000,10.72,2517.1,0.629,1437.7,Rough,Fuel B,5.59,20.59,115.09
Vessel A,5000,12.24,2717.8,0.544,318.1,Moderate,Fuel B,1.08,26.38,28.55
Vessel B,7000,20.55,3665.1,0.524,1513.4,Moderate,Fuel B,3.07,133.8,410.61
Vessel C,4000,11.31,2916.3,0.729,3113.7,Calm,Fuel A,11.47,18.89,216.77
Vessel C,4000,19.7,1124.1,0.281,1151.8,Moderate,Fuel A,2.44,83.63,203.71
Vessel B,7000,10.33,4797.3,0.685,3489.5,Moderate,Green Fuel,14.07,21.05,296.08
Vessel C,4000,20.52,1530.1,0.383,3846.5,Moderate,Fuel B,7.81,106.79,834.16
Vessel A,5000,17.81,2607.3,0.521,2544.2,Calm,Fuel B,5.95,70.8,421.49
Vessel B,7000,16.21,3896.1,0.557,3987.9,Rough,Fuel B,10.25,84.2,862.87
Vessel D,9000,15.53,6578.1,0.731,2121.9,Moderate,Fuel A,5.69,72.51,412.84
Vessel D,9000,8.28,3277.3,0.364,2203.6,Moderate,Fuel A,11.08,8.55,94.76
Vessel C,4000,14.55,1672.9,0.418,1929.5,Moderate,Fuel A,5.53,35.25,194.78
Vessel A,5000,21.21,3080.9,0.616,2608.4,Moderate,Fuel B,5.13,155.35,796.18
Vessel C,4000,16.41,909.8,0.227,3713.1,Moderate,Green Fuel,9.43,55.28,521.04
Vessel C,4000,16.72,1038.2,0.26,421.4,Moderate,Fuel A,1.05,55.46,58.24
Vessel C,4000,16.92,2581.5,0.645,1179.7,Moderate,Green Fuel,2.9,74.85,217.41
Vessel B,7000,17.07,1502.8,0.215,1275.4,Moderate,Green Fuel,3.11,62.19,193.57
Vessel B,7000,9.2,1909.2,0.273,683.0,Rough,Fuel A,3.09,13.59,42.04
Vessel B,7000,19.74,5063.7,0.723,234.8,Calm,Fuel B,0.5,107.98,53.53
Vessel A,5000,21.98,4984.7,0.997,454.6,Calm,Green Fuel,0.86,196.78,169.6
Vessel B,7000,10.97,1988.5,0.284,2165.0,Moderate,Fuel A,8.22,19.32,158.91
Vessel D,9000,12.35,4153.6,0.462,2373.2,Calm,Fuel A,8.0,29.85,238.9
Vessel B,7000,9.15,5687.7,0.813,1433.1,Calm,Fuel A,6.52,13.04,85.09
Vessel C,4000,18.53,3717.1,0.929,816.3,Moderate,Fuel B,1.84,117.14,214.97
Vessel A,5000,10.76,4936.5,0.987,3794.0,Moderate,Fuel B,14.69,22.6,331.93
Vessel A,5000,14.6,3286.5,0.657,2935.8,Calm,Fuel A,8.38,42.93,359.58
Vessel A,5000,9.08,2224.8,0.445,1266.0,Moderate,Green Fuel,5.81,12.17,70.71
Vessel B,7000,11.78,6007.5,0.858,2977.5,Moderate,Green Fuel,10.53,36.47,383.96
Vessel B,7000,13.75,4923.6,0.703,2521.9,Moderate,Fuel A,7.64,43.54,332.62
Vessel A,5000,20.04,2833.0,0.567,2035.5,Calm,Fuel A,4.23,108.9,460.95
Vessel C,4000,12.99,1123.0,0.281,3127.7,Rough,Fuel B,10.03,32.0,321.08
Vessel D,9000,13.57,4137.9,0.46,3164.3,Rough,Fuel A,9.72,46.79,454.66
Vessel C,4000,14.6,1362.5,0.341,2499.3,Calm,Fuel B,7.13,35.61,253.97
Vessel C,4000,9.58,3223.8,0.806,3569.1,Moderate,Green Fuel,15.52,14.89,231.05
Vessel C,4000,21.05,3831.4,0.958,3525.0,Calm,Fuel B,6.98,136.44,951.82
Vessel B,7000,9.58,6630.3,0.947,1866.7,Calm,Green Fuel,8.12,16.94,137.59
Vessel C,4000,14.39,1346.5,0.337,760.3,Calm,Fuel B,2.2,35.49,78.15
Vessel D,9000,9.45,2573.4,0.286,3666.6,Calm,Green Fuel,16.17,12.09,195.45
Vessel B,7000,11.57,6207.4,0.887,3800.2,Moderate,Fuel A,13.68,28.68,392.43
Vessel B,7000,15.86,1809.6,0.259,2266.7,Moderate,Fuel B,5.95,51.57,307.06
Vessel C,4000,17.74,1326.7,0.332,3313.8,Moderate,Fuel B,7.78,58.88,458.21
Vessel D,9000,8.31,6119.2,0.68,378.8,Moderate,Fuel A,1.9,11.24,21.34
Vessel B,7000,10.37,3205.7,0.458,1208.1,Moderate,Green Fuel,4.86,19.37,94.05
Vessel B,7000,16.8,3611.7,0.516,3935.5,Calm,Green Fuel,9.76,79.82,779.21
Vessel B,7000,8.01,5913.0,0.845,384.5,Calm,Green Fuel,2.0,9.38,18.76
Vessel D,9000,14.79,4356.0,0.484,760.3,Calm,Fuel B,2.14,45.07,96.54
Vessel A,5000,18.62,3424.1,0.685,597.3,Moderate,Fuel B,1.34,113.03,151.11
Vessel D,9000,16.72,3296.3,0.366,3725.2,Moderate,Fuel A,9.29,72.9,676.88
Vessel D,9000,18.11,2361.6,0.262,2642.6,Calm,Fuel A,6.08,80.99,492.33
Vessel B,7000,21.7,2287.7,0.327,3871.7,Moderate,Fuel A,7.44,149.79,1113.76
Vessel B,7000,11.85,6371.4,0.91,3365.4,Calm,Fuel B,11.84,30.61,362.38
Vessel A,5000,14.72,2609.6,0.522,2201.1,Calm,Fuel B,6.23,39.08,243.48
Vessel B,7000,17.36,6846.7,0.978,1882.4,Moderate,Fuel B,4.52,93.91,424.29
Vessel D,9000,20.15,3474.5,0.386,989.8,Moderate,Fuel A,2.05,133.19,272.65
Vessel A,5000,18.33,1756.6,0.351,915.9,Moderate,Fuel A,2.08,86.24,179.51
Vessel C,4000,15.26,1927.4,0.482,3703.6,Calm,Green Fuel,10.11,48.26,488.02
Vessel B,7000,17.71,4140.2,0.591,667.1,Moderate,Fuel B,1.57,83.58,131.15
Vessel B,7000,14.59,5357.2,0.765,2653.9,Rough,Fuel A,7.58,63.62,482.15
Vessel B,7000,10.76,6302.0,0.9,2688.1,Moderate,Fuel A,10.41,25.06,260.84
Vessel C,4000,19.89,2336.4,0.584,3451.4,Calm,Fuel A,7.23,96.88,700.28
Vessel C,4000,17.44,2826.5,0.707,1333.7,Calm,Fuel B,3.19,71.93,229.2
Vessel A,5000,9.1,3109.2,0.622,2797.1,Moderate,Green Fuel,12.8,13.02,166.77
Vessel B,7000,21.82,4542.4,0.649,1275.0,Moderate,Green Fuel,2.43,219.96,535.54
Vessel B,7000,21.66,3003.1,0.429,293.8,Moderate,Green Fuel,0.57,171.23,96.78
Vessel D,9000,18.34,7650.8,0.85,2806.9,Calm,Fuel B,6.38,118.8,757.36
Vessel A,5000,12.22,3503.9,0.701,1737.2,Calm,Fuel B,5.92,24.26,143.7
Vessel D,9000,14.94,4195.7,0.466,1811.9,Calm,Green Fuel,5.05,52.86,267.11
Vessel C,4000,12.98,2451.6,0.613,3483.0,Calm,Fuel B,11.18,26.59,297.31
Vessel D,9000,18.0,3212.9,0.357,2681.9,Moderate,Fuel B,6.21,84.15,522.48
Vessel D,9000,14.57,4447.5,0.494,409.4,Calm,Green Fuel,1.17,52.71,61.72
Vessel A,5000,14.44,1773.8,0.355,3607.6,Calm,Fuel A,10.41,37.96,395.17
Vessel A,5000,20.05,1021.8,0.204,2629.2,Calm,Fuel A,5.46,81.28,444.05
Vessel C,4000,19.79,3233.9,0.808,641.8,Calm,Fuel A,1.35,122.29,165.23
Vessel A,5000,20.5,2834.6,0.567,3511.1,Moderate,Green Fuel,7.14,132.1,942.88
Vessel C,4000,21.95,3505.8,0.876,1599.5,Moderate,Green Fuel,3.04,189.49,575.39
Vessel D,9000,15.8,8053.0,0.895,2533.8,Rough,Green Fuel,6.68,113.6,758.87
Vessel B,7000,12.32,1512.3,0.216,2089.2,Moderate,Fuel A,7.07,23.9,168.93
Vessel B,7000,9.96,4447.4,0.635,1503.3,Calm,Green Fuel,6.29,16.6,104.4
Vessel C,4000,18.03,1598.8,0.4,3839.8,Rough,Fuel A,8.87,84.52,749.99
Vessel A,5000,19.3,1437.4,0.287,847.0,Calm,Fuel A,1.83,79.21,144.8
Vessel A,5000,9.02,4401.3,0.88,2262.9,Calm,Green Fuel,10.46,12.5,130.74
Vessel B,7000,21.6,2946.9,0.421,3796.2,Moderate,Fuel B,7.32,132.05,966.98
Vessel B,7000,15.86,2441.2,0.349,285.8,Calm,Fuel A,0.75,49.4,37.09
Vessel C,4000,18.77,2362.6,0.591,1109.0,Calm,Fuel B,2.46,84.7,208.46
Vessel C,4000,21.43,3779.5,0.945,2424.4,Moderate,Fuel B,4.71,142.38,671.24
Vessel D,9000,19.84,4878.0,0.542,653.2,Calm,Fuel A,1.37,122.0,167.33
Vessel D,9000,14.89,2063.7,0.229,3356.9,Calm,Fuel B,9.39,37.34,350.72
Vessel A,5000,10.69,1244.9,0.249,3043.9,Moderate,Fuel B,11.87,14.77,175.27
Vessel A,5000,11.54,4318.6,0.864,2376.2,Moderate,Green Fuel,8.58,30.95,265.64
Vessel D,9000,17.27,5147.0,0.572,2767.4,Moderate,Fuel A,6.68,81.95,547.26
Vessel D,9000,19.35,7095.7,0.788,2938.3,Moderate,Green Fuel,6.33,159.01,1006.17
Vessel C,4000,13.5,1894.5,0.474,3318.4,Rough,Fuel A,10.24,39.42,403.84
Vessel D,9000,16.71,6888.4,0.765,1050.4,Calm,Fuel B,2.62,77.83,203.82
Vessel D,9000,18.0,8399.8,0.933,1698.5,Moderate,Green Fuel,3.93,151.45,595.39
Vessel D,9000,11.11,7737.3,0.86,3787.2,Moderate,Fuel B,14.2,27.72,393.73
Vessel A,5000,18.15,4579.0,0.916,3279.7,Calm,Green Fuel,7.53,99.69,750.59
Vessel B,7000,11.94,5140.9,0.734,1387.7,Calm,Fuel A,4.84,26.63,129.01
Vessel C,4000,12.48,2944.8,0.736,1478.5,Calm,Green Fuel,4.94,29.1,143.61
Vessel C,4000,20.43,3489.9,0.872,1418.0,Moderate,Fuel A,2.89,134.1,387.72
Vessel A,5000,20.97,4846.5,0.969,550.6,Calm,Fuel A,1.09,147.49,161.38
Vessel B,7000,17.11,6382.2,0.912,628.2,Moderate,Fuel B,1.53,102.55,156.89
Vessel C,4000,14.84,2730.3,0.683,3383.9,Calm,Green Fuel,9.5,52.34,497.32
Vessel A,5000,12.66,2753.2,0.551,3072.7,Calm,Fuel A,10.11,27.89,282.13
Vessel A,5000,15.2,1800.6,0.36,3160.2,Calm,Fuel B,8.66,44.76,387.69
Vessel A,5000,18.55,3865.3,0.773,794.4,Moderate,Fuel A,1.78,110.14,196.58
Vessel B,7000,8.54,4880.2,0.697,1403.1,Moderate,Fuel A,6.85,10.91,74.71
Vessel A,5000,17.7,4483.9,0.897,863.5,Calm,Fuel A,2.03,90.58,184.15
Vessel C,4000,20.36,2489.0,0.622,3750.2,Moderate,Fuel B,7.67,107.29,823.44
Vessel A,5000,8.75,4750.2,0.95,2311.0,Moderate,Green Fuel,11.01,13.77,151.58
Vessel C,4000,9.31,3257.9,0.814,2559.1,Moderate,Fuel A,11.45,13.57,155.35
Vessel D,9000,20.34,3648.0,0.405,682.0,Moderate,Green Fuel,1.4,162.1,226.52
Vessel C,4000,13.8,3006.5,0.752,3987.4,Calm,Fuel A,12.04,39.2,471.9
Vessel B,7000,17.73,5856.4,0.837,3095.7,Calm,Fuel B,7.28,99.57,724.47
Vessel C,4000,8.22,1094.4,0.274,1100.9,Calm,Green Fuel,5.58,6.31,35.21
Vessel A,5000,10.02,3781.0,0.756,3945.0,Calm,Fuel A,16.4,15.25,250.03
Vessel B,7000,13.7,2393.5,0.342,3727.7,Calm,Fuel A,11.33,33.23,376.63
Vessel A,5000,21.07,3169.5,0.634,203.0,Moderate,Green Fuel,0.4,156.37,62.77
Vessel B,7000,12.78,6297.8,0.9,992.9,Moderate,Fuel B,3.24,38.09,123.28
Vessel D,9000,17.44,2761.0,0.307,1960.9,Rough,Green Fuel,4.69,105.29,493.32
Vessel A,5000,14.23,1185.7,0.237,2717.0,Calm,Fuel B,7.96,32.27,256.79
Vessel A,5000,20.45,3077.6,0.616,1195.7,Moderate,Fuel B,2.44,122.88,299.36
Vessel A,5000,16.44,3237.9,0.648,1687.8,Calm,Fuel A,4.28,67.54,288.98
Vessel A,5000,15.39,4151.7,0.83,2932.3,Rough,Fuel A,7.94,81.53,647.26
Vessel B,7000,14.58,6204.3,0.886,1470.0,Calm,Fuel A,4.2,54.4,228.54
Vessel A,5000,21.06,3529.9,0.706,3790.1,Calm,Green Fuel,7.5,152.58,1144.31
Vessel B,7000,13.59,6173.6,0.882,2409.4,Moderate,Fuel A,7.38,44.25,326.8
Vessel D,9000,16.45,8524.4,0.947,3452.1,Calm,Fuel B,8.74,84.18,736.02
Vessel A,5000,11.27,2053.9,0.411,3948.1,Calm,Fuel A,14.6,17.21,251.26
Vessel A,5000,21.87,1990.5,0.398,279.5,Moderate,Green Fuel,0.53,155.29,82.68
Vessel A,5000,13.81,3460.4,0.692,1073.7,Moderate,Fuel A,3.24,38.59,125.0
Vessel A,5000,17.15,1281.5,0.256,1648.4,Moderate,Fuel B,4.01,61.88,247.89
Vessel C,4000,18.01,2581.5,0.645,900.0,Rough,Green Fuel,2.08,100.35,208.92
Vessel D,9000,10.81,4777.0,0.531,2207.3,Calm,Fuel B,8.51,17.63,150.05
Vessel C,4000,14.38,2738.2,0.685,1990.1,Moderate,Fuel A,5.77,41.37,238.59
Vessel A,5000,8.94,2858.8,0.572,3492.4,Rough,Green Fuel,16.27,13.86,225.62
Vessel B,7000,9.66,1476.4,0.211,1150.3,Calm,Fuel A,4.96,10.76,53.4
Vessel A,5000,13.9,2642.1,0.528,3551.2,Calm,Fuel A,10.65,38.87,413.9
Vessel C,4000,8.77,1434.0,0.359,1402.2,Calm,Fuel A,6.66,7.14,47.54
Vessel C,4000,16.4,3284.8,0.821,2521.3,Moderate,Green Fuel,6.41,72.69,465.76
Vessel C,4000,15.61,2892.1,0.723,370.1,Calm,Fuel A,0.99,53.32,52.68
Vessel A,5000,15.18,3256.8,0.651,998.2,Moderate,Green Fuel,2.74,58.84,161.26
Vessel C,4000,21.23,2341.8,0.585,2113.6,Moderate,Fuel A,4.15,136.07,564.46
Vessel B,7000,14.76,6420.4,0.917,1778.7,Rough,Green Fuel,5.02,89.59,449.78
Vessel C,4000,16.08,1507.7,0.377,2018.9,Calm,Fuel A,5.23,47.82,250.21
Vessel D,9000,19.14,4642.4,0.516,2742.9,Moderate,Green Fuel,5.97,129.56,773.43
Vessel C,4000,15.52,957.8,0.239,2786.2,Calm,Fuel A,7.48,43.76,327.2
Vessel D,9000,21.61,2070.4,0.23,1190.5,Calm,Fuel A,2.3,121.37,278.63
Vessel A,5000,9.48,3514.2,0.703,2967.1,Calm,Fuel B,13.04,12.2,159.09
Vessel C,4000,15.14,2672.8,0.668,2340.4,Calm,Green Fuel,6.44,50.51,325.42
Vessel B,7000,20.62,2318.0,0.331,2574.8,Calm,Fuel A,5.2,114.95,598.12
Vessel A,5000,12.84,1685.6,0.337,417.1,Calm,Green Fuel,1.35,28.18,38.14
Vessel C,4000,19.57,3724.0,0.931,771.2,Rough,Green Fuel,1.64,161.12,264.54
Vessel D,9000,20.57,2725.3,0.303,324.6,Calm,Fuel B,0.66,111.3,73.19
Vessel B,7000,21.1,2710.4,0.387,814.2,Calm,Fuel A,1.61,125.95,202.49
Vessel A,5000,12.93,2643.2,0.529,2894.9,Calm,Fuel A,9.33,30.7,286.47
Vessel C,4000,16.62,3212.1,0.803,1427.7,Moderate,Fuel B,3.58,69.91,250.26
Vessel D,9000,19.74,6514.4,0.724,1396.4,Calm,Green Fuel,2.95,153.03,451.03
Vessel A,5000,21.46,3509.6,0.702,3652.1,Calm,Green Fuel,7.09,163.83,1161.9
Vessel B,7000,12.83,6949.9,0.993,1582.2,Calm,Green Fuel,5.14,41.4,212.64
Vessel D,9000,19.5,2464.9,0.274,3389.8,Moderate,Fuel B,7.24,118.25,856.73
Vessel C,4000,15.31,2084.9,0.521,2547.4,Calm,Fuel B,6.93,41.83,289.97
Vessel B,7000,18.12,2554.7,0.365,1759.9,Calm,Fuel B,4.05,73.89,299.01
Vessel A,5000,8.15,4106.2,0.821,1543.2,Rough,Green Fuel,7.89,11.27,88.95
Vessel B,7000,13.29,5845.8,0.835,576.1,Rough,Fuel A,1.81,55.06,99.4
Vessel B,7000,15.47,1695.4,0.242,355.7,Moderate,Fuel B,0.96,47.01,45.04
Vessel C,4000,9.43,3181.2,0.795,318.5,Rough,Green Fuel,1.41,17.57,24.72
Vessel D,9000,20.76,6497.9,0.722,1478.0,Moderate,Green Fuel,2.97,185.38,549.82
Vessel D,9000,17.0,4160.0,0.462,1707.6,Rough,Fuel B,4.19,90.58,379.12
Vessel C,4000,14.1,2127.5,0.532,1458.6,Moderate,Fuel A,4.31,40.63,175.13
Vessel A,5000,11.5,3438.1,0.688,3737.9,Moderate,Green Fuel,13.54,26.94,364.89
Vessel D,9000,10.99,2559.7,0.284,3812.3,Moderate,Green Fuel,14.45,22.13,319.71
Vessel C,4000,19.91,1535.0,0.384,1884.6,Calm,Fuel A,3.94,93.58,369.19
Vessel C,4000,12.48,3723.0,0.931,631.2,Moderate,Fuel B,2.11,32.6,68.68
Vessel D,9000,19.43,8915.5,0.991,3244.5,Calm,Green Fuel,6.96,145.93,1015.46
Vessel B,7000,10.76,4909.3,0.701,1359.8,Moderate,Fuel B,5.26,21.94,115.48
Vessel C,4000,8.25,2344.7,0.586,2978.2,Calm,Fuel B,15.04,6.85,102.94
Vessel A,5000,19.11,4957.4,0.991,2688.8,Moderate,Green Fuel,5.86,140.08,821.03
Vessel A,5000,12.73,1431.4,0.286,3495.9,Calm,Fuel A,11.44,25.03,286.31
Vessel B,7000,15.86,4061.7,0.58,441.4,Moderate,Fuel B,1.16,61.31,71.12
Vessel D,9000,16.62,6774.8,0.753,1778.9,Moderate,Fuel B,4.46,83.68,373.19
Vessel B,7000,21.31,1524.3,0.218,1419.6,Calm,Green Fuel,2.78,126.72,351.67
Vessel A,5000,11.38,3688.8,0.738,3783.5,Calm,Green Fuel,13.85,23.66,327.65
Vessel B,7000,20.18,2106.7,0.301,3858.6,Moderate,Green Fuel,7.97,130.32,1038.34
Vessel B,7000,14.88,5443.1,0.778,1580.1,Rough,Fuel B,4.42,70.45,311.71
Vessel C,4000,21.81,2781.9,0.695,2048.3,Moderate,Fuel B,3.91,151.34,592.12
Vessel C,4000,17.23,3711.1,0.928,2976.0,Rough,Fuel A,7.2,99.87,718.72
Vessel C,4000,10.87,1871.4,0.468,3518.9,Calm,Green Fuel,13.49,16.77,226.35
Vessel A,5000,17.73,1481.0,0.296,1403.4,Calm,Fuel B,3.3,58.72,193.62
Vessel D,9000,15.94,6721.9,0.747,3760.4,Calm,Fuel A,9.83,74.76,734.99
Vessel A,5000,13.69,4084.2,0.817,422.4,Moderate,Fuel A,1.29,42.2,54.27
Vessel D,9000,21.73,8471.1,0.941,1594.6,Rough,Fuel A,3.06,251.12,767.68
Vessel B,7000,15.88,3154.9,0.451,3729.2,Calm,Fuel B,9.79,52.51,513.77
Vessel A,5000,20.57,2399.6,0.48,3906.7,Moderate,Fuel B,7.91,125.26,991.28
Vessel C,4000,16.25,2480.5,0.62,2201.7,Calm,Fuel A,5.65,54.7,308.8
Vessel D,9000,15.67,6859.7,0.762,780.1,Moderate,Fuel B,2.07,71.05,147.35
Vessel A,5000,12.59,3641.5,0.728,1465.2,Moderate,Fuel B,4.85,30.01,145.47
Vessel A,5000,8.57,2563.0,0.513,240.5,Moderate,Fuel B,1.17,9.36,10.95
Vessel D,9000,11.46,8971.8,0.997,3927.9,Calm,Fuel A,14.28,31.81,454.28
Vessel D,9000,14.97,5227.3,0.581,3304.1,Rough,Green Fuel,9.2,79.72,733.27
Vessel C,4000,16.35,2735.4,0.684,2844.9,Moderate,Fuel A,7.25,63.6,460.99
Vessel C,4000,9.87,3634.2,0.909,2137.0,Moderate,Fuel B,9.02,15.61,140.77
Vessel C,4000,9.98,2748.2,0.687,295.5,Calm,Fuel A,1.23,14.4,17.78
Vessel C,4000,19.86,2212.1,0.553,3610.6,Calm,Fuel A,7.57,104.27,789.77
Vessel A,5000,21.57,3772.8,0.755,2179.3,Calm,Fuel A,4.21,155.82,655.91
Vessel A,5000,17.02,1113.3,0.223,2021.8,Rough,Green Fuel,4.95,81.02,400.96
Vessel B,7000,17.92,2603.2,0.372,878.8,Calm,Fuel B,2.04,69.96,142.93
Vessel C,4000,16.63,3955.0,0.989,2499.4,Moderate,Fuel B,6.26,70.35,440.55
Vessel B,7000,21.02,3535.9,0.505,3459.5,Calm,Fuel B,6.86,120.74,828.08
Vessel B,7000,12.78,4443.8,0.635,3336.2,Moderate,Fuel A,10.88,35.53,386.65
Vessel D,9000,17.86,5822.1,0.647,3028.6,Rough,Green Fuel,7.07,146.34,1034.02
Vessel A,5000,15.93,2593.6,0.519,1474.3,Calm,Green Fuel,3.86,61.26,236.27
Vessel A,5000,18.99,4286.3,0.857,301.4,Moderate,Green Fuel,0.66,137.41,90.86
Vessel D,9000,19.93,5748.5,0.639,1522.5,Calm,Fuel B,3.18,125.99,400.94
Vessel A,5000,15.43,1206.7,0.241,1574.7,Calm,Fuel A,4.25,43.82,186.32
Vessel A,5000,19.06,3473.4,0.695,2009.0,Calm,Fuel A,4.39,110.22,484.13
Vessel C,4000,13.56,3179.3,0.795,1316.3,Moderate,Fuel B,4.05,38.97,157.68
Vessel C,4000,13.93,2447.8,0.612,453.4,Calm,Green Fuel,1.36,35.18,47.71
Vessel A,5000,11.61,2966.1,0.593,2461.2,Rough,Fuel A,8.83,29.13,257.25
Vessel B,7000,21.57,5579.0,0.797,2395.1,Calm,Green Fuel,4.63,176.56,816.74
Vessel D,9000,14.3,7980.3,0.887,1404.6,Rough,Fuel A,4.09,72.54,296.91
Vessel B,7000,14.36,2572.0,0.367,452.6,Calm,Fuel A,1.31,39.56,51.94
Vessel D,9000,13.32,5029.1,0.559,3135.2,Rough,Green Fuel,9.81,52.82,518.05
Vessel C,4000,18.65,1279.6,0.32,2595.5,Moderate,Fuel B,5.8,80.89,469.07
Vessel B,7000,8.16,2129.9,0.304,2852.3,Calm,Green Fuel,14.56,6.35,92.54
Vessel A,5000,14.3,1088.5,0.218,472.9,Moderate,Green Fuel,1.38,39.18,53.98
Vessel C,4000,10.9,2892.9,0.723,2433.2,Moderate,Fuel A,9.3,18.82,175.15
Vessel B,7000,17.43,2044.1,0.292,3688.4,Moderate,Green Fuel,8.82,77.16,680.37
Vessel D,9000,9.98,6428.4,0.714,974.3,Calm,Fuel A,4.07,17.92,72.87
Vessel D,9000,11.79,7585.5,0.843,584.1,Rough,Fuel B,2.07,40.73,84.12
Vessel C,4000,15.28,1743.8,0.436,285.7,Calm,Fuel A,0.78,43.48,33.87
Vessel B,7000,9.19,5040.5,0.72,1689.4,Moderate,Green Fuel,7.66,15.69,120.11
Vessel A,5000,11.47,4711.2,0.942,335.2,Rough,Fuel A,1.22,33.84,41.21
Vessel A,5000,11.24,1724.9,0.345,1980.9,Rough,Fuel A,7.34,21.83,160.26
Vessel A,5000,20.14,2150.2,0.43,729.3,Calm,Fuel A,1.51,117.22,176.83
Vessel D,9000,21.61,2904.2,0.323,642.1,Moderate,Fuel A,1.24,162.22,200.83
Vessel D,9000,20.82,3873.1,0.43,1917.9,Calm,Fuel B,3.84,126.0,483.56
Vessel A,5000,20.93,2829.3,0.566,2058.7,Rough,Green Fuel,4.1,170.4,698.48
Vessel C,4000,10.19,2164.5,0.541,2213.6,Moderate,Fuel A,9.05,16.36,147.97
Vessel A,5000,20.73,1072.1,0.214,2392.5,Moderate,Fuel A,4.81,99.72,479.45
Vessel B,7000,12.53,2163.0,0.309,3536.8,Rough,Fuel B,11.76,35.33,415.42
Vessel B,7000,20.03,4731.1,0.676,1619.9,Calm,Green Fuel,3.37,146.65,494.14
Vessel D,9000,9.62,8779.4,0.975,2663.2,Rough,Green Fuel,11.54,22.46,259.14
Vessel D,9000,15.88,4367.7,0.485,3347.2,Calm,Green Fuel,8.78,60.28,529.32
Vessel A,5000,13.87,4861.6,0.972,1312.4,Moderate,Green Fuel,3.94,54.72,215.72
Vessel A,5000,14.27,2097.7,0.42,863.9,Calm,Fuel B,2.52,33.87,85.4
Vessel C,4000,11.76,3555.4,0.889,1449.4,Calm,Green Fuel,5.14,25.22,129.54
Vessel D,9000,11.78,7332.6,0.815,1961.5,Rough,Green Fuel,6.94,45.17,313.41
Vessel C,4000,9.93,3283.1,0.821,2748.8,Moderate,Green Fuel,11.53,18.46,212.91
Vessel C,4000,8.12,3768.1,0.942,2178.0,Calm,Fuel A,11.17,8.29,92.6
Vessel C,4000,8.02,2390.7,0.598,787.8,Moderate,Fuel B,4.09,6.31,25.83
Vessel C,4000,9.11,2361.7,0.59,1788.9,Calm,Fuel A,8.18,9.23,75.48
Vessel A,5000,13.93,3286.5,0.657,3811.4,Rough,Fuel B,11.4,53.49,609.83
Vessel D,9000,19.68,7558.3,0.84,1277.2,Calm,Fuel B,2.7,134.93,364.9
Vessel C,4000,14.54,1568.3,0.392,1755.1,Rough,Fuel B,5.03,48.27,242.76
Vessel C,4000,21.26,2415.6,0.604,3343.2,Rough,Fuel B,6.55,156.07,1022.64
Vessel A,5000,13.85,3186.5,0.637,1906.8,Moderate,Fuel A,5.73,39.87,228.66
Vessel D,9000,13.71,6488.5,0.721,1065.6,Moderate,Fuel B,3.24,47.13,152.64
Vessel B,7000,9.57,3868.3,0.553,1700.2,Moderate,Green Fuel,7.4,15.7,116.19
Vessel C,4000,13.77,914.0,0.228,2323.6,Moderate,Fuel B,7.03,30.47,214.24
Vessel B,7000,10.4,5061.1,0.723,3799.2,Calm,Green Fuel,15.22,20.02,304.56
Vessel B,7000,8.48,2354.1,0.336,2897.7,Moderate,Green Fuel,14.24,8.95,127.47
Vessel D,9000,13.58,8311.7,0.924,869.5,Rough,Green Fuel,2.67,62.16,165.79
Vessel D,9000,13.83,6469.4,0.719,914.6,Calm,Green Fuel,2.76,53.19,146.53
Vessel D,9000,8.34,7493.1,0.833,222.5,Calm,Fuel B,1.11,9.87,10.97
Vessel D,9000,14.6,5928.5,0.659,2584.5,Rough,Fuel B,7.38,65.39,482.47
Vessel B,7000,11.32,2870.7,0.41,3481.5,Moderate,Green Fuel,12.81,22.38,286.73
Vessel A,5000,19.28,2158.0,0.432,3022.3,Moderate,Fuel A,6.53,104.86,684.79
Vessel C,4000,19.83,2481.4,0.62,3622.5,Moderate,Fuel A,7.61,118.61,902.7
Vessel B,7000,11.08,3575.8,0.511,1734.5,Rough,Green Fuel,6.52,29.98,195.51
Vessel D,9000,10.99,6532.7,0.726,3024.7,Moderate,Green Fuel,11.47,27.34,313.41
Vessel D,9000,11.94,5260.8,0.585,541.3,Moderate,Green Fuel,1.89,29.88,56.44
Vessel A,5000,12.03,1641.3,0.328,404.9,Calm,Green Fuel,1.4,24.21,33.97
Vessel D,9000,18.65,5261.2,0.585,2516.9,Rough,Green Fuel,5.62,181.88,1022.78
Vessel A,5000,10.76,4109.2,0.822,3447.5,Rough,Fuel B,13.35,23.91,319.27
Vessel A,5000,13.85,3946.6,0.789,2188.0,Calm,Fuel B,6.58,37.17,244.73
Vessel A,5000,11.49,3361.5,0.672,683.3,Calm,Fuel A,2.48,20.54,50.92
Vessel A,5000,19.85,2961.8,0.592,2878.2,Calm,Green Fuel,6.04,117.55,710.21
Vessel D,9000,21.63,3460.6,0.385,743.7,Moderate,Green Fuel,1.43,170.46,244.18
Vessel A,5000,14.1,2809.1,0.562,2982.5,Calm,Fuel B,8.81,39.15,345.01
Vessel A,5000,9.59,2366.1,0.473,2584.7,Rough,Fuel B,11.23,13.47,151.31
Vessel D,9000,9.92,5448.7,0.605,3104.4,Calm,Fuel A,13.04,14.72,191.94
Vessel D,9000,11.62,5261.7,0.585,3060.7,Rough,Fuel B,10.98,30.21,331.72
Vessel A,5000,8.57,1491.6,0.298,3413.8,Calm,Green Fuel,16.6,7.75,128.61
Vessel B,7000,16.68,3048.0,0.435,1557.5,Calm,Green Fuel,3.89,62.61,243.55
Vessel A,5000,16.78,2206.0,0.441,3538.4,Rough,Green Fuel,8.79,92.29,810.76
Vessel B,7000,13.83,3558.4,0.508,2417.0,Moderate,Fuel A,7.28,42.54,309.66
Vessel B,7000,15.16,6684.0,0.955,1311.3,Calm,Green Fuel,3.6,67.25,242.36
Vessel D,9000,20.88,2153.9,0.239,2327.3,Moderate,Fuel B,4.64,124.79,579.5
Vessel B,7000,17.2,3858.6,0.551,2197.2,Calm,Fuel A,5.32,73.96,393.64
Vessel A,5000,8.41,3759.3,0.752,3979.3,Moderate,Fuel B,19.72,10.74,211.9
Vessel B,7000,16.71,4232.2,0.605,2539.4,Rough,Fuel B,6.33,82.98,525.51
Vessel B,7000,18.13,6063.0,0.866,2829.0,Calm,Fuel A,6.5,112.0,728.18
Vessel D,9000,17.4,1831.4,0.203,784.5,Rough,Green Fuel,1.88,101.28,190.25
Vessel C,4000,12.66,1995.4,0.499,3746.3,Calm,Fuel A,12.33,22.12,272.63
Vessel D,9000,18.15,6826.4,0.758,3360.8,Calm,Fuel B,7.72,105.72,815.77
Vessel C,4000,19.88,1754.2,0.439,1423.9,Moderate,Green Fuel,2.98,109.63,327.12
Vessel C,4000,12.55,1306.0,0.327,2505.5,Calm,Fuel B,8.32,21.66,180.19
Vessel C,4000,20.21,2999.6,0.75,3948.4,Calm,Fuel B,8.14,120.13,978.1
Vessel B,7000,19.27,1509.3,0.216,2153.5,Rough,Fuel A,4.66,117.45,546.9
Vessel D,9000,16.45,7091.9,0.788,345.2,Calm,Fuel A,0.87,84.65,73.99
Vessel B,7000,18.1,1433.2,0.205,669.2,Moderate,Fuel A,1.54,79.6,122.61
Vessel D,9000,9.52,4830.3,0.537,2736.9,Moderate,Fuel B,11.98,15.77,188.92
Vessel D,9000,8.88,6743.4,0.749,3864.7,Calm,Green Fuel,18.13,14.43,261.6
Vessel A,5000,20.09,4717.0,0.943,1017.5,Calm,Green Fuel,2.11,133.38,281.45
Vessel B,7000,19.54,1429.8,0.204,3525.5,Moderate,Fuel A,7.52,100.29,754.01
Vessel B,7000,17.03,6168.3,0.881,3182.8,Moderate,Green Fuel,7.79,108.18,842.48
Vessel C,4000,8.16,2581.8,0.645,2220.1,Moderate,Fuel A,11.33,7.56,85.72
Vessel D,9000,16.0,2280.6,0.253,2509.3,Calm,Fuel A,6.54,48.71,318.33
Vessel A,5000,15.76,2315.0,0.463,1615.6,Moderate,Green Fuel,4.27,59.24,253.02
Vessel A,5000,18.57,3594.8,0.719,2525.2,Moderate,Green Fuel,5.67,126.44,716.5
Vessel C,4000,21.2,3417.6,0.854,2640.8,Moderate,Fuel A,5.19,149.44,775.75
Vessel D,9000,12.77,5231.3,0.581,828.4,Calm,Fuel A,2.7,36.72,99.3
Vessel A,5000,19.93,3236.7,0.647,2397.3,Moderate,Fuel A,5.01,127.38,638.42
Vessel C,4000,9.66,3234.2,0.809,518.8,Rough,Fuel A,2.24,16.09,36.02
Vessel C,4000,9.58,2507.3,0.627,1651.4,Calm,Green Fuel,7.18,13.62,97.81
Vessel D,9000,19.31,4450.2,0.494,1523.3,Calm,Green Fuel,3.29,113.82,374.09
Vessel A,5000,8.3,3082.3,0.616,3415.3,Calm,Fuel B,17.14,8.52,145.96
Vessel A,5000,16.88,4938.6,0.988,3909.1,Calm,Fuel A,9.65,80.29,774.85
Vessel C,4000,14.86,2455.8,0.614,2163.6,Moderate,Fuel B,6.07,42.07,255.27
Vessel B,7000,12.31,2024.9,0.289,1311.9,Rough,Green Fuel,4.44,34.96,155.26
Vessel C,4000,11.08,1443.8,0.361,3284.9,Rough,Fuel A,12.35,20.3,250.71
Vessel C,4000,13.5,2414.0,0.604,1249.3,Moderate,Fuel B,3.86,34.42,132.73
Vessel C,4000,20.41,3205.4,0.801,2708.5,Moderate,Fuel B,5.53,138.36,764.96
Vessel D,9000,18.37,7446.1,0.827,3747.1,Moderate,Green Fuel,8.5,145.11,1233.27
Vessel A,5000,12.63,4019.8,0.804,2575.1,Calm,Fuel A,8.49,33.03,280.6
Vessel B,7000,21.72,2664.9,0.381,587.9,Moderate,Fuel B,1.13,154.88,174.68
Vessel A,5000,20.21,2155.7,0.431,2174.7,Calm,Green Fuel,4.48,117.35,526.16
Vessel B,7000,16.07,5835.2,0.834,915.8,Calm,Fuel B,2.37,71.15,168.95
Vessel A,5000,19.36,1890.6,0.378,2876.5,Moderate,Green Fuel,6.19,107.29,664.35
Vessel D,9000,15.56,5119.4,0.569,1728.1,Calm,Fuel B,4.63,60.44,279.66
Vessel C,4000,20.45,2297.1,0.574,3851.4,Moderate,Fuel A,7.85,137.94,1082.55
Vessel B,7000,21.46,3728.4,0.533,3812.2,Moderate,Green Fuel,7.4,183.91,1360.95
Vessel C,4000,17.51,1607.3,0.402,2711.7,Moderate,Green Fuel,6.45,72.79,469.68
Vessel B,7000,19.11,3415.3,0.488,953.8,Rough,Fuel B,2.08,126.62,263.38
Vessel D,9000,16.86,4823.1,0.536,1754.9,Moderate,Fuel A,4.34,85.22,369.57
Vessel B,7000,18.98,2438.0,0.348,2635.2,Moderate,Fuel A,5.78,105.03,607.5
Vessel C,4000,16.47,2910.4,0.728,611.3,Moderate,Fuel A,1.55,64.19,99.28
Vessel B,7000,18.77,3463.9,0.495,1252.6,Rough,Fuel A,2.78,108.44,301.56
Vessel A,5000,12.0,2083.6,0.417,489.2,Rough,Fuel B,1.7,28.62,48.61
Vessel A,5000,16.42,3184.2,0.637,221.9,Moderate,Fuel A,0.56,61.93,34.88
Vessel B,7000,10.54,5162.9,0.738,1062.2,Moderate,Green Fuel,4.2,21.12,88.71
Vessel A,5000,21.35,4256.8,0.851,3748.7,Rough,Green Fuel,7.31,230.8,1688.12
Vessel C,4000,19.6,2520.9,0.63,2368.1,Calm,Fuel B,5.03,100.19,504.44
Vessel C,4000,20.28,1203.4,0.301,3744.8,Rough,Fuel B,7.7,117.22,902.08
Vessel B,7000,20.98,3502.1,0.5,3779.6,Calm,Fuel B,7.51,121.9,915.19
Vessel A,5000,8.05,3525.5,0.705,2240.1,Moderate,Fuel B,11.59,8.74,101.28
Vessel D,9000,19.52,5050.1,0.561,3583.1,Moderate,Green Fuel,7.65,163.44,1250.15
Vessel D,9000,11.59,2666.5,0.296,1925.6,Calm,Green Fuel,6.93,21.92,151.77
Vessel B,7000,16.75,3296.4,0.471,2842.9,Calm,Fuel B,7.07,69.43,490.95
Vessel C,4000,15.19,1245.3,0.311,2058.9,Calm,Green Fuel,5.65,39.2,221.38
Vessel A,5000,19.66,2607.4,0.521,1355.8,Moderate,Green Fuel,2.87,122.19,351.16
Vessel C,4000,19.3,3223.7,0.806,3144.5,Calm,Green Fuel,6.79,115.09,781.27
Vessel C,4000,14.09,1858.5,0.465,370.1,Calm,Fuel A,1.09,31.9,34.92
Vessel C,4000,15.93,3863.4,0.966,1377.1,Calm,Fuel B,3.6,69.85,251.59
Vessel C,4000,9.07,3393.7,0.848,290.1,Rough,Fuel A,1.33,14.96,19.94
Vessel B,7000,20.51,4274.9,0.611,534.9,Rough,Fuel B,1.09,172.41,187.38
Vessel B,7000,16.53,4017.2,0.574,2145.7,Moderate,Fuel B,5.41,75.35,407.54
Vessel B,7000,14.54,4612.5,0.659,3628.5,Moderate,Fuel B,10.4,52.29,543.65
Vessel D,9000,9.24,1990.0,0.221,3416.8,Moderate,Fuel A,15.41,11.33,174.65
Vessel D,9000,8.9,3092.4,0.344,2980.7,Moderate,Fuel B,13.96,10.18,142.1
Vessel D,9000,12.87,6932.0,0.77,2310.0,Moderate,Fuel B,7.48,37.8,282.8
Vessel A,5000,14.9,4143.0,0.829,2956.5,Rough,Fuel A,8.27,69.98,578.49
Vessel B,7000,21.85,3989.2,0.57,3405.6,Calm,Fuel B,6.49,148.59,965.03
Vessel B,7000,12.73,5934.2,0.848,1876.6,Moderate,Fuel A,6.14,37.36,229.49
Vessel A,5000,18.11,1696.7,0.339,1951.7,Moderate,Fuel B,4.49,83.39,374.46
Vessel D,9000,17.71,8166.3,0.907,421.5,Moderate,Green Fuel,0.99,130.22,129.11
Vessel D,9000,13.69,5837.8,0.649,966.3,Calm,Green Fuel,2.94,49.28,144.91
Vessel D,9000,17.88,5495.2,0.611,3446.5,Moderate,Fuel B,8.03,100.57,807.98
Vessel C,4000,15.65,3069.8,0.767,3250.2,Calm,Green Fuel,8.65,67.89,587.34
Vessel B,7000,19.28,5831.6,0.833,928.7,Moderate,Green Fuel,2.01,147.81,296.69
Vessel C,4000,17.16,3752.4,0.938,245.1,Calm,Green Fuel,0.6,85.82,51.09
Vessel C,4000,21.81,3088.2,0.772,3531.1,Moderate,Green Fuel,6.75,179.48,1210.72
Vessel B,7000,12.75,1794.8,0.256,1094.5,Moderate,Green Fuel,3.58,31.69,113.38
Vessel C,4000,16.87,1716.4,0.429,1950.2,Moderate,Fuel B,4.82,59.93,288.62
Vessel B,7000,10.52,6112.5,0.873,835.1,Calm,Green Fuel,3.31,22.32,73.79
Vessel B,7000,9.34,3063.7,0.438,2131.9,Calm,Green Fuel,9.51,12.72,120.95
Vessel A,5000,8.83,2221.3,0.444,2473.1,Rough,Fuel A,11.67,10.97,128.06
Vessel D,9000,9.98,7805.7,0.867,2541.2,Calm,Green Fuel,10.61,21.41,227.15
Vessel D,9000,19.6,7724.8,0.858,2714.3,Calm,Fuel A,5.77,155.76,898.72
Vessel B,7000,12.16,3059.5,0.437,765.0,Moderate,Fuel B,2.62,23.07,60.46
Vessel C,4000,11.33,2015.7,0.504,2485.0,Moderate,Green Fuel,9.14,20.93,191.34
Vessel D,9000,18.02,4127.0,0.459,756.2,Calm,Fuel B,1.75,86.21,150.71
Vessel D,9000,17.42,7741.4,0.86,1498.5,Calm,Fuel A,3.58,95.77,343.17
Vessel B,7000,17.27,3910.1,0.559,3290.1,Moderate,Fuel B,7.94,81.79,649.4
Vessel C,4000,12.44,3120.3,0.78,986.5,Calm,Fuel A,3.31,29.35,97.01
Vessel B,7000,16.31,5014.9,0.716,1263.8,Calm,Fuel A,3.23,73.43,237.0
Vessel A,5000,18.54,1425.5,0.285,908.0,Calm,Fuel B,2.04,65.21,133.06
Vessel D,9000,15.05,6391.2,0.71,1524.2,Calm,Green Fuel,4.22,65.96,278.41
Vessel A,5000,16.17,1839.1,0.368,1016.0,Calm,Fuel B,2.62,46.99,122.98
Vessel A,5000,9.33,4802.1,0.96,1636.3,Rough,Fuel A,7.31,17.01,124.32
Vessel B,7000,8.55,4690.1,0.67,2222.8,Calm,Green Fuel,10.83,10.77,116.62
Vessel C,4000,12.27,3432.1,0.858,2640.8,Calm,Fuel B,8.97,25.49,228.64
Vessel D,9000,12.51,6194.8,0.688,1281.5,Rough,Green Fuel,4.27,45.9,195.86
Vessel B,7000,14.45,6388.6,0.913,1558.4,Calm,Fuel A,4.49,52.09,234.09
Vessel C,4000,13.86,2210.7,0.553,2489.6,Moderate,Green Fuel,7.49,40.13,300.39
Vessel D,9000,16.3,3144.5,0.349,3188.9,Calm,Green Fuel,8.15,60.67,494.4
Vessel B,7000,14.58,6744.9,0.964,1484.2,Calm,Green Fuel,4.24,55.29,234.47
Vessel B,7000,16.92,5013.6,0.716,1245.5,Rough,Fuel B,3.07,108.61,333.02
Vessel B,7000,19.66,1804.7,0.258,2712.7,Moderate,Fuel A,5.75,103.52,595.18
Vessel C,4000,12.76,2786.7,0.697,3333.9,Rough,Fuel A,10.88,36.0,391.79
Vessel B,7000,10.89,5249.3,0.75,2928.2,Calm,Fuel B,11.2,20.27,227.09
Vessel A,5000,11.53,1626.6,0.325,1481.4,Rough,Fuel B,5.35,22.31,119.43
Vessel C,4000,13.69,1938.0,0.484,1894.6,Moderate,Fuel B,5.77,33.71,194.34
Vessel B,7000,18.35,3622.6,0.518,3676.1,Calm,Fuel B,8.35,94.28,787.15
Vessel B,7000,8.61,5060.7,0.723,285.9,Moderate,Fuel B,1.38,11.15,15.42
Vessel D,9000,10.88,7108.0,0.79,3632.9,Moderate,Fuel A,13.92,25.95,361.21
Vessel B,7000,10.31,6560.0,0.937,471.7,Moderate,Fuel B,1.91,22.12,42.16
Vessel D,9000,20.85,4586.9,0.51,2462.4,Moderate,Green Fuel,4.92,157.89,776.95
Vessel A,5000,17.64,2179.5,0.436,955.9,Rough,Fuel B,2.26,87.4,197.36
Vessel C,4000,20.86,2729.6,0.682,2037.7,Rough,Green Fuel,4.07,158.84,646.64
Vessel D,9000,15.11,2968.1,0.33,2216.9,Moderate,Green Fuel,6.11,57.64,352.39
Vessel C,4000,12.45,2502.3,0.626,2018.6,Moderate,Fuel B,6.75,28.45,192.2
Vessel C,4000,21.23,1425.8,0.356,1227.7,Moderate,Fuel B,2.41,118.71,286.05
Vessel A,5000,11.57,2050.2,0.41,648.6,Calm,Fuel B,2.34,18.73,43.75
Vessel A,5000,17.89,4130.6,0.826,2805.7,Moderate,Fuel A,6.54,95.99,627.35
Vessel C,4000,10.24,2074.1,0.519,2150.3,Moderate,Green Fuel,8.75,15.76,137.91
Vessel C,4000,15.12,876.7,0.219,3856.9,Calm,Fuel A,10.63,41.47,440.9
Vessel B,7000,12.0,3069.0,0.438,1244.2,Calm,Fuel B,4.32,23.55,101.76
Vessel C,4000,19.85,2166.1,0.542,2221.6,Moderate,Green Fuel,4.66,115.8,539.94
Vessel D,9000,10.89,3237.7,0.36,3664.1,Moderate,Green Fuel,14.01,22.71,318.27
Vessel D,9000,14.31,4337.5,0.482,1028.0,Moderate,Fuel B,2.99,47.41,141.89
Vessel A,5000,11.61,1905.7,0.381,266.2,Moderate,Fuel A,0.96,20.96,20.03
Vessel A,5000,18.06,4080.4,0.816,3160.5,Moderate,Fuel B,7.29,99.98,729.06
Vessel D,9000,9.94,8756.5,0.973,2386.1,Rough,Fuel A,10.01,24.88,248.99
Vessel C,4000,18.47,2302.9,0.576,1828.5,Moderate,Fuel B,4.12,82.2,339.01
Vessel D,9000,17.61,1932.2,0.215,3119.2,Calm,Fuel B,7.38,62.05,457.95
Vessel C,4000,17.58,1649.2,0.412,2747.2,Moderate,Fuel B,6.51,59.3,386.21
Vessel C,4000,8.5,3784.9,0.946,2069.1,Calm,Fuel B,10.14,8.95,90.71
Vessel D,9000,11.47,2373.5,0.264,2387.0,Calm,Fuel A,8.67,20.65,179.17
Vessel A,5000,8.03,3903.1,0.781,3561.4,Moderate,Green Fuel,18.49,10.03,185.36
Vessel B,7000,18.58,2895.6,0.414,1487.4,Moderate,Fuel A,3.34,89.22,297.66
Vessel A,5000,10.59,3725.3,0.745,2242.6,Moderate,Fuel B,8.82,17.5,154.38
Vessel D,9000,8.58,4907.9,0.545,3119.9,Calm,Fuel B,15.16,10.34,156.64
Vessel D,9000,17.06,2038.0,0.226,1160.8,Calm,Fuel A,2.84,62.33,176.73
Vessel A,5000,14.83,3848.1,0.77,1444.3,Rough,Fuel A,4.06,65.87,267.23
Vessel C,4000,21.02,3311.6,0.828,2768.1,Calm,Fuel B,5.49,145.07,795.82
Vessel C,4000,11.59,2700.0,0.675,629.8,Calm,Fuel A,2.26,21.75,49.23
Vessel B,7000,8.45,1865.9,0.267,2847.8,Calm,Fuel A,14.04,7.03,98.79
Vessel D,9000,11.85,6470.2,0.719,2778.4,Moderate,Fuel A,9.77,35.95,351.29
Vessel D,9000,21.92,8855.9,0.984,2239.2,Rough,Fuel B,4.26,273.45,1163.78
Vessel D,9000,11.49,6975.4,0.775,651.6,Moderate,Fuel B,2.36,30.74,72.66
Vessel B,7000,10.17,5819.8,0.831,3191.6,Calm,Green Fuel,13.07,21.21,277.23
Vessel C,4000,9.62,2101.8,0.525,2446.2,Rough,Green Fuel,10.6,15.93,168.88
Vessel B,7000,8.61,6462.3,0.923,3386.3,Moderate,Green Fuel,16.39,12.09,198.15
Vessel C,4000,10.17,3516.9,0.879,2728.9,Moderate,Fuel A,11.18,17.44,195.02
Vessel B,7000,17.7,1428.1,0.204,3661.0,Moderate,Green Fuel,8.62,77.3,666.11
Vessel B,7000,17.97,4646.8,0.664,2086.0,Calm,Fuel A,4.84,86.41,417.9
Vessel D,9000,13.21,6988.8,0.777,3324.6,Moderate,Fuel A,10.49,46.45,486.99
Vessel D,9000,8.77,6648.4,0.739,899.4,Rough,Green Fuel,4.27,17.0,72.66
Vessel C,4000,11.02,1441.1,0.36,2931.8,Rough,Green Fuel,11.09,21.49,238.35
Vessel B,7000,16.03,2633.4,0.376,287.8,Rough,Fuel A,0.75,73.17,54.75
Vessel C,4000,14.63,2116.0,0.529,3861.2,Rough,Fuel B,11.0,51.34,564.56
Vessel B,7000,8.43,3237.6,0.463,3066.1,Rough,Fuel B,15.16,11.16,169.25
Vessel B,7000,14.32,6655.4,0.951,1595.1,Calm,Fuel A,4.64,52.17,242.11
Vessel A,5000,20.18,3419.8,0.684,1090.4,Moderate,Fuel B,2.25,133.65,300.9
Vessel D,9000,14.23,8996.4,1.0,1383.1,Rough,Green Fuel,4.05,83.63,338.66
Vessel B,7000,8.04,3099.7,0.443,2555.6,Calm,Fuel B,13.24,7.0,92.73
Vessel D,9000,20.24,7194.4,0.799,503.0,Rough,Fuel A,1.04,193.49,200.33
Vessel D,9000,11.78,5482.3,0.609,3726.8,Moderate,Green Fuel,13.19,30.54,402.73
Vessel C,4000,13.42,1604.2,0.401,3018.9,Calm,Green Fuel,9.37,32.64,305.98
Vessel D,9000,21.69,7464.0,0.829,2289.9,Moderate,Fuel B,4.4,212.53,935.02
Vessel B,7000,13.07,5530.6,0.79,3048.6,Moderate,Fuel B,9.72,39.85,387.21
Vessel D,9000,14.58,4606.4,0.512,2610.2,Calm,Green Fuel,7.46,50.17,374.18
Vessel D,9000,16.11,6589.0,0.732,3507.5,Moderate,Fuel A,9.07,70.87,642.84
Vessel B,7000,17.46,3212.3,0.459,1435.5,Calm,Green Fuel,3.43,84.83,290.67
Vessel B,7000,14.79,6474.2,0.925,3610.5,Rough,Fuel B,10.17,73.11,743.61
Vessel D,9000,17.62,7147.2,0.794,3054.4,Calm,Fuel B,7.22,97.9,707.22
Vessel C,4000,20.12,902.8,0.226,3567.1,Moderate,Fuel A,7.39,96.0,709.2
Vessel C,4000,8.45,2798.7,0.7,1831.4,Moderate,Fuel B,9.03,9.08,82.01
Vessel B,7000,11.64,2391.4,0.342,2997.1,Calm,Green Fuel,10.73,22.97,246.38
Vessel B,7000,11.78,4226.0,0.604,3601.4,Rough,Fuel B,12.73,33.15,422.12
Vessel A,5000,21.43,1832.4,0.366,3493.7,Calm,Fuel B,6.79,118.32,803.65
Vessel A,5000,11.15,3232.5,0.647,643.1,Moderate,Green Fuel,2.4,24.24,58.26
Vessel A,5000,8.01,4028.6,0.806,1948.8,Rough,Fuel A,10.13,10.44,105.84
Vessel D,9000,9.92,4255.3,0.473,2201.7,Calm,Fuel B,9.25,14.91,137.96
Vessel A,5000,15.52,3911.1,0.782,1073.9,Calm,Fuel B,2.88,57.28,165.16
Vessel B,7000,20.28,5560.3,0.794,3758.1,Rough,Green Fuel,7.72,190.98,1474.35
Vessel A,5000,10.69,1347.0,0.269,1241.7,Calm,Green Fuel,4.84,15.18,73.44
Vessel C,4000,11.63,3708.2,0.927,2932.2,Calm,Green Fuel,10.51,24.65,259.0
Vessel C,4000,8.45,2759.4,0.69,439.8,Moderate,Fuel B,2.17,9.1,19.74
Vessel C,4000,10.26,1990.4,0.498,3868.7,Rough,Fuel B,15.71,16.34,256.8
Vessel C,4000,16.25,3106.6,0.777,2222.5,Calm,Fuel A,5.7,61.05,347.97
Vessel C,4000,12.73,3049.7,0.762,2145.2,Calm,Green Fuel,7.02,37.38,262.53
Vessel C,4000,16.87,2280.0,0.57,2876.8,Moderate,Fuel B,7.11,63.03,447.95
Vessel C,4000,17.37,3190.4,0.798,3066.3,Rough,Fuel A,7.36,100.56,739.85
Vessel C,4000,21.87,2985.7,0.746,477.3,Moderate,Green Fuel,0.91,180.66,164.32
Vessel B,7000,8.22,5017.4,0.717,1082.9,Moderate,Fuel B,5.49,10.35,56.84
Vessel A,5000,14.16,1493.2,0.299,653.1,Moderate,Fuel A,1.92,38.65,74.27
Vessel D,9000,12.3,3873.4,0.43,1710.8,Rough,Fuel A,5.79,39.99,231.68
Vessel A,5000,9.0,4576.4,0.915,3411.3,Rough,Fuel A,15.8,14.51,229.26
Vessel A,5000,11.92,1212.5,0.242,1179.1,Moderate,Fuel A,4.12,21.01,86.58
Vessel B,7000,11.25,6447.8,0.921,2541.2,Rough,Fuel A,9.42,28.56,268.9
Vessel C,4000,8.47,2958.2,0.74,2093.0,Moderate,Fuel B,10.29,8.93,91.97
Vessel B,7000,14.47,1518.7,0.217,1121.2,Calm,Fuel A,3.23,35.3,114.01
Vessel D,9000,14.16,5013.3,0.557,1674.0,Moderate,Fuel B,4.93,52.19,257.18
Vessel C,4000,20.47,1865.9,0.466,3523.9,Calm,Green Fuel,7.17,113.93,817.0
Vessel B,7000,8.3,4312.1,0.616,3731.3,Moderate,Fuel A,18.72,9.56,178.99
Vessel A,5000,21.8,3668.8,0.734,2180.8,Calm,Fuel B,4.17,146.46,610.44
Vessel B,7000,13.98,6787.1,0.97,2967.7,Moderate,Green Fuel,8.84,57.3,506.72
Vessel A,5000,16.81,4903.9,0.981,2367.5,Calm,Green Fuel,5.87,89.15,523.13
Vessel B,7000,15.03,2331.3,0.333,2780.0,Moderate,Green Fuel,7.71,53.86,415.03
Vessel C,4000,11.34,3600.4,0.9,2273.3,Rough,Fuel A,8.36,31.1,259.85
Vessel A,5000,13.82,2518.5,0.504,2661.1,Calm,Green Fuel,8.02,40.12,321.92
Vessel C,4000,19.19,2658.0,0.664,1792.5,Moderate,Fuel B,3.89,103.76,403.73
Vessel C,4000,12.45,1653.5,0.413,3191.8,Rough,Fuel B,10.68,26.06,278.23
Vessel A,5000,19.75,4725.7,0.945,3213.4,Calm,Fuel A,6.78,130.17,882.63
Vessel C,4000,16.23,2404.5,0.601,1230.0,Rough,Green Fuel,3.16,84.45,266.66
Vessel A,5000,17.52,3676.3,0.735,536.1,Rough,Fuel B,1.27,102.45,130.6
Vessel B,7000,13.38,3821.1,0.546,2087.7,Rough,Fuel A,6.5,44.92,292.08
Vessel D,9000,14.72,6290.9,0.699,3241.6,Rough,Fuel A,9.17,78.37,718.9
Vessel A,5000,9.53,1432.5,0.286,3831.0,Moderate,Green Fuel,16.76,11.99,200.91
Vessel B,7000,10.01,4325.3,0.618,2392.8,Calm,Fuel A,9.96,16.34,162.69
Vessel C,4000,20.24,1949.0,0.487,3006.2,Calm,Green Fuel,6.19,109.42,677.28
Vessel C,4000,19.49,1209.4,0.302,2911.2,Rough,Fuel B,6.22,93.66,582.92
Vessel A,5000,21.35,1214.2,0.243,1823.0,Moderate,Green Fuel,3.56,127.85,454.92
Vessel D,9000,11.13,6880.3,0.764,3242.0,Calm,Fuel B,12.14,22.82,276.95
Vessel B,7000,10.8,2756.9,0.394,2067.1,Moderate,Fuel A,7.98,16.94,135.15
Vessel A,5000,12.06,3453.8,0.691,2837.2,Calm,Fuel B,9.8,25.76,252.44
Vessel B,7000,21.98,5770.9,0.824,680.9,Calm,Fuel B,1.29,169.38,218.66
Vessel B,7000,21.56,3950.6,0.564,1851.5,Rough,Fuel A,3.58,205.06,733.76
Vessel B,7000,14.89,4375.6,0.625,3107.6,Calm,Green Fuel,8.7,55.67,484.11
Vessel A,5000,14.1,1289.4,0.258,3123.7,Moderate,Fuel B,9.23,35.2,324.95
Vessel B,7000,20.43,6762.9,0.966,1455.4,Rough,Fuel A,2.97,195.63,580.75
Vessel B,7000,19.46,3451.0,0.493,1587.1,Moderate,Fuel A,3.4,116.15,394.7
Vessel C,4000,9.84,2692.8,0.673,2149.7,Moderate,Fuel B,9.11,14.76,134.44
Vessel B,7000,19.14,1677.9,0.24,1166.0,Rough,Fuel B,2.54,106.62,270.7
Vessel A,5000,12.33,3276.4,0.655,2258.4,Calm,Green Fuel,7.63,29.35,223.94
Vessel B,7000,14.59,6714.3,0.959,2120.3,Rough,Green Fuel,6.06,81.64,494.44
Vessel D,9000,12.02,8778.6,0.975,943.5,Moderate,Green Fuel,3.27,46.44,151.97
Vessel B,7000,13.54,5979.7,0.854,2518.7,Moderate,Green Fuel,7.75,53.29,413.14
Vessel D,9000,21.3,2321.4,0.258,2851.6,Calm,Fuel A,5.58,123.06,686.3
Vessel B,7000,10.2,4999.4,0.714,1903.3,Moderate,Green Fuel,7.77,18.71,145.48
Vessel A,5000,12.1,2384.4,0.477,593.6,Moderate,Green Fuel,2.04,29.8,60.91
Vessel A,5000,12.15,4557.8,0.912,1993.4,Rough,Fuel B,6.83,37.06,253.26
Vessel D,9000,13.44,4917.4,0.546,2836.2,Calm,Fuel A,8.79,39.68,348.89
Vessel B,7000,16.73,3324.4,0.475,2921.2,Calm,Fuel B,7.28,70.25,511.15
Vessel A,5000,8.68,1004.1,0.201,3372.9,Moderate,Green Fuel,16.2,8.19,132.68
Vessel A,5000,12.58,2159.0,0.432,1607.2,Calm,Fuel B,5.32,24.62,131.03
Vessel A,5000,14.45,1082.0,0.216,2844.9,Calm,Fuel B,8.2,31.65,259.53
Vessel D,9000,13.94,4395.8,0.488,1857.0,Moderate,Fuel B,5.55,46.73,259.49
Vessel A,5000,9.85,3855.7,0.771,1441.6,Moderate,Fuel A,6.1,16.58,101.11
Vessel C,4000,14.82,1937.4,0.484,1158.9,Calm,Green Fuel,3.26,42.13,137.27
Vessel A,5000,19.88,1039.8,0.208,2227.7,Rough,Fuel B,4.67,109.34,510.46
Vessel B,7000,11.45,1450.4,0.207,2901.5,Calm,Fuel A,10.56,17.94,189.36
Vessel B,7000,16.26,3069.0,0.438,1017.8,Calm,Fuel A,2.61,52.47,136.85
Vessel B,7000,18.35,3180.9,0.454,1921.4,Moderate,Fuel A,4.36,105.64,460.93
Vessel D,9000,11.54,7617.1,0.846,1881.5,Calm,Fuel A,6.79,28.35,192.52
Vessel C,4000,12.62,1831.4,0.458,3011.2,Moderate,Fuel B,9.94,26.68,265.19
Vessel B,7000,21.89,1901.8,0.272,3104.1,Calm,Fuel B,5.91,140.29,828.92
Vessel C,4000,14.24,3085.0,0.771,3043.9,Rough,Fuel B,8.91,53.51,476.72
Vessel D,9000,12.7,1822.9,0.203,2020.4,Rough,Green Fuel,6.63,36.06,239.02
Vessel B,7000,19.55,1771.9,0.253,3640.4,Calm,Fuel A,7.76,94.71,734.65
Vessel C,4000,14.92,1476.0,0.369,1727.2,Calm,Fuel B,4.82,36.87,177.78
Vessel B,7000,9.78,5037.3,0.72,598.3,Calm,Green Fuel,2.55,16.19,41.26
Vessel D,9000,12.68,1863.6,0.207,1077.9,Calm,Green Fuel,3.54,29.76,105.39
Vessel A,5000,21.96,3099.3,0.62,3728.4,Moderate,Fuel A,7.07,183.48,1297.9
Vessel B,7000,14.44,2475.2,0.354,1907.2,Calm,Fuel B,5.5,41.04,225.88
Vessel D,9000,20.63,2717.1,0.302,1639.6,Rough,Fuel A,3.31,153.31,507.8
Vessel D,9000,9.05,8248.7,0.917,2031.1,Rough,Green Fuel,9.35,22.75,212.77
Vessel D,9000,16.76,4745.8,0.527,267.9,Calm,Fuel B,0.67,66.35,44.19
Vessel D,9000,9.27,5212.2,0.579,3805.6,Calm,Fuel B,17.1,11.94,204.1
Vessel A,5000,20.76,2615.0,0.523,3858.9,Calm,Fuel A,7.75,125.47,971.89
Vessel C,4000,9.96,1914.5,0.479,3730.5,Calm,Fuel A,15.6,12.39,193.34
Vessel D,9000,20.76,8518.6,0.947,1304.8,Moderate,Fuel B,2.62,192.96,505.4
Vessel C,4000,13.56,1770.8,0.443,991.6,Moderate,Fuel B,3.05,32.61,99.4
Vessel B,7000,16.11,4856.8,0.694,2793.5,Moderate,Fuel A,7.23,75.61,546.33
Vessel B,7000,18.57,5604.5,0.801,1794.3,Calm,Fuel A,4.03,113.07,455.19
Vessel A,5000,14.65,4780.5,0.956,2812.5,Calm,Fuel B,8.0,43.62,348.88
Vessel C,4000,17.51,3797.4,0.949,3600.0,Rough,Green Fuel,8.57,109.12,934.75
Vessel D,9000,13.35,8528.8,0.948,1243.7,Moderate,Fuel B,3.88,51.24,198.84
Vessel B,7000,8.67,6339.5,0.906,1806.2,Moderate,Fuel A,8.68,13.15,114.09
Vessel C,4000,8.05,1584.9,0.396,1954.8,Moderate,Green Fuel,10.12,7.8,78.99
Vessel A,5000,10.54,1055.9,0.211,2880.1,Moderate,Green Fuel,11.38,14.83,168.84
Vessel D,9000,10.63,3854.0,0.428,1540.9,Moderate,Green Fuel,6.04,21.05,127.08
Vessel D,9000,9.0,7550.5,0.839,346.7,Calm,Fuel B,1.61,12.23,19.64
Vessel B,7000,21.37,2480.9,0.354,471.5,Rough,Fuel A,0.92,166.51,153.08
Vessel B,7000,16.25,4908.2,0.701,556.9,Moderate,Fuel A,1.43,75.36,107.61
Vessel B,7000,15.77,3008.4,0.43,3612.0,Rough,Fuel B,9.54,65.77,627.65
Vessel A,5000,10.74,1044.6,0.209,1450.5,Calm,Fuel B,5.63,12.22,68.8
Vessel B,7000,15.13,6371.8,0.91,829.1,Moderate,Fuel B,2.28,66.48,151.82
Vessel A,5000,16.88,2456.6,0.491,2520.0,Rough,Green Fuel,6.22,101.3,630.26
Vessel A,5000,19.99,2928.4,0.586,2069.9,Moderate,Green Fuel,4.31,147.9,638.03
Vessel A,5000,11.21,3106.6,0.621,270.1,Moderate,Green Fuel,1.0,22.09,22.19
Vessel D,9000,20.15,5047.7,0.561,2946.1,Calm,Fuel B,6.09,133.95,816.09
Vessel D,9000,10.16,6455.1,0.717,2094.8,Calm,Fuel B,8.59,16.47,141.56
Vessel A,5000,17.94,1191.5,0.238,1158.4,Moderate,Fuel A,2.69,75.11,202.08
Vessel A,5000,12.95,2929.8,0.586,2083.8,Moderate,Fuel A,6.7,30.79,206.46
Vessel A,5000,14.07,1809.1,0.362,2738.2,Calm,Fuel B,8.11,32.04,259.8
Vessel D,9000,10.83,8705.1,0.967,1406.7,Moderate,Green Fuel,5.41,30.71,166.12
Vessel C,4000,18.11,1072.1,0.268,2921.3,Calm,Green Fuel,6.72,75.33,506.22
Vessel A,5000,13.28,3829.1,0.766,1495.3,Moderate,Fuel B,4.69,36.94,173.37
Vessel B,7000,11.53,1503.9,0.215,1534.6,Moderate,Fuel B,5.54,19.34,107.24
Vessel D,9000,12.21,5683.5,0.632,3078.5,Moderate,Green Fuel,10.5,35.23,370.02
Vessel C,4000,11.59,1614.7,0.404,792.4,Rough,Green Fuel,2.85,28.01,79.81
Vessel B,7000,14.92,1709.2,0.244,3303.2,Rough,Fuel B,9.23,54.61,503.89
Vessel B,7000,15.09,1543.5,0.221,604.5,Rough,Fuel A,1.67,58.75,98.09
Vessel A,5000,16.05,4559.7,0.912,1726.4,Moderate,Fuel B,4.48,73.8,330.78
Vessel D,9000,20.16,3899.4,0.433,2772.6,Calm,Green Fuel,5.73,131.59,754.01
Vessel B,7000,16.76,5844.1,0.835,597.6,Calm,Green Fuel,1.49,98.4,146.18
Vessel B,7000,9.88,5958.8,0.851,1949.3,Moderate,Fuel B,8.22,18.19,149.52
Vessel B,7000,9.2,6829.3,0.976,2653.9,Calm,Fuel A,12.02,13.58,163.25
Vessel D,9000,13.16,2274.1,0.253,3963.0,Moderate,Fuel A,12.55,34.58,433.92
Vessel C,4000,14.3,2540.0,0.635,1623.2,Calm,Fuel A,4.73,41.32,195.5
Vessel A,5000,15.78,2620.6,0.524,2839.3,Calm,Green Fuel,7.5,57.77,433.04
Vessel B,7000,18.24,2838.6,0.406,3370.9,Calm,Fuel B,7.7,78.71,606.04
Vessel B,7000,14.74,4375.8,0.625,1020.6,Calm,Fuel B,2.88,46.61,134.44
Vessel D,9000,17.35,5675.0,0.631,1339.9,Moderate,Fuel B,3.22,87.63,281.96
Vessel A,5000,14.63,2658.1,0.532,884.1,Rough,Green Fuel,2.52,66.1,166.4
Vessel A,5000,20.46,4436.2,0.887,428.8,Calm,Fuel B,0.87,132.55,115.75
Vessel D,9000,16.53,3779.3,0.42,2778.4,Moderate,Fuel B,7.0,70.31,492.45
Vessel D,9000,11.01,7808.2,0.868,1074.3,Moderate,Fuel B,4.07,25.99,105.71
Vessel D,9000,20.09,4474.9,0.497,1799.2,Calm,Green Fuel,3.73,144.4,538.81
Vessel D,9000,8.28,6280.7,0.698,3870.8,Moderate,Green Fuel,19.47,11.93,232.36
Vessel C,4000,12.75,2976.5,0.744,3642.3,Calm,Green Fuel,11.9,33.08,393.72
Vessel D,9000,9.13,8099.5,0.9,818.1,Rough,Green Fuel,3.73,18.63,69.56
Vessel B,7000,15.8,6176.6,0.882,3027.8,Calm,Green Fuel,7.99,70.74,564.86
Vessel B,7000,16.08,5082.0,0.726,1679.7,Calm,Green Fuel,4.35,72.15,314.07
Vessel C,4000,11.45,2938.8,0.735,3762.6,Moderate,Fuel B,13.69,22.39,306.45
Vessel B,7000,11.54,5649.1,0.807,1720.9,Moderate,Fuel A,6.21,31.54,195.96
Vessel C,4000,10.99,920.9,0.23,1164.2,Calm,Fuel A,4.41,13.19,58.18
Vessel A,5000,20.19,2437.8,0.488,2167.8,Rough,Green Fuel,4.47,161.67,723.42
Vessel C,4000,15.9,2505.7,0.626,2122.7,Calm,Fuel B,5.56,52.87,294.12
Vessel B,7000,16.98,6310.7,0.902,550.0,Moderate,Fuel A,1.35,86.93,117.32
Vessel B,7000,17.46,6777.4,0.968,3470.5,Calm,Fuel B,8.28,86.14,713.42
Vessel D,9000,13.57,8661.7,0.962,2730.2,Moderate,Green Fuel,8.38,59.09,495.32
Vessel A,5000,14.78,2841.3,0.568,1970.6,Moderate,Fuel A,5.55,50.0,277.74
Vessel D,9000,11.82,1817.7,0.202,557.8,Moderate,Fuel B,1.97,21.59,42.46
Vessel B,7000,16.52,2825.9,0.404,3880.0,Rough,Green Fuel,9.79,86.46,846.19
Vessel A,5000,17.97,2473.5,0.495,1668.4,Moderate,Fuel A,3.87,87.41,338.08
Vessel C,4000,10.36,3256.0,0.814,3490.2,Moderate,Fuel A,14.04,18.37,257.97
Vessel B,7000,16.39,6648.0,0.95,3068.9,Calm,Fuel A,7.8,74.66,582.4
Vessel A,5000,11.81,3882.7,0.777,546.1,Calm,Green Fuel,1.93,27.62,53.23
Vessel B,7000,11.14,4491.4,0.642,3861.5,Calm,Green Fuel,14.44,23.04,332.66
Vessel B,7000,12.2,4374.2,0.625,3024.5,Moderate,Fuel A,10.33,30.46,314.59
Vessel D,9000,16.65,6972.8,0.775,2328.0,Calm,Green Fuel,5.82,83.4,485.78
Vessel D,9000,18.77,6758.1,0.751,1988.2,Moderate,Fuel A,4.41,128.94,569.25
Vessel D,9000,17.8,7749.1,0.861,3972.9,Moderate,Green Fuel,9.3,115.38,1072.87
Vessel D,9000,20.25,7319.7,0.813,1411.0,Calm,Fuel B,2.9,160.44,465.8
Vessel D,9000,12.09,6521.6,0.725,3470.8,Moderate,Fuel B,11.96,30.33,362.77
Vessel C,4000,14.07,2622.4,0.656,2209.5,Rough,Fuel A,6.54,48.67,318.42
Vessel D,9000,21.39,4451.5,0.495,269.0,Moderate,Green Fuel,0.52,197.83,103.65
Vessel B,7000,16.98,5003.9,0.715,3434.9,Rough,Fuel B,8.43,96.19,810.68
Vessel C,4000,21.29,3808.4,0.952,1377.7,Calm,Fuel A,2.7,160.38,432.52
Vessel C,4000,17.25,1966.5,0.492,3779.5,Moderate,Fuel B,9.13,70.99,648.12
Vessel A,5000,16.68,1589.4,0.318,3477.1,Calm,Green Fuel,8.69,57.92,503.11
Vessel C,4000,19.37,1318.5,0.33,1779.5,Moderate,Green Fuel,3.83,96.15,368.03
Vessel C,4000,18.6,952.4,0.238,1434.1,Rough,Green Fuel,3.21,103.62,332.93
Vessel D,9000,8.17,5389.3,0.599,434.4,Calm,Fuel B,2.22,8.48,18.79
Vessel D,9000,13.84,6281.9,0.698,2334.4,Calm,Fuel B,7.03,39.81,279.89
Vessel B,7000,15.76,4761.2,0.68,863.9,Rough,Fuel A,2.28,76.38,174.41
Vessel D,9000,19.14,6003.6,0.667,544.5,Moderate,Green Fuel,1.19,137.3,162.77
Vessel B,7000,20.86,5239.9,0.749,783.1,Moderate,Fuel B,1.56,164.43,257.16
Vessel A,5000,10.64,3276.2,0.655,2054.6,Moderate,Fuel A,8.04,17.8,143.23
Vessel C,4000,15.17,2787.1,0.697,3070.3,Rough,Fuel A,8.43,61.11,515.17
Vessel C,4000,20.76,3993.5,0.998,2712.3,Calm,Fuel B,5.44,145.44,791.71
Vessel A,5000,19.69,2175.6,0.435,1824.2,Calm,Fuel A,3.86,96.33,371.9
Vessel A,5000,13.62,4059.4,0.812,1809.6,Rough,Green Fuel,5.54,58.42,323.42
Vessel A,5000,19.79,1041.5,0.208,1333.8,Moderate,Fuel B,2.81,96.89,272.12
Vessel A,5000,10.61,3040.9,0.608,2266.4,Moderate,Green Fuel,8.9,21.05,187.31
Vessel D,9000,11.91,3463.0,0.385,2739.8,Rough,Green Fuel,9.58,33.28,318.9
Vessel A,5000,12.92,2444.4,0.489,3889.7,Rough,Fuel A,12.55,34.91,438.07
Vessel A,5000,20.56,4607.0,0.921,2366.9,Calm,Fuel B,4.8,148.06,710.24
Vessel D,9000,11.84,3766.2,0.418,1865.7,Calm,Green Fuel,6.56,25.84,169.58
Vessel C,4000,16.31,1465.8,0.366,3744.2,Calm,Fuel A,9.56,47.84,457.51
Vessel B,7000,18.68,5120.4,0.731,1340.1,Calm,Green Fuel,2.99,113.26,338.49
Vessel C,4000,8.62,1582.8,0.396,1197.4,Moderate,Fuel B,5.79,7.68,44.44
Vessel B,7000,11.16,6466.1,0.924,2976.7,Moderate,Fuel A,11.12,24.18,268.76
Vessel C,4000,11.56,1781.1,0.445,2724.5,Rough,Green Fuel,9.82,26.4,259.38
Vessel D,9000,8.54,7016.7,0.78,394.3,Moderate,Fuel B,1.92,10.84,20.84
Vessel B,7000,21.23,6931.0,0.99,611.0,Moderate,Green Fuel,1.2,173.58,208.15
Vessel B,7000,10.0,6094.4,0.871,696.5,Moderate,Green Fuel,2.9,22.13,64.23
Vessel C,4000,21.26,2729.3,0.682,2801.0,Moderate,Fuel A,5.49,137.59,755.34
Vessel A,5000,19.72,1110.5,0.222,2817.6,Rough,Fuel B,5.95,111.23,662.28
Vessel D,9000,18.22,2985.6,0.332,877.3,Moderate,Fuel B,2.01,87.62,175.81
Vessel B,7000,19.91,4256.1,0.608,1579.9,Moderate,Green Fuel,3.31,155.18,513.05
Vessel A,5000,9.62,2751.7,0.55,3478.2,Rough,Fuel A,15.07,16.6,250.13
Vessel D,9000,8.26,2716.7,0.302,3054.4,Moderate,Green Fuel,15.4,8.4,129.31
Vessel B,7000,8.52,3420.9,0.489,1612.9,Calm,Green Fuel,7.89,10.15,80.05
Vessel A,5000,15.81,2015.5,0.403,2395.5,Calm,Fuel B,6.31,45.32,286.1
Vessel B,7000,19.18,3825.2,0.546,924.9,Rough,Fuel A,2.01,139.25,279.86
Vessel B,7000,10.79,3782.4,0.54,270.5,Moderate,Fuel B,1.04,20.5,21.41
Vessel B,7000,11.95,4096.0,0.585,3961.6,Calm,Fuel B,13.81,24.69,340.91
Vessel D,9000,12.36,8932.3,0.992,1164.8,Moderate,Green Fuel,3.93,44.96,176.49
Vessel C,4000,18.26,1661.5,0.415,3888.1,Moderate,Fuel A,8.87,85.47,758.17
Vessel C,4000,19.75,2688.8,0.672,3581.9,Calm,Fuel B,7.56,100.8,761.56
Vessel A,5000,13.58,1478.5,0.296,575.3,Moderate,Fuel B,1.77,28.17,49.72
Vessel C,4000,16.13,2702.6,0.676,2875.5,Calm,Green Fuel,7.43,60.55,449.82
Vessel B,7000,11.6,3899.1,0.557,1587.2,Moderate,Fuel A,5.7,25.93,147.89
Vessel D,9000,13.18,5032.7,0.559,3921.8,Calm,Fuel A,12.4,34.61,429.17
Vessel B,7000,21.48,4955.1,0.708,3735.6,Rough,Green Fuel,7.25,233.12,1689.17
Vessel C,4000,9.64,1757.9,0.439,2040.0,Rough,Fuel A,8.82,14.42,127.13
Vessel D,9000,17.87,4805.8,0.534,3474.7,Moderate,Green Fuel,8.1,110.65,896.21
Vessel C,4000,15.31,2178.4,0.545,1985.3,Moderate,Fuel B,5.4,45.87,247.78
Vessel A,5000,20.17,1950.8,0.39,1691.3,Calm,Fuel A,3.49,103.75,362.47
Vessel A,5000,9.87,3745.5,0.749,422.6,Calm,Green Fuel,1.78,15.88,28.34
Vessel C,4000,10.16,3432.9,0.858,894.1,Moderate,Fuel B,3.67,18.44,67.62
Vessel B,7000,16.05,2044.9,0.292,2319.0,Moderate,Green Fuel,6.02,66.03,397.48
Vessel C,4000,15.59,3645.4,0.911,1723.4,Moderate,Green Fuel,4.61,70.65,325.4
Vessel A,5000,17.65,4872.6,0.975,2274.9,Moderate,Green Fuel,5.37,123.94,665.52
Vessel D,9000,21.51,5325.9,0.592,3997.5,Calm,Fuel B,7.74,161.49,1250.39
Vessel D,9000,15.2,8133.7,0.904,3556.8,Calm,Fuel B,9.75,62.72,611.59
Vessel A,5000,14.84,3011.1,0.602,2473.3,Moderate,Green Fuel,6.95,54.62,379.35
Vessel D,9000,10.44,4522.7,0.503,2895.4,Rough,Fuel A,11.56,24.24,280.13
Vessel A,5000,13.65,3834.9,0.767,464.0,Moderate,Green Fuel,1.42,51.63,73.15
Vessel D,9000,11.53,5950.9,0.661,3891.3,Rough,Fuel A,14.06,34.5,484.98
Vessel D,9000,9.67,7438.3,0.826,3435.5,Calm,Green Fuel,14.8,18.06,267.25
Vessel D,9000,18.41,4241.3,0.471,3278.3,Moderate,Green Fuel,7.42,119.9,889.63
Vessel C,4000,14.47,1765.1,0.441,3791.2,Moderate,Fuel A,10.92,41.77,455.95
Vessel D,9000,17.97,7862.2,0.874,2193.4,Moderate,Green Fuel,5.09,131.32,667.94
Vessel A,5000,20.05,4286.6,0.857,1475.0,Calm,Green Fuel,3.06,135.0,413.76
Vessel C,4000,14.05,3386.8,0.847,2456.7,Calm,Green Fuel,7.29,44.68,325.55
Vessel C,4000,9.4,3214.0,0.804,2952.0,Calm,Green Fuel,13.08,13.11,171.44
Vessel B,7000,10.12,5024.1,0.718,3281.9,Rough,Fuel B,13.51,21.21,286.47
Vessel D,9000,15.02,1967.7,0.219,2630.3,Calm,Fuel A,7.3,40.83,297.85
Vessel C,4000,20.08,2481.8,0.62,3619.1,Moderate,Fuel A,7.51,131.97,990.94
Vessel D,9000,14.71,7644.3,0.849,2156.9,Moderate,Green Fuel,6.11,69.62,425.26
Vessel C,4000,20.92,1213.6,0.303,3261.4,Calm,Green Fuel,6.5,108.31,703.67
Vessel A,5000,20.48,3543.5,0.709,326.9,Rough,Green Fuel,0.67,193.61,128.78
Vessel D,9000,19.63,7552.5,0.839,3186.0,Calm,Fuel B,6.76,132.1,893.14
Vessel D,9000,12.3,4668.5,0.519,2296.8,Moderate,Green Fuel,7.78,34.31,267.0
Vessel C,4000,16.43,2633.6,0.658,2045.2,Moderate,Fuel B,5.19,64.13,332.68
Vessel D,9000,14.3,6003.0,0.667,751.3,Calm,Green Fuel,2.19,55.19,120.82
Vessel D,9000,14.74,4684.7,0.521,2117.6,Rough,Fuel B,5.98,66.12,395.69
Vessel C,4000,18.18,1662.6,0.416,2200.3,Calm,Green Fuel,5.04,72.81,367.13
Vessel A,5000,13.03,3321.7,0.664,3096.0,Calm,Fuel B,9.9,32.97,326.49
Vessel A,5000,16.52,4801.1,0.96,3292.5,Rough,Fuel A,8.3,103.97,863.36
Vessel D,9000,16.81,7525.0,0.836,1360.6,Moderate,Fuel B,3.37,80.37,270.97
Vessel D,9000,19.66,6754.4,0.75,3559.8,Calm,Fuel A,7.54,121.15,913.86
Vessel B,7000,12.33,4854.6,0.694,505.2,Moderate,Fuel A,1.71,29.48,50.31
Vessel B,7000,11.32,4214.2,0.602,3289.0,Calm,Fuel A,12.11,22.39,271.17
Vessel A,5000,12.6,3614.0,0.723,3134.2,Calm,Fuel A,10.36,29.1,301.51
Vessel B,7000,20.39,1651.6,0.236,3723.3,Calm,Green Fuel,7.61,112.94,859.21
Vessel B,7000,15.8,5102.3,0.729,3808.1,Calm,Fuel A,10.04,59.68,599.43
Vessel B,7000,8.98,2832.9,0.405,646.4,Calm,Green Fuel,3.0,10.24,30.72
Vessel A,5000,11.76,3608.2,0.722,1160.4,Calm,Fuel A,4.11,26.79,110.13
Vessel D,9000,10.3,7223.5,0.803,271.4,Moderate,Fuel B,1.1,21.3,23.38
Vessel A,5000,9.45,3840.6,0.768,2855.8,Calm,Fuel A,12.59,13.93,175.36
Vessel B,7000,14.29,5368.0,0.767,3366.9,Moderate,Fuel A,9.82,53.09,521.15
Vessel D,9000,14.13,4013.7,0.446,345.6,Rough,Fuel A,1.02,57.34,58.42
Vessel A,5000,8.08,1171.1,0.234,2226.7,Calm,Fuel A,11.48,6.06,69.61
Vessel A,5000,16.16,4743.5,0.949,3388.7,Rough,Fuel B,8.74,93.56,817.25
Vessel B,7000,21.22,4296.8,0.614,2348.1,Calm,Green Fuel,4.61,156.29,720.63
Vessel D,9000,17.27,6888.1,0.765,2154.4,Rough,Fuel A,5.2,108.06,561.69
Vessel D,9000,9.54,3524.3,0.392,1362.8,Calm,Green Fuel,5.95,13.77,81.9
Vessel B,7000,13.38,2627.9,0.375,2916.5,Calm,Fuel A,9.08,29.76,270.33
Vessel D,9000,17.97,2481.7,0.276,2638.0,Moderate,Fuel B,6.12,87.81,537.1
Vessel C,4000,8.95,2954.1,0.739,873.1,Rough,Fuel A,4.06,13.31,54.11
Vessel B,7000,11.89,5136.4,0.734,636.2,Rough,Fuel B,2.23,33.93,75.65
Vessel D,9000,19.43,3398.4,0.378,3075.2,Calm,Green Fuel,6.59,111.45,734.98
Vessel D,9000,9.29,4897.3,0.544,916.3,Moderate,Green Fuel,4.11,14.97,61.49
Vessel D,9000,21.1,2986.1,0.332,3190.5,Calm,Fuel B,6.3,127.33,802.06
Vessel B,7000,18.8,6549.4,0.936,3508.8,Moderate,Fuel B,7.78,135.7,1055.09
Vessel A,5000,10.42,1049.2,0.21,1820.5,Moderate,Fuel B,7.28,13.68,99.59
Vessel A,5000,21.75,1252.1,0.25,3885.6,Rough,Green Fuel,7.44,174.0,1295.25
Vessel A,5000,18.61,3253.9,0.651,1555.8,Calm,Fuel B,3.48,78.16,272.29
Vessel B,7000,11.82,4908.1,0.701,3274.6,Rough,Fuel B,11.54,33.8,390.11
Vessel B,7000,18.03,3944.7,0.564,2572.8,Moderate,Fuel B,5.95,92.29,548.77
Vessel A,5000,11.37,1618.3,0.324,726.1,Rough,Fuel A,2.66,23.54,62.6
Vessel D,9000,10.38,1801.1,0.2,3842.1,Moderate,Green Fuel,15.43,16.39,252.84
Vessel D,9000,12.17,5834.7,0.648,1530.1,Calm,Fuel A,5.24,28.56,149.62
Vessel A,5000,12.72,2183.3,0.437,2828.9,Calm,Green Fuel,9.27,28.72,266.21
Vessel B,7000,17.69,5113.2,0.73,1786.3,Moderate,Fuel A,4.21,105.34,443.33
Vessel D,9000,18.23,3438.1,0.382,3720.9,Calm,Fuel B,8.51,87.43,743.67
Vessel A,5000,18.11,4535.6,0.907,3958.9,Moderate,Fuel B,9.11,108.26,986.26
Vessel A,5000,17.61,2272.4,0.454,1324.9,Calm,Fuel B,3.14,66.37,208.09
Vessel B,7000,14.31,3211.8,0.459,1107.1,Rough,Green Fuel,3.22,61.42,198.05
Vessel D,9000,17.61,4968.0,0.552,3210.4,Calm,Fuel A,7.6,94.95,721.46
Vessel B,7000,17.86,6386.2,0.912,1110.5,Rough,Green Fuel,2.59,141.86,367.5
Vessel A,5000,12.58,1544.5,0.309,275.0,Calm,Fuel A,0.91,24.87,22.65
Vessel B,7000,17.72,6060.5,0.866,534.2,Rough,Fuel A,1.26,119.87,150.57
Vessel D,9000,21.55,7899.5,0.878,2282.9,Calm,Green Fuel,4.41,221.53,977.82
Vessel D,9000,15.65,4839.5,0.538,3056.8,Moderate,Fuel A,8.14,64.88,527.99
Vessel C,4000,13.22,3492.9,0.873,1900.7,Moderate,Fuel B,5.99,36.11,216.32
Vessel A,5000,17.73,4230.0,0.846,214.2,Moderate,Green Fuel,0.5,101.62,51.15
Vessel A,5000,14.01,4871.2,0.974,3143.9,Moderate,Fuel A,9.35,51.59,482.44
Vessel D,9000,8.48,6730.6,0.748,343.6,Rough,Fuel B,1.69,13.25,22.37
Vessel B,7000,8.99,4429.4,0.633,1120.9,Rough,Green Fuel,5.2,16.93,87.95
Vessel C,4000,9.19,1140.8,0.285,3505.3,Calm,Fuel B,15.89,8.4,133.44
Vessel C,4000,20.99,3427.7,0.857,1201.1,Calm,Fuel A,2.38,138.68,330.69
Vessel A,5000,9.02,4346.8,0.869,1450.2,Calm,Fuel B,6.7,12.15,81.4
Vessel A,5000,21.64,2758.0,0.552,2347.7,Calm,Fuel B,4.52,143.75,649.82
Vessel C,4000,17.74,1608.3,0.402,3840.7,Rough,Fuel A,9.02,91.28,823.32
Vessel B,7000,15.8,2558.3,0.365,1940.7,Moderate,Fuel A,5.12,55.15,282.23
Vessel C,4000,14.35,3124.6,0.781,3936.3,Calm,Fuel A,11.43,41.68,476.46
Vessel C,4000,16.97,2474.2,0.619,2137.0,Rough,Fuel A,5.25,87.68,459.98
Vessel B,7000,19.35,3847.6,0.55,2384.7,Calm,Fuel B,5.13,99.56,511.2
Vessel C,4000,17.06,3777.8,0.944,3913.5,Moderate,Green Fuel,9.56,90.97,869.78
Vessel B,7000,16.92,6845.9,0.978,766.6,Calm,Fuel B,1.89,85.33,161.11
Vessel D,9000,18.14,6566.0,0.73,3104.0,Moderate,Fuel A,7.13,117.33,836.71
Vessel B,7000,16.21,4501.1,0.643,3268.7,Calm,Fuel B,8.4,57.88,486.35
Vessel A,5000,11.82,1978.0,0.396,3014.0,Calm,Green Fuel,10.62,22.11,234.83
Vessel A,5000,10.61,1708.8,0.342,2705.7,Rough,Fuel B,10.62,16.67,177.13
Vessel A,5000,9.58,2725.0,0.545,3083.9,Moderate,Fuel B,13.41,12.36,165.78
Vessel A,5000,14.13,4872.9,0.975,2946.5,Rough,Fuel B,8.69,63.68,553.44
Vessel A,5000,11.31,2381.7,0.476,3198.0,Moderate,Fuel B,11.78,19.58,230.72
Vessel C,4000,20.29,1759.1,0.44,3901.0,Rough,Fuel A,8.01,136.47,1093.45
Vessel B,7000,16.11,4640.7,0.663,2530.9,Calm,Fuel B,6.55,62.67,410.25
Vessel D,9000,12.45,3471.7,0.386,1521.2,Rough,Fuel B,5.09,36.24,184.49
Vessel A,5000,16.62,1403.5,0.281,3143.3,Moderate,Fuel B,7.88,61.64,485.82
Vessel A,5000,14.63,3594.0,0.719,3159.2,Calm,Fuel A,9.0,49.28,443.33
Vessel D,9000,14.82,2793.8,0.31,1017.9,Moderate,Green Fuel,2.86,57.27,163.84
Vessel D,9000,8.19,2359.1,0.262,2418.2,Calm,Fuel B,12.3,7.25,89.17
Vessel B,7000,11.24,3325.4,0.475,3062.2,Moderate,Fuel B,11.36,21.29,241.75
Vessel A,5000,11.87,1417.4,0.283,349.1,Calm,Green Fuel,1.23,21.13,25.89
Vessel C,4000,15.19,3390.7,0.848,3583.2,Moderate,Fuel A,9.83,58.19,572.05
Vessel C,4000,16.45,2199.6,0.55,2870.8,Rough,Fuel A,7.27,76.11,553.33
Vessel C,4000,20.69,1404.6,0.351,2437.4,Calm,Fuel B,4.91,111.89,549.33
Vessel D,9000,19.93,8374.9,0.931,1312.8,Rough,Fuel A,2.74,184.47,506.35
Vessel A,5000,10.46,3634.5,0.727,247.9,Rough,Fuel A,0.99,24.12,23.81
Vessel A,5000,21.07,4575.8,0.915,2544.2,Moderate,Fuel A,5.03,172.77,869.08
Vessel C,4000,20.07,2373.5,0.593,2793.4,Calm,Fuel B,5.8,102.97,597.24
Vessel A,5000,15.7,2323.9,0.465,944.2,Calm,Fuel B,2.51,53.09,133.05
Vessel C,4000,14.52,2293.2,0.573,1230.8,Calm,Fuel A,3.53,39.56,139.75
Vessel D,9000,11.21,3065.8,0.341,1997.8,Calm,Fuel A,7.42,19.16,142.21
Vessel D,9000,8.55,8539.0,0.949,706.9,Calm,Fuel A,3.45,12.51,43.11
Vessel A,5000,9.59,1132.7,0.227,234.6,Calm,Fuel A,1.02,10.21,10.41
Vessel A,5000,18.87,3140.3,0.628,1395.3,Moderate,Fuel B,3.08,109.85,338.52
Vessel B,7000,21.39,3077.0,0.44,1762.0,Rough,Fuel A,3.43,174.26,597.98
Vessel D,9000,14.25,2293.3,0.255,2520.4,Calm,Green Fuel,7.37,42.18,310.81
Vessel D,9000,15.98,3006.9,0.334,2887.1,Rough,Green Fuel,7.53,76.29,574.42
Vessel A,5000,19.42,3471.7,0.694,1020.7,Rough,Green Fuel,2.19,141.27,309.42
Vessel C,4000,10.99,2137.1,0.534,3164.6,Calm,Fuel B,11.99,15.26,182.98
Vessel A,5000,13.98,2641.4,0.528,997.3,Rough,Fuel B,2.97,42.7,126.89
Vessel D,9000,20.48,5335.7,0.593,3826.6,Moderate,Green Fuel,7.79,161.18,1255.01
Vessel B,7000,12.82,4903.7,0.701,3577.4,Rough,Fuel B,11.62,40.4,469.61
Vessel D,9000,21.42,3041.3,0.338,2782.8,Moderate,Fuel B,5.41,133.76,724.0
Vessel A,5000,14.47,1049.6,0.21,231.6,Calm,Fuel B,0.67,30.29,20.2
Vessel C,4000,20.52,3891.5,0.973,2432.0,Rough,Fuel B,4.94,181.24,895.18
Vessel B,7000,16.1,5323.4,0.76,2529.3,Moderate,Fuel A,6.55,73.16,478.98
Vessel D,9000,9.8,2458.2,0.273,601.2,Calm,Green Fuel,2.56,13.7,35.02
Vessel C,4000,10.8,3914.5,0.979,1496.6,Calm,Green Fuel,5.77,20.24,116.86
Vessel A,5000,20.11,1268.3,0.254,3201.8,Moderate,Green Fuel,6.64,118.44,785.89
Vessel B,7000,15.66,6748.2,0.964,3282.4,Moderate,Fuel B,8.73,76.61,669.15
Vessel D,9000,19.06,5236.4,0.582,1481.9,Moderate,Green Fuel,3.24,130.55,422.84
Vessel D,9000,14.96,2866.4,0.318,1269.9,Rough,Fuel A,3.54,60.62,214.36
Vessel D,9000,21.36,7916.2,0.88,828.2,Rough,Fuel A,1.62,244.47,394.92
Vessel A,5000,20.61,2251.8,0.45,2060.3,Moderate,Green Fuel,4.16,143.4,597.26
Vessel D,9000,14.32,1913.6,0.213,2794.4,Rough,Fuel A,8.13,49.61,403.28
Vessel D,9000,9.8,4549.3,0.505,214.1,Moderate,Fuel A,0.91,16.33,14.87
Vessel B,7000,11.23,5564.9,0.795,1354.6,Moderate,Fuel A,5.03,24.08,121.06
Vessel C,4000,8.61,1495.2,0.374,666.6,Rough,Fuel A,3.23,9.8,31.61
Vessel C,4000,20.32,1484.7,0.371,878.5,Rough,Fuel B,1.8,130.76,235.54
Vessel A,5000,21.69,2737.7,0.548,1207.3,Calm,Fuel A,2.32,148.27,343.87
Vessel B,7000,19.65,3969.1,0.567,3463.3,Moderate,Fuel B,7.34,113.07,830.31
Vessel A,5000,20.41,3249.1,0.65,2036.7,Calm,Green Fuel,4.16,139.05,578.12
Vessel D,9000,21.71,3988.1,0.443,2141.8,Calm,Fuel B,4.11,149.42,614.2
Vessel A,5000,8.09,3031.4,0.606,1795.0,Rough,Green Fuel,9.25,10.08,93.23
Vessel D,9000,20.28,7428.4,0.825,3206.6,Calm,Fuel A,6.59,132.91,875.79
Vessel A,5000,14.56,2699.5,0.54,3721.1,Calm,Green Fuel,10.65,48.37,515.08
Vessel C,4000,21.86,3288.9,0.822,2460.1,Calm,Fuel B,4.69,137.94,646.77
Vessel D,9000,16.48,6879.6,0.764,3464.9,Moderate,Fuel A,8.76,80.86,708.5
Vessel A,5000,17.54,2397.8,0.48,418.3,Calm,Green Fuel,0.99,84.36,83.81
Vessel C,4000,19.94,1503.2,0.376,1003.8,Calm,Green Fuel,2.1,99.55,208.78
Vessel C,4000,15.09,3488.0,0.872,3256.7,Moderate,Fuel B,8.99,53.79,483.56
Vessel B,7000,16.7,6533.1,0.933,2260.0,Calm,Fuel A,5.64,77.85,439.1
Vessel D,9000,15.17,6969.5,0.774,2688.6,Calm,Fuel A,7.39,62.05,458.38
Vessel C,4000,14.56,1601.6,0.4,1421.1,Calm,Fuel B,4.07,35.04,142.56
Vessel B,7000,11.79,3063.2,0.438,1844.0,Calm,Green Fuel,6.52,25.32,165.05
Vessel C,4000,16.87,3649.9,0.912,2663.0,Calm,Fuel B,6.58,71.77,472.17
Vessel A,5000,11.82,4662.0,0.932,204.6,Rough,Green Fuel,0.72,36.74,26.5
Vessel D,9000,21.37,4198.1,0.466,767.8,Moderate,Fuel B,1.5,160.44,240.26
Vessel A,5000,10.71,3148.3,0.63,499.0,Rough,Fuel A,1.94,23.88,46.38
Vessel D,9000,12.15,4789.0,0.532,2783.5,Moderate,Fuel A,9.55,30.57,291.84
Vessel D,9000,8.27,7081.6,0.787,1299.7,Moderate,Fuel A,6.54,11.87,77.68
Vessel B,7000,16.89,4654.9,0.665,2426.9,Moderate,Green Fuel,5.99,100.58,602.18
Vessel B,7000,13.36,3702.5,0.529,1665.8,Moderate,Green Fuel,5.2,43.98,228.55
Vessel A,5000,20.61,1523.5,0.305,3283.3,Moderate,Green Fuel,6.64,131.78,874.78
Vessel D,9000,12.35,5426.9,0.603,332.6,Calm,Green Fuel,1.12,28.98,32.52
Vessel A,5000,10.24,1341.9,0.268,1022.7,Calm,Fuel B,4.16,12.56,52.24
Vessel D,9000,16.88,6727.6,0.748,2924.0,Moderate,Fuel A,7.22,94.46,681.61
Vessel A,5000,9.26,3502.2,0.7,2842.8,Moderate,Green Fuel,12.8,15.0,191.93
Vessel D,9000,18.85,7571.9,0.841,2008.4,Moderate,Green Fuel,4.44,127.88,567.59
Vessel B,7000,13.4,4369.9,0.624,3153.9,Moderate,Fuel B,9.81,38.12,373.83
Vessel C,4000,11.78,911.9,0.228,2883.3,Calm,Fuel A,10.2,17.16,175.03
Vessel A,5000,9.9,1622.7,0.325,3466.6,Moderate,Fuel B,14.6,12.61,184.01
Vessel D,9000,18.12,4821.5,0.536,1563.3,Calm,Green Fuel,3.59,102.73,369.28
Vessel B,7000,12.02,3203.4,0.458,2931.4,Moderate,Green Fuel,10.16,30.89,313.97
Vessel B,7000,10.44,6119.1,0.874,3036.4,Calm,Fuel A,12.12,21.79,264.14
Vessel D,9000,10.22,2174.7,0.242,829.4,Calm,Fuel A,3.38,13.07,44.2
Vessel B,7000,11.43,6189.7,0.884,381.2,Moderate,Fuel A,1.39,29.18,40.57
Vessel A,5000,8.11,3156.9,0.631,2931.7,Moderate,Green Fuel,15.06,9.35,140.9
Vessel C,4000,17.36,2896.1,0.724,3376.5,Moderate,Fuel B,8.1,75.35,610.48
Vessel A,5000,11.06,3411.8,0.682,396.3,Moderate,Fuel A,1.49,23.38,34.91
Vessel B,7000,17.24,5438.7,0.777,834.8,Calm,Fuel A,2.02,82.85,167.18
Vessel C,4000,13.56,1473.3,0.368,2630.5,Moderate,Fuel B,8.08,30.18,243.86
Vessel B,7000,18.52,2598.4,0.371,2989.4,Moderate,Fuel B,6.72,97.59,656.26
Vessel B,7000,9.66,2803.7,0.401,1279.7,Calm,Fuel B,5.52,11.83,65.31
Vessel C,4000,14.84,1628.4,0.407,967.7,Moderate,Fuel B,2.72,42.92,116.64
Vessel C,4000,19.16,2262.3,0.566,1402.8,Calm,Fuel B,3.05,92.52,282.23
Vessel C,4000,17.27,2561.4,0.64,3158.3,Calm,Fuel A,7.62,69.51,529.79
Vessel D,9000,8.82,5833.9,0.648,2853.3,Calm,Fuel A,13.48,10.88,146.71
Vessel C,4000,18.28,1186.7,0.297,1363.0,Calm,Fuel B,3.11,62.49,194.13
Vessel D,9000,17.59,8739.2,0.971,1085.6,Rough,Green Fuel,2.57,142.81,367.26
Vessel D,9000,21.31,2401.0,0.267,2414.3,Calm,Green Fuel,4.72,128.82,608.05
Vessel A,5000,15.63,3065.5,0.613,867.3,Calm,Green Fuel,2.31,59.17,136.78
Vessel A,5000,9.55,4247.4,0.849,406.8,Rough,Green Fuel,1.77,21.29,37.78
Vessel D,9000,17.38,6605.0,0.734,772.8,Moderate,Fuel A,1.85,103.17,191.17
Vessel C,4000,12.18,2537.3,0.634,2585.0,Moderate,Green Fuel,8.84,29.2,258.23
Vessel B,7000,19.52,4684.9,0.669,1629.4,Moderate,Fuel B,3.48,128.18,445.78
Vessel C,4000,10.71,1434.9,0.359,3096.8,Moderate,Fuel B,12.05,16.88,203.32
Vessel C,4000,16.79,800.4,0.2,3236.2,Calm,Fuel A,8.03,48.08,386.17
Vessel C,4000,17.73,2176.4,0.544,1312.4,Moderate,Fuel B,3.08,78.59,242.38
Vessel A,5000,14.88,1777.9,0.356,2028.0,Moderate,Fuel A,5.68,42.74,242.75
Vessel C,4000,13.25,1581.5,0.395,2845.8,Moderate,Fuel A,8.95,29.11,260.52
Vessel B,7000,9.52,4048.3,0.578,2451.4,Moderate,Fuel A,10.73,14.85,159.25
Vessel C,4000,13.55,2423.2,0.606,3210.6,Rough,Green Fuel,9.87,47.4,467.92
Vessel C,4000,13.8,2764.8,0.691,2522.6,Calm,Fuel B,7.62,36.35,276.93
Vessel A,5000,21.99,2272.7,0.455,2481.7,Calm,Fuel B,4.7,134.64,633.23
Vessel D,9000,12.21,6527.7,0.725,3846.9,Rough,Fuel B,13.13,38.38,503.91
Vessel A,5000,11.79,4416.0,0.883,3890.5,Moderate,Fuel A,13.75,29.73,408.79
Vessel A,5000,21.2,4536.3,0.907,1055.2,Calm,Fuel B,2.07,164.84,341.79
Vessel C,4000,17.39,1205.3,0.301,990.0,Calm,Fuel B,2.37,57.87,137.3
Vessel C,4000,17.15,3523.3,0.881,2176.3,Rough,Fuel A,5.29,108.34,572.78
Vessel C,4000,9.96,3530.0,0.882,879.1,Calm,Fuel A,3.68,16.62,61.14
Vessel B,7000,8.87,4518.2,0.645,1853.0,Calm,Green Fuel,8.71,12.54,109.26
Vessel A,5000,20.7,3498.3,0.7,3493.1,Calm,Fuel B,7.03,126.08,886.43
Vessel A,5000,12.35,4814.6,0.963,2334.4,Moderate,Green Fuel,7.87,37.86,298.13
Vessel B,7000,10.34,6879.4,0.983,1816.9,Calm,Fuel B,7.32,19.34,141.58
Vessel D,9000,8.15,8181.3,0.909,757.2,Calm,Green Fuel,3.87,11.9,46.07
Vessel A,5000,20.09,3384.9,0.677,2411.6,Moderate,Fuel A,5.0,121.48,607.47
Vessel D,9000,21.55,8972.3,0.997,1126.9,Calm,Fuel B,2.18,204.1,444.79
Vessel C,4000,13.43,2761.8,0.69,2788.8,Calm,Green Fuel,8.65,39.8,344.48
Vessel A,5000,21.15,2714.3,0.543,245.1,Calm,Green Fuel,0.48,149.25,72.05
Vessel C,4000,16.85,3362.2,0.841,2228.1,Moderate,Green Fuel,5.51,93.24,513.79
Vessel B,7000,13.13,4881.6,0.697,3625.6,Calm,Fuel A,11.5,33.38,383.92
Vessel A,5000,17.43,1073.4,0.215,619.8,Moderate,Green Fuel,1.48,73.41,108.78
Vessel A,5000,20.38,1341.5,0.268,651.6,Moderate,Fuel B,1.33,109.67,146.08
Vessel D,9000,12.09,4829.5,0.537,3593.9,Moderate,Fuel A,12.38,29.55,365.88
Vessel B,7000,9.91,4700.5,0.672,2572.5,Moderate,Fuel B,10.82,16.92,183.08
Vessel C,4000,21.24,1163.5,0.291,3932.6,Rough,Fuel A,7.72,135.32,1044.04
Vessel A,5000,8.73,2173.1,0.435,2143.6,Rough,Green Fuel,10.23,12.41,126.89
Vessel B,7000,14.21,6163.5,0.88,3790.5,Calm,Green Fuel,11.11,55.13,612.63
Vessel D,9000,18.9,5711.1,0.635,619.1,Rough,Fuel B,1.36,139.87,190.91
Vessel D,9000,21.09,2918.3,0.324,2032.6,Calm,Fuel A,4.02,143.26,575.3
Vessel C,4000,21.27,1979.8,0.495,3532.0,Calm,Fuel B,6.92,124.26,859.85
Vessel C,4000,21.52,1315.0,0.329,1020.2,Calm,Green Fuel,1.98,120.92,238.86
Vessel D,9000,21.43,6398.9,0.711,1774.3,Rough,Fuel B,3.45,229.3,791.15
Vessel D,9000,15.89,7644.1,0.849,2766.3,Moderate,Green Fuel,7.25,88.93,645.05
Vessel D,9000,11.58,8167.8,0.908,1358.8,Calm,Green Fuel,4.89,32.17,157.34
Vessel A,5000,14.66,2197.7,0.44,2761.0,Calm,Green Fuel,7.85,38.04,298.54
Vessel D,9000,14.38,5740.2,0.638,3823.6,Moderate,Fuel A,11.08,59.27,656.41
Vessel D,9000,10.91,8364.9,0.929,2330.0,Calm,Fuel A,8.9,24.73,220.12
Vessel B,7000,20.92,4564.0,0.652,360.6,Calm,Fuel B,0.72,141.6,101.69
Vessel D,9000,17.87,4571.6,0.508,1247.8,Calm,Fuel A,2.91,83.95,244.23
Vessel D,9000,17.9,8817.6,0.98,2517.9,Calm,Green Fuel,5.86,129.78,760.48
Vessel C,4000,13.34,2421.4,0.605,3553.9,Calm,Fuel A,11.1,33.13,367.69
Vessel D,9000,21.22,3765.0,0.418,2867.1,Calm,Fuel B,5.63,125.76,707.9
Vessel D,9000,19.53,4379.3,0.487,2466.5,Calm,Fuel B,5.26,103.13,542.69
Vessel D,9000,10.38,2565.4,0.285,823.6,Rough,Fuel B,3.31,18.05,59.69
Vessel D,9000,21.68,2175.0,0.242,1345.4,Calm,Fuel B,2.59,132.85,343.47
Vessel D,9000,15.92,7816.3,0.868,3884.2,Calm,Green Fuel,10.17,78.76,800.83
Vessel A,5000,8.45,1182.3,0.236,1858.5,Calm,Fuel B,9.17,6.84,62.69
Vessel A,5000,10.75,3619.2,0.724,2688.4,Moderate,Green Fuel,10.42,26.11,272.06
Vessel B,7000,17.69,6504.0,0.929,284.9,Moderate,Fuel B,0.67,107.72,72.28
Vessel C,4000,20.95,3512.8,0.878,303.3,Calm,Fuel B,0.6,125.38,75.63
Vessel A,5000,17.15,4980.2,0.996,3272.7,Rough,Fuel A,7.95,111.79,888.72
Vessel A,5000,11.95,2528.1,0.506,2249.0,Calm,Green Fuel,7.84,22.59,177.17
Vessel B,7000,21.22,4820.2,0.689,3713.4,Moderate,Fuel A,7.29,161.94,1180.75
Vessel A,5000,12.91,1965.9,0.393,2214.8,Calm,Fuel B,7.15,27.36,195.56
Vessel B,7000,20.81,2185.5,0.312,981.3,Moderate,Green Fuel,1.96,151.25,297.2
Vessel C,4000,13.54,1403.5,0.351,2334.7,Moderate,Fuel A,7.18,31.59,226.97
Vessel C,4000,14.08,2039.5,0.51,1297.5,Rough,Fuel B,3.84,48.79,187.36
Vessel C,4000,12.16,2305.7,0.576,2376.5,Calm,Fuel B,8.14,20.82,169.53
Vessel D,9000,10.62,5430.1,0.603,1802.2,Rough,Fuel B,7.07,24.89,175.97
Vessel B,7000,19.73,3437.4,0.491,2323.0,Calm,Fuel A,4.91,109.1,535.35
Vessel A,5000,12.43,4865.3,0.973,906.4,Calm,Green Fuel,3.04,35.7,108.47
Vessel B,7000,12.29,4204.8,0.601,2586.7,Calm,Green Fuel,8.77,30.57,268.11
Vessel B,7000,17.1,6464.4,0.923,846.9,Calm,Green Fuel,2.06,97.87,201.94
Vessel D,9000,10.79,8572.6,0.953,3931.3,Moderate,Fuel A,15.18,25.9,393.23
Vessel B,7000,20.19,1432.9,0.205,1765.1,Calm,Fuel A,3.64,94.17,343.0
Vessel C,4000,19.9,2730.2,0.683,293.7,Calm,Fuel B,0.61,107.39,66.04
Vessel B,7000,14.06,5021.0,0.717,2989.8,Calm,Fuel B,8.86,43.6,386.25
Vessel B,7000,10.08,5331.4,0.762,1857.8,Moderate,Green Fuel,7.68,21.39,164.34
Vessel A,5000,10.38,3323.0,0.665,1486.8,Moderate,Green Fuel,5.97,18.6,111.03
Vessel D,9000,19.7,2137.7,0.238,908.4,Rough,Green Fuel,1.92,137.18,263.51
Vessel D,9000,13.8,3201.4,0.356,1143.9,Calm,Green Fuel,3.45,38.02,131.32
Vessel B,7000,21.42,6228.7,0.89,723.0,Calm,Fuel A,1.41,178.51,251.03
Vessel C,4000,17.97,1814.6,0.454,3625.6,Moderate,Fuel A,8.41,75.53,634.91
Vessel A,5000,16.7,1941.3,0.388,2934.7,Moderate,Fuel B,7.32,57.91,424.15
Vessel A,5000,13.66,2166.1,0.433,3790.8,Calm,Fuel B,11.56,32.4,374.51
Vessel B,7000,12.53,2631.6,0.376,3384.9,Rough,Green Fuel,11.25,40.33,453.78
Vessel B,7000,9.3,4294.1,0.613,3553.7,Calm,Fuel B,15.92,11.35,180.67
Vessel D,9000,15.57,8476.3,0.942,1361.9,Rough,Fuel A,3.64,90.24,328.77
Vessel D,9000,18.46,2630.3,0.292,592.5,Calm,Fuel B,1.34,81.37,108.8
Vessel A,5000,18.25,3733.6,0.747,2371.4,Calm,Green Fuel,5.41,92.71,501.96
Vessel A,5000,12.87,2316.5,0.463,1324.8,Moderate,Green Fuel,4.29,34.04,146.04
Vessel C,4000,17.51,2886.0,0.722,1783.3,Calm,Fuel A,4.24,75.13,318.77
Vessel B,7000,21.14,5770.5,0.824,1554.9,Rough,Fuel B,3.06,218.73,670.2
Vessel B,7000,19.54,4507.9,0.644,1836.7,Calm,Fuel A,3.92,107.51,421.16
Vessel B,7000,17.34,3903.5,0.558,2648.1,Rough,Fuel A,6.36,99.07,630.51
Vessel C,4000,14.7,2099.4,0.525,2677.9,Rough,Fuel A,7.59,55.09,418.15
Vessel D,9000,19.84,7649.3,0.85,2241.4,Moderate,Fuel A,4.71,161.05,757.93
Vessel A,5000,14.41,3268.7,0.654,3289.8,Rough,Fuel B,9.51,59.91,569.88
Vessel C,4000,18.7,1068.2,0.267,502.0,Calm,Fuel B,1.12,59.04,66.05
Vessel A,5000,16.5,1740.7,0.348,2988.0,Moderate,Fuel A,7.54,59.68,450.26
Vessel C,4000,12.63,1539.6,0.385,2951.2,Rough,Fuel A,9.74,33.59,327.12
Vessel D,9000,8.64,1852.2,0.206,2517.0,Rough,Green Fuel,12.14,12.01,145.72
Vessel D,9000,14.59,3719.2,0.413,3117.3,Calm,Green Fuel,8.9,48.56,432.4
Vessel D,9000,9.7,3347.9,0.372,981.2,Calm,Fuel A,4.21,13.48,56.81
Vessel A,5000,14.43,1310.7,0.262,2012.0,Rough,Fuel B,5.81,40.86,237.33
Vessel A,5000,19.71,3760.0,0.752,3129.4,Rough,Fuel A,6.62,143.99,952.62
Vessel D,9000,18.84,3689.7,0.41,974.7,Calm,Fuel B,2.16,92.15,198.64
Vessel A,5000,13.48,4839.7,0.968,1321.9,Calm,Fuel B,4.09,41.23,168.48
Vessel B,7000,14.1,3517.8,0.503,1632.7,Moderate,Green Fuel,4.83,52.2,251.86
Vessel C,4000,19.64,1402.9,0.351,2076.8,Moderate,Green Fuel,4.41,107.65,474.3
Vessel A,5000,13.89,4331.4,0.866,1265.5,Calm,Fuel A,3.8,46.42,176.23
Vessel C,4000,12.86,1466.8,0.367,1341.4,Moderate,Fuel A,4.35,25.84,112.34
Vessel D,9000,10.18,6090.8,0.677,1670.6,Calm,Green Fuel,6.84,17.86,122.18
Vessel D,9000,17.6,4888.6,0.543,230.8,Rough,Green Fuel,0.55,123.45,67.44
Vessel B,7000,20.11,4646.0,0.664,2218.6,Calm,Fuel B,4.6,115.54,531.06
Vessel C,4000,21.22,2221.4,0.555,1892.6,Moderate,Fuel A,3.72,142.08,527.93
Vessel A,5000,8.47,2617.3,0.523,3723.9,Moderate,Fuel A,18.31,8.48,155.24
Vessel A,5000,10.3,1223.9,0.245,2734.0,Calm,Fuel A,11.06,12.94,143.07
Vessel B,7000,19.15,3262.9,0.466,3447.6,Moderate,Fuel B,7.5,102.77,770.95
Vessel C,4000,8.65,2558.9,0.64,3871.8,Moderate,Green Fuel,18.65,10.34,192.78
Vessel D,9000,11.78,4761.7,0.529,3781.2,Calm,Fuel B,13.38,26.35,352.54
Vessel C,4000,19.64,1702.5,0.426,3678.0,Moderate,Fuel B,7.8,102.75,801.95
Vessel D,9000,9.84,8778.9,0.975,1156.7,Rough,Fuel B,4.9,25.34,124.15
Vessel B,7000,11.68,1650.4,0.236,3712.6,Calm,Fuel B,13.25,18.15,240.42
Vessel A,5000,11.07,3714.2,0.743,3774.2,Moderate,Green Fuel,14.21,24.51,348.23
Vessel A,5000,15.54,4245.2,0.849,400.1,Calm,Fuel A,1.07,62.41,66.97
Vessel A,5000,10.64,4035.9,0.807,442.7,Calm,Fuel B,1.73,19.56,33.9
Vessel B,7000,14.77,5958.7,0.851,1932.4,Rough,Green Fuel,5.45,72.36,394.35
Vessel D,9000,21.16,4650.6,0.517,3747.4,Moderate,Green Fuel,7.38,203.97,1505.28
Vessel C,4000,16.29,1118.9,0.28,2754.2,Rough,Fuel B,7.04,66.39,467.61
Vessel D,9000,20.4,4847.7,0.539,1322.4,Moderate,Fuel B,2.7,135.31,365.46
Vessel B,7000,21.62,1726.1,0.247,2797.0,Calm,Fuel B,5.39,114.13,615.31
Vessel C,4000,11.41,967.0,0.242,2366.5,Rough,Fuel B,8.64,20.83,180.06
Vessel A,5000,13.29,3734.9,0.747,3565.8,Calm,Fuel A,11.18,33.92,379.13
Vessel D,9000,20.44,4147.7,0.461,3037.5,Calm,Fuel A,6.19,125.81,779.0
Vessel D,9000,11.53,2622.5,0.291,3411.4,Calm,Fuel B,12.32,18.81,231.79
Vessel B,7000,20.23,5820.9,0.832,1787.8,Moderate,Green Fuel,3.68,167.91,618.22
Vessel C,4000,17.25,2916.6,0.729,2879.1,Rough,Green Fuel,6.95,105.24,731.71
Vessel C,4000,16.58,3002.5,0.751,1925.4,Moderate,Green Fuel,4.84,67.72,327.7
Vessel D,9000,16.58,6978.2,0.775,2763.8,Moderate,Fuel B,6.95,85.62,594.69
Vessel D,9000,14.29,3540.0,0.393,2447.2,Calm,Fuel A,7.13,47.1,336.03
Vessel D,9000,13.52,3253.0,0.361,1036.4,Calm,Green Fuel,3.19,42.09,134.45
Vessel B,7000,16.52,5251.5,0.75,2246.3,Moderate,Green Fuel,5.66,88.83,503.16
Vessel A,5000,20.06,1656.2,0.331,3719.0,Calm,Green Fuel,7.72,105.43,814.36
Vessel B,7000,21.61,4527.7,0.647,412.6,Calm,Fuel A,0.8,156.34,124.37
Vessel A,5000,19.89,4374.7,0.875,1282.9,Moderate,Fuel A,2.69,148.99,400.34
Vessel B,7000,16.03,6909.5,0.987,3479.9,Calm,Fuel B,9.05,64.16,580.51
Vessel C,4000,10.36,2820.7,0.705,3274.9,Calm,Fuel B,13.17,14.33,188.74
Vessel A,5000,11.17,1516.5,0.303,3487.6,Rough,Fuel A,13.01,23.96,311.73
Vessel D,9000,9.54,5830.9,0.648,2078.2,Calm,Fuel A,9.08,12.98,117.78
Vessel B,7000,13.78,2247.5,0.321,1383.7,Moderate,Fuel A,4.18,35.49,148.48
Vessel C,4000,19.02,1805.8,0.451,742.9,Calm,Fuel B,1.63,75.56,122.97
Vessel A,5000,11.1,1879.7,0.376,1783.3,Rough,Fuel B,6.69,22.41,149.97
Vessel B,7000,10.97,3305.3,0.472,1150.8,Calm,Green Fuel,4.37,19.32,84.45
Vessel A,5000,18.14,1743.9,0.349,1780.1,Rough,Green Fuel,4.09,106.99,437.55
Vessel C,4000,9.13,2901.8,0.725,1411.6,Moderate,Green Fuel,6.44,12.31,79.3
Vessel D,9000,14.29,7995.8,0.888,499.4,Calm,Green Fuel,1.46,56.59,82.39
Vessel A,5000,12.45,1583.4,0.317,564.1,Rough,Fuel A,1.89,28.59,53.95
Vessel B,7000,14.5,1476.5,0.211,738.1,Moderate,Fuel A,2.12,36.69,77.8
Vessel C,4000,9.21,2695.8,0.674,1677.1,Moderate,Green Fuel,7.59,12.39,94.0
Vessel A,5000,19.4,4073.0,0.815,1200.1,Rough,Green Fuel,2.58,158.18,407.76
Vessel D,9000,19.07,6819.4,0.758,1171.4,Rough,Fuel B,2.56,152.2,389.57
Vessel B,7000,11.93,2869.0,0.41,3182.4,Calm,Green Fuel,11.11,25.8,286.62
Vessel A,5000,21.51,3325.5,0.665,2460.5,Rough,Fuel B,4.77,173.95,829.14
Vessel A,5000,8.16,4863.6,0.973,1678.1,Moderate,Fuel B,8.57,9.65,82.68
Vessel D,9000,12.08,2687.4,0.299,1965.2,Rough,Green Fuel,6.78,35.71,242.01
Vessel C,4000,10.44,2684.9,0.671,894.6,Calm,Fuel B,3.57,16.56,59.11
Vessel D,9000,13.56,6112.7,0.679,481.7,Calm,Green Fuel,1.48,42.61,63.06
Vessel B,7000,20.48,1441.5,0.206,2812.9,Rough,Green Fuel,5.72,151.1,864.65
Vessel A,5000,18.56,1884.1,0.377,3925.5,Calm,Green Fuel,8.81,87.1,767.57
Vessel B,7000,10.26,3787.2,0.541,675.1,Calm,Fuel B,2.74,15.54,42.61
Vessel C,4000,9.96,2666.9,0.667,2483.2,Rough,Fuel A,10.39,17.48,181.67
Vessel A,5000,20.17,1289.1,0.258,2141.1,Rough,Fuel B,4.42,123.48,546.07
Vessel A,5000,12.28,4539.2,0.908,2101.6,Moderate,Fuel A,7.13,35.01,249.63
Vessel B,7000,11.6,4861.0,0.694,2362.9,Moderate,Fuel B,8.49,30.09,255.36
Vessel C,4000,13.63,1013.2,0.253,1203.1,Moderate,Fuel B,3.68,29.41,108.15
Vessel D,9000,21.31,5296.4,0.588,593.3,Moderate,Green Fuel,1.16,191.92,222.58
Vessel D,9000,14.38,2077.8,0.231,3104.7,Calm,Fuel B,8.99,36.75,330.48
Vessel A,5000,17.57,3897.0,0.779,383.3,Rough,Fuel A,0.91,100.61,91.47
Vessel B,7000,9.72,2827.3,0.404,2937.4,Rough,Fuel A,12.59,15.55,195.83
Vessel A,5000,15.22,2508.0,0.502,3453.3,Rough,Green Fuel,9.45,69.98,661.58
Vessel B,7000,10.77,1674.7,0.239,3037.0,Calm,Fuel A,11.75,14.79,173.73
Vessel D,9000,12.69,4529.7,0.503,857.9,Rough,Green Fuel,2.82,45.61,128.51
Vessel D,9000,21.51,7092.0,0.788,2447.5,Calm,Green Fuel,4.74,181.52,860.72
Vessel B,7000,17.1,2578.7,0.368,2541.9,Moderate,Fuel A,6.19,75.55,467.82
Vessel A,5000,12.0,4668.9,0.934,1259.6,Moderate,Fuel A,4.37,29.84,130.48
Vessel C,4000,13.0,2886.0,0.721,496.8,Moderate,Fuel A,1.59,36.41,57.97
Vessel A,5000,19.91,3811.6,0.762,3191.0,Calm,Fuel A,6.68,102.61,685.26
Vessel A,5000,9.05,4668.7,0.934,2657.1,Moderate,Fuel A,12.24,12.51,153.14
Vessel A,5000,18.97,4898.9,0.98,1046.5,Moderate,Fuel A,2.3,121.22,278.67
Vessel C,4000,21.03,3239.1,0.81,2271.9,Moderate,Green Fuel,4.5,169.84,764.52
Vessel A,5000,17.11,2579.5,0.516,235.0,Moderate,Fuel A,0.57,75.1,42.98
Vessel C,4000,9.39,2069.6,0.517,3847.8,Calm,Green Fuel,17.07,11.04,188.39
Vessel A,5000,16.05,1123.6,0.225,1572.7,Calm,Green Fuel,4.08,49.56,202.33
Vessel C,4000,12.97,887.0,0.222,1715.6,Moderate,Fuel A,5.51,24.9,137.27
Vessel C,4000,11.77,2715.1,0.679,3681.8,Calm,Fuel A,13.04,22.54,293.84
Vessel B,7000,21.32,5457.8,0.78,3358.1,Moderate,Fuel B,6.56,170.71,1120.28
Vessel B,7000,12.72,1982.5,0.283,273.4,Moderate,Green Fuel,0.9,31.93,28.6
Vessel D,9000,14.2,6773.8,0.753,1532.7,Moderate,Fuel A,4.5,56.65,254.83
Vessel A,5000,15.19,1656.0,0.331,2059.9,Moderate,Fuel A,5.65,42.44,239.81
Vessel A,5000,19.41,4552.7,0.911,3119.8,Calm,Fuel A,6.7,114.94,769.88
Vessel B,7000,8.21,3915.7,0.559,2582.0,Moderate,Fuel B,13.1,7.93,103.96
Vessel C,4000,19.23,1120.1,0.28,928.5,Rough,Fuel B,2.01,91.7,184.45
Vessel A,5000,15.68,1798.3,0.36,2069.4,Calm,Fuel B,5.5,49.8,273.83
Vessel B,7000,17.19,2221.5,0.317,3870.6,Rough,Fuel B,9.38,68.33,640.95
Vessel D,9000,20.55,3959.4,0.44,3235.1,Calm,Green Fuel,6.56,153.98,1009.91
Vessel B,7000,15.39,2941.4,0.42,3739.2,Rough,Green Fuel,10.12,73.61,745.22
Vessel D,9000,12.48,4558.1,0.506,911.3,Moderate,Fuel B,3.04,30.0,91.26
Vessel D,9000,10.05,8785.2,0.976,3041.5,Moderate,Fuel B,12.6,21.95,276.63
Vessel D,9000,15.72,4080.6,0.453,2932.9,Calm,Fuel B,7.77,56.09,435.94
Vessel D,9000,17.83,8783.5,0.976,2857.6,Moderate,Fuel B,6.68,111.74,746.33
Vessel D,9000,12.81,7019.8,0.78,1147.5,Calm,Fuel B,3.73,38.36,143.13
Vessel C,4000,10.6,1768.7,0.442,910.3,Moderate,Fuel A,3.58,14.18,50.71
Vessel C,4000,18.5,1028.6,0.257,319.8,Moderate,Fuel B,0.72,74.09,53.38
Vessel C,4000,9.76,2248.9,0.562,3921.7,Moderate,Green Fuel,16.74,14.35,240.25
Vessel C,4000,17.2,1696.0,0.424,1285.5,Calm,Fuel A,3.11,54.52,169.8
Vessel A,5000,14.54,3819.3,0.764,430.1,Calm,Fuel B,1.23,47.37,58.38
Vessel B,7000,18.25,4541.2,0.649,2143.0,Calm,Fuel A,4.89,104.69,512.34
Vessel B,7000,16.27,1736.5,0.248,3720.8,Rough,Fuel A,9.53,70.16,668.67
Vessel B,7000,19.65,6331.3,0.904,2730.0,Moderate,Fuel B,5.79,140.92,815.57
Vessel A,5000,9.5,1370.3,0.274,3610.1,Moderate,Fuel A,15.83,11.19,177.17
Vessel A,5000,20.19,1681.7,0.336,3298.6,Calm,Green Fuel,6.81,107.48,731.79
Vessel C,4000,17.42,3412.5,0.853,735.0,Rough,Green Fuel,1.76,123.76,217.57
Vessel C,4000,11.61,1101.5,0.275,1587.3,Calm,Fuel B,5.7,16.52,94.13
Vessel B,7000,15.87,3826.9,0.547,3733.2,Moderate,Green Fuel,9.8,71.34,699.43
Vessel D,9000,19.39,2511.0,0.279,2542.2,Calm,Fuel A,5.46,90.47,494.29
Vessel A,5000,18.14,3260.1,0.652,2377.9,Moderate,Fuel A,5.46,87.69,479.07
Vessel C,4000,20.11,3763.2,0.941,3837.1,Calm,Green Fuel,7.95,133.41,1060.85
Vessel D,9000,11.88,8088.3,0.899,720.6,Calm,Green Fuel,2.53,38.75,97.93
Vessel C,4000,14.84,3044.8,0.761,3927.6,Rough,Fuel A,11.03,65.41,721.4
Vessel B,7000,15.31,4420.8,0.632,2815.0,Moderate,Fuel B,7.66,55.57,425.86
Vessel A,5000,17.87,1819.7,0.364,3096.5,Rough,Green Fuel,7.22,107.89,779.05
Vessel B,7000,21.15,2922.6,0.418,1971.3,Moderate,Fuel A,3.88,139.69,542.58
Vessel D,9000,9.37,2089.8,0.232,2150.2,Moderate,Green Fuel,9.57,13.23,126.53
Vessel D,9000,9.36,7960.5,0.885,1338.8,Moderate,Green Fuel,5.96,19.61,116.87
Vessel B,7000,10.12,1859.0,0.266,3625.0,Moderate,Green Fuel,14.92,14.99,223.73
Vessel B,7000,19.61,5486.2,0.784,3372.8,Calm,Green Fuel,7.17,132.74,951.3
Vessel B,7000,15.0,3765.2,0.538,2855.3,Calm,Green Fuel,7.93,47.48,376.52
Vessel D,9000,10.85,3146.8,0.35,2362.1,Moderate,Fuel B,9.07,19.39,175.84
Vessel A,5000,9.95,3281.3,0.656,464.9,Moderate,Green Fuel,1.95,18.17,35.36
Vessel A,5000,21.69,3815.4,0.763,248.0,Rough,Green Fuel,0.48,235.27,112.1
Vessel B,7000,15.47,5296.2,0.757,790.5,Moderate,Fuel A,2.13,70.44,149.97
Vessel B,7000,9.71,3814.7,0.545,2683.5,Moderate,Fuel A,11.51,14.59,167.99
Vessel B,7000,20.4,5199.4,0.743,2684.4,Rough,Fuel A,5.48,178.51,978.96
Vessel B,7000,18.14,1510.3,0.216,385.6,Moderate,Green Fuel,0.89,92.81,82.22
Vessel C,4000,20.09,1194.5,0.299,2454.3,Rough,Fuel B,5.09,126.44,643.49
Vessel B,7000,9.93,2140.8,0.306,3575.6,Calm,Fuel A,15.0,12.87,192.97
Vessel B,7000,21.83,3485.8,0.498,923.7,Moderate,Fuel B,1.76,165.19,291.3
Vessel C,4000,10.0,3824.3,0.956,771.3,Rough,Fuel B,3.21,18.58,59.7
Vessel D,9000,17.75,7353.0,0.817,411.4,Moderate,Green Fuel,0.97,120.36,116.26
Vessel D,9000,13.99,8879.5,0.987,283.7,Calm,Fuel A,0.84,55.27,46.7
Vessel B,7000,9.06,3991.9,0.57,3145.9,Rough,Green Fuel,14.47,18.34,265.34
Vessel A,5000,18.91,4499.5,0.9,2188.1,Moderate,Fuel A,4.82,125.51,604.95
Vessel D,9000,14.89,3141.9,0.349,985.4,Moderate,Green Fuel,2.76,58.91,162.4
Vessel B,7000,19.61,6084.5,0.869,1294.0,Rough,Fuel A,2.75,181.47,498.88
Vessel D,9000,19.67,2429.5,0.27,605.1,Moderate,Fuel A,1.28,115.99,148.66
Vessel D,9000,20.97,2027.6,0.225,345.0,Moderate,Fuel A,0.69,125.22,85.82
Vessel B,7000,10.9,2867.9,0.41,499.2,Moderate,Fuel A,1.91,19.31,36.83
Vessel B,7000,14.13,4505.7,0.644,1054.1,Moderate,Fuel A,3.11,52.85,164.29
Vessel A,5000,9.16,4310.9,0.862,3814.1,Moderate,Green Fuel,17.35,16.22,281.36
Vessel B,7000,12.02,4160.1,0.594,3123.6,Moderate,Green Fuel,10.82,30.26,327.54
Vessel D,9000,12.74,5076.6,0.564,3693.8,Calm,Fuel B,12.08,31.88,385.2
Vessel B,7000,10.39,3823.4,0.546,1493.2,Calm,Green Fuel,5.99,17.31,103.65
Vessel C,4000,19.71,2268.1,0.567,3597.4,Calm,Green Fuel,7.61,97.25,739.63
Vessel D,9000,21.92,3011.0,0.335,844.0,Calm,Fuel A,1.6,149.25,239.45
Vessel C,4000,15.45,2115.0,0.529,362.6,Moderate,Fuel B,0.98,49.98,48.88
Vessel C,4000,21.57,3274.9,0.819,3973.5,Calm,Fuel A,7.68,151.18,1160.59
Vessel A,5000,20.68,3340.4,0.668,2748.7,Calm,Fuel A,5.54,131.13,726.11
Vessel D,9000,9.21,8008.2,0.89,494.6,Calm,Fuel B,2.24,13.87,31.03
Vessel D,9000,10.98,2379.7,0.264,383.2,Moderate,Fuel B,1.45,19.01,27.65
Vessel C,4000,9.03,2096.7,0.524,600.1,Calm,Fuel A,2.77,8.91,24.67
Vessel D,9000,18.45,3377.1,0.375,1411.1,Calm,Fuel A,3.19,85.67,273.02
Vessel A,5000,18.73,2781.2,0.556,1456.7,Calm,Green Fuel,3.24,104.6,339.05
Vessel A,5000,20.39,2446.4,0.489,1425.5,Rough,Green Fuel,2.91,150.84,439.3
Vessel A,5000,18.6,1413.7,0.283,3463.9,Calm,Fuel B,7.76,69.98,542.98
Vessel D,9000,21.39,4922.8,0.547,1375.0,Moderate,Fuel A,2.68,164.92,441.78
Vessel D,9000,10.92,5371.4,0.597,2413.0,Calm,Fuel A,9.21,23.31,214.63
Vessel A,5000,15.33,4929.8,0.986,3137.2,Calm,Green Fuel,8.53,66.07,563.35
Vessel C,4000,10.12,2756.9,0.689,1472.5,Calm,Fuel A,6.06,14.51,88.01
Vessel C,4000,10.57,1711.6,0.428,2194.5,Moderate,Green Fuel,8.65,17.78,153.85
Vessel B,7000,18.56,2373.8,0.339,3879.8,Moderate,Fuel A,8.71,82.69,720.1
Vessel B,7000,15.47,5093.1,0.728,3424.8,Calm,Fuel A,9.23,67.24,620.4
Vessel C,4000,14.56,3448.5,0.862,1521.5,Moderate,Fuel B,4.36,46.42,202.16
Vessel A,5000,13.76,1735.4,0.347,3439.0,Rough,Fuel A,10.41,43.57,453.68
Vessel D,9000,14.06,2832.1,0.315,734.6,Calm,Fuel A,2.18,37.62,81.87
Vessel B,7000,9.57,4985.5,0.712,373.3,Rough,Fuel A,1.63,16.83,27.37
Vessel B,7000,10.53,4709.5,0.673,3980.1,Calm,Green Fuel,15.75,20.51,322.92
Vessel C,4000,17.21,1482.1,0.371,1706.8,Calm,Fuel A,4.13,63.29,261.56
Vessel B,7000,9.43,3093.0,0.442,1232.6,Rough,Fuel A,5.44,15.79,85.94
Vessel D,9000,10.54,8742.4,0.971,3397.0,Moderate,Fuel B,13.43,25.0,335.62
Vessel B,7000,19.73,2630.0,0.376,1157.7,Calm,Green Fuel,2.45,120.93,295.69
Vessel B,7000,12.38,4690.3,0.67,3577.2,Moderate,Fuel A,12.04,31.89,383.86
Vessel A,5000,12.56,1226.4,0.245,2692.6,Rough,Green Fuel,8.93,31.13,278.12
Vessel A,5000,12.41,3051.8,0.61,1754.1,Calm,Green Fuel,5.89,30.69,180.71
Vessel C,4000,11.43,3205.9,0.801,3080.2,Calm,Green Fuel,11.23,25.9,290.79
Vessel D,9000,18.03,5346.2,0.594,2275.9,Moderate,Fuel B,5.26,104.19,547.95
Vessel D,9000,21.31,2630.8,0.292,3377.2,Calm,Fuel A,6.6,138.84,916.85
Vessel D,9000,14.78,4989.5,0.554,1454.8,Calm,Green Fuel,4.1,59.63,244.58
Vessel A,5000,14.86,2619.6,0.524,2301.5,Calm,Fuel A,6.45,40.96,264.32
Vessel B,7000,20.26,2571.4,0.367,848.9,Moderate,Green Fuel,1.75,146.41,255.61
Vessel D,9000,8.72,5795.6,0.644,3515.6,Moderate,Fuel A,16.8,11.8,198.23
Vessel A,5000,12.3,3237.6,0.648,1512.7,Rough,Green Fuel,5.12,38.84,198.97
Vessel D,9000,17.46,7465.3,0.829,925.0,Rough,Fuel B,2.21,127.43,281.31
Vessel C,4000,16.75,1662.0,0.415,973.9,Calm,Green Fuel,2.42,65.18,157.94
Vessel D,9000,10.42,5924.8,0.658,2379.9,Moderate,Fuel A,9.52,20.83,198.22
Vessel B,7000,11.57,3635.1,0.519,1752.9,Rough,Fuel B,6.31,30.11,190.06
Vessel A,5000,18.95,3131.3,0.626,1866.0,Moderate,Fuel B,4.1,100.94,414.18
Vessel A,5000,9.34,2418.3,0.484,1242.5,Calm,Fuel A,5.54,11.53,63.92
Vessel D,9000,16.12,5546.5,0.616,2310.9,Rough,Fuel B,5.97,81.01,483.93
Vessel C,4000,8.26,998.3,0.25,590.8,Rough,Fuel B,2.98,7.76,23.14
Vessel B,7000,20.47,4724.6,0.675,1141.4,Rough,Fuel B,2.32,175.92,408.63
Vessel A,5000,10.78,3107.2,0.621,805.2,Moderate,Green Fuel,3.11,23.07,71.81
Vessel D,9000,15.23,6189.8,0.688,1244.5,Moderate,Green Fuel,3.4,71.79,244.37
Vessel C,4000,13.67,3763.9,0.941,2298.6,Calm,Fuel A,7.0,40.17,281.41
Vessel C,4000,10.79,1008.8,0.252,3788.2,Rough,Fuel B,14.63,18.85,275.78
Vessel A,5000,18.34,2060.6,0.412,3758.6,Calm,Green Fuel,8.54,80.95,691.28
Vessel A,5000,20.54,4824.9,0.965,1665.1,Rough,Green Fuel,3.38,244.44,825.58
Vessel A,5000,14.38,2453.3,0.491,914.3,Moderate,Green Fuel,2.65,52.44,138.94
Vessel C,4000,19.72,1727.8,0.432,3656.7,Calm,Green Fuel,7.73,96.96,749.27
Vessel C,4000,21.16,1249.9,0.312,344.0,Calm,Fuel A,0.68,101.63,68.83
Vessel C,4000,19.59,2950.4,0.738,2046.0,Rough,Fuel B,4.35,122.91,534.78
Vessel D,9000,13.42,8321.7,0.925,264.3,Calm,Fuel B,0.82,44.55,36.56
Vessel D,9000,14.98,7737.2,0.86,1258.8,Rough,Fuel A,3.5,76.59,268.23
Vessel D,9000,14.79,8211.6,0.912,1917.6,Calm,Fuel A,5.4,60.04,324.4
Vessel B,7000,17.38,2905.7,0.415,2148.4,Moderate,Fuel B,5.15,77.12,397.3
Vessel B,7000,12.74,2655.4,0.379,2401.7,Calm,Green Fuel,7.85,30.69,241.05
Vessel B,7000,17.57,6394.0,0.913,2456.6,Calm,Green Fuel,5.83,113.08,658.94
Vessel C,4000,17.84,1935.9,0.484,3474.9,Rough,Green Fuel,8.11,99.4,806.57
Vessel A,5000,10.93,2669.4,0.534,1281.3,Rough,Fuel A,4.88,21.84,106.64
Vessel A,5000,12.06,1931.1,0.386,1775.8,Rough,Fuel A,6.14,28.88,177.26
Vessel C,4000,18.69,870.8,0.218,1660.5,Moderate,Fuel B,3.7,76.59,283.58
Vessel C,4000,19.51,2122.3,0.531,3311.6,Calm,Fuel A,7.07,98.4,695.76
Vessel A,5000,11.94,1294.8,0.259,3580.9,Rough,Fuel B,12.49,23.62,295.16
Vessel C,4000,10.85,1699.0,0.425,3603.8,Moderate,Fuel A,13.84,16.71,231.18
Vessel B,7000,8.96,4409.3,0.63,3693.2,Calm,Fuel A,17.17,10.63,182.5
Vessel B,7000,9.08,2548.5,0.364,1309.3,Moderate,Fuel B,6.01,10.46,62.9
Vessel A,5000,15.09,1130.6,0.226,2266.8,Calm,Fuel B,6.26,38.6,241.58
Vessel B,7000,18.95,2778.6,0.397,2134.8,Moderate,Fuel A,4.69,110.09,516.87
Vessel D,9000,18.34,8332.5,0.926,2143.7,Rough,Green Fuel,4.87,171.59,835.63
Vessel B,7000,11.21,2799.2,0.4,2109.6,Moderate,Fuel A,7.84,20.86,163.58
Vessel B,7000,13.4,6588.8,0.941,3138.7,Moderate,Fuel B,9.76,45.28,441.77
Vessel D,9000,11.38,3401.2,0.378,2954.4,Rough,Green Fuel,10.82,32.07,347.0
Vessel D,9000,21.98,2154.2,0.239,1791.3,Moderate,Fuel B,3.4,142.74,484.79
Vessel D,9000,18.97,4193.6,0.466,3578.4,Moderate,Green Fuel,7.86,123.43,969.84
Vessel C,4000,19.36,2956.6,0.739,3767.7,Calm,Green Fuel,8.11,105.78,857.67
Vessel B,7000,14.04,3260.5,0.466,1151.5,Moderate,Fuel A,3.42,43.83,149.76
Vessel C,4000,14.9,1467.2,0.367,3573.1,Calm,Fuel B,9.99,39.08,390.38
Vessel A,5000,17.73,3964.4,0.793,2226.9,Calm,Fuel A,5.23,88.5,463.02
Vessel B,7000,13.24,5660.5,0.809,3122.3,Moderate,Green Fuel,9.83,50.16,492.92
Vessel A,5000,14.69,3195.9,0.639,3081.6,Calm,Fuel A,8.74,46.58,407.05
Vessel C,4000,15.92,942.1,0.236,1154.1,Moderate,Fuel B,3.02,50.26,151.76
Vessel A,5000,20.89,2767.2,0.553,1175.2,Moderate,Green Fuel,2.34,151.44,354.95
Vessel B,7000,15.06,2537.7,0.363,3964.4,Calm,Green Fuel,10.97,49.01,537.69
Vessel D,9000,19.88,5482.9,0.609,3639.1,Moderate,Green Fuel,7.63,154.15,1175.56
Vessel B,7000,11.81,6059.5,0.866,593.7,Calm,Fuel B,2.09,24.56,51.44
Vessel B,7000,17.16,4130.0,0.59,1743.0,Calm,Fuel A,4.23,78.14,330.67
Vessel C,4000,8.58,3740.3,0.935,1078.3,Moderate,Green Fuel,5.24,12.75,66.77
Vessel B,7000,16.98,5415.1,0.774,1980.3,Moderate,Green Fuel,4.86,92.27,448.29
Vessel C,4000,12.97,2386.1,0.597,2250.4,Rough,Green Fuel,7.23,44.28,320.11
Vessel B,7000,14.14,1494.4,0.213,1111.0,Calm,Fuel A,3.27,33.42,109.43
Vessel B,7000,19.23,5618.5,0.803,734.7,Moderate,Fuel A,1.59,136.61,217.49
Vessel D,9000,12.92,3418.3,0.38,1501.5,Calm,Fuel B,4.84,27.3,132.17
Vessel D,9000,10.37,8157.1,0.906,1130.8,Moderate,Fuel B,4.54,22.86,103.9
Vessel D,9000,16.48,4431.8,0.492,1720.6,Calm,Fuel B,4.35,61.81,268.87
Vessel A,5000,9.92,4743.5,0.949,2744.1,Rough,Fuel A,11.53,21.39,246.64
Vessel C,4000,13.61,1322.0,0.33,3554.7,Rough,Fuel B,10.89,35.11,382.25
Vessel B,7000,9.79,4058.0,0.58,3108.6,Moderate,Green Fuel,13.23,17.52,231.75
Vessel B,7000,11.66,6561.0,0.937,3598.7,Moderate,Fuel A,12.86,31.94,410.65
Vessel A,5000,12.46,1705.3,0.341,2151.4,Moderate,Green Fuel,7.19,26.24,188.7
Vessel A,5000,16.99,4803.6,0.961,1501.1,Calm,Fuel A,3.68,84.54,311.2
Vessel C,4000,14.97,3672.5,0.918,3128.8,Rough,Green Fuel,8.71,70.97,617.9
Vessel C,4000,19.06,1166.3,0.292,1789.4,Calm,Fuel B,3.91,69.46,271.7
Vessel C,4000,17.64,1525.6,0.381,3765.8,Calm,Green Fuel,8.9,71.45,635.65
Vessel C,4000,17.06,1995.1,0.499,2786.1,Moderate,Fuel A,6.8,65.68,446.9
Vessel A,5000,13.7,2724.4,0.545,1877.8,Rough,Fuel A,5.71,38.98,222.65
Vessel B,7000,9.76,4062.0,0.58,944.7,Moderate,Green Fuel,4.03,18.42,74.29
Vessel B,7000,13.42,3359.1,0.48,1359.6,Rough,Green Fuel,4.22,49.51,209.02
Vessel D,9000,11.8,7327.8,0.814,868.3,Moderate,Fuel A,3.07,32.77,100.51
Vessel C,4000,15.3,1687.0,0.422,791.8,Calm,Green Fuel,2.16,48.98,105.63
Vessel C,4000,21.71,1035.0,0.259,3328.3,Calm,Fuel B,6.39,112.29,717.34
Vessel A,5000,13.3,4272.4,0.854,2263.2,Rough,Green Fuel,7.09,55.6,394.18
Vessel C,4000,13.71,1529.8,0.382,3223.1,Calm,Fuel A,9.8,33.89,332.11
Vessel A,5000,10.49,3185.7,0.637,2234.9,Calm,Green Fuel,8.88,20.93,185.86
Vessel D,9000,12.1,3185.8,0.354,2628.3,Calm,Fuel A,9.05,27.24,246.58
Vessel A,5000,21.9,4836.8,0.967,1525.7,Calm,Fuel B,2.9,176.27,511.69
Vessel A,5000,13.45,4992.8,0.999,1628.0,Rough,Green Fuel,5.04,55.87,281.86
Vessel A,5000,19.1,4954.4,0.991,2265.5,Rough,Green Fuel,4.94,178.1,880.07
Vessel B,7000,13.92,1768.4,0.253,1577.4,Rough,Fuel A,4.72,43.4,204.92
Vessel D,9000,8.46,5522.5,0.614,2520.4,Calm,Fuel A,12.41,9.88,122.62
Vessel C,4000,10.53,3360.5,0.84,2096.1,Moderate,Green Fuel,8.29,21.36,177.18
Vessel D,9000,16.03,5155.2,0.573,893.9,Moderate,Fuel A,2.32,66.51,154.49
Vessel C,4000,13.73,2067.0,0.517,3058.8,Rough,Green Fuel,9.28,48.81,453.0
Vessel A,5000,18.93,3490.8,0.698,874.4,Calm,Green Fuel,1.92,115.93,223.1
Vessel A,5000,20.88,2796.6,0.559,3007.4,Moderate,Fuel A,6.0,125.48,752.88
Vessel A,5000,20.47,3865.3,0.773,2663.2,Rough,Fuel A,5.42,182.28,988.16
Vessel B,7000,12.56,5799.4,0.828,3860.1,Rough,Fuel B,12.8,42.5,544.22
Vessel C,4000,13.49,3966.6,0.992,3937.6,Moderate,Fuel A,12.16,38.12,463.63
Vessel B,7000,19.91,1779.0,0.254,816.7,Rough,Green Fuel,1.71,145.44,248.63
Vessel C,4000,11.91,1724.7,0.431,1086.0,Moderate,Fuel A,3.8,22.97,87.3
Vessel C,4000,17.37,1983.0,0.496,1062.7,Calm,Green Fuel,2.55,77.96,198.78
Vessel B,7000,8.28,4460.2,0.637,2055.0,Calm,Fuel B,10.34,9.37,96.85
Vessel B,7000,12.56,5687.0,0.812,1550.2,Calm,Green Fuel,5.14,38.44,197.72
Vessel C,4000,17.88,2059.7,0.515,739.2,Calm,Green Fuel,1.72,75.17,129.47
Vessel B,7000,14.84,5007.6,0.715,3107.7,Rough,Fuel B,8.73,75.73,660.76
Vessel A,5000,11.0,3501.1,0.7,3571.1,Moderate,Green Fuel,13.53,23.76,321.44
Vessel A,5000,10.07,2894.2,0.579,2052.6,Moderate,Fuel B,8.5,15.14,128.67
Vessel C,4000,17.02,2072.1,0.518,3353.8,Moderate,Fuel B,8.21,67.37,553.24
Vessel D,9000,20.91,6934.8,0.771,2691.1,Moderate,Fuel B,5.36,171.23,918.04
Vessel C,4000,18.03,904.3,0.226,768.5,Calm,Fuel A,1.78,59.44,105.53
Vessel B,7000,15.74,3001.1,0.429,3248.4,Calm,Fuel B,8.6,54.57,469.22
Vessel A,5000,14.83,1866.0,0.373,3410.2,Calm,Fuel B,9.58,40.8,390.97
Vessel B,7000,10.49,4379.7,0.626,2315.9,Calm,Green Fuel,9.2,18.43,169.6
Vessel A,5000,15.78,1083.0,0.217,775.6,Calm,Green Fuel,2.05,46.64,95.5
Vessel B,7000,12.9,5830.5,0.833,2895.7,Moderate,Fuel B,9.35,33.41,312.56
Vessel D,9000,16.67,2978.7,0.331,1284.7,Calm,Fuel B,3.21,62.61,201.07
Vessel C,4000,8.94,3576.0,0.894,333.0,Calm,Green Fuel,1.55,12.06,18.73
Vessel D,9000,20.58,5186.4,0.576,2154.2,Moderate,Fuel B,4.36,139.87,609.99
Vessel A,5000,12.56,4837.3,0.967,965.5,Rough,Fuel B,3.2,48.45,155.18
Vessel D,9000,11.33,8918.3,0.991,3598.5,Moderate,Fuel B,13.23,29.32,387.92
Vessel C,4000,17.51,2553.5,0.638,1632.7,Calm,Fuel A,3.88,69.78,271.04
Vessel D,9000,12.11,7762.5,0.863,1591.5,Moderate,Green Fuel,5.47,41.73,228.46
Vessel A,5000,8.77,4104.2,0.821,2200.9,Moderate,Green Fuel,10.46,13.04,136.41
Vessel A,5000,9.15,3943.8,0.789,2755.1,Moderate,Green Fuel,12.54,13.67,171.37
Vessel B,7000,16.6,5446.8,0.778,889.0,Moderate,Fuel B,2.23,81.36,181.59
Vessel D,9000,9.08,4271.5,0.475,2881.3,Moderate,Fuel A,13.22,13.39,177.04
Vessel B,7000,13.46,5934.6,0.848,2559.6,Moderate,Green Fuel,7.92,48.78,386.49
Vessel A,5000,19.99,4842.4,0.968,2439.5,Moderate,Green Fuel,5.09,160.74,817.46
Vessel D,9000,18.72,4529.8,0.503,3494.7,Moderate,Fuel A,7.78,116.37,905.09
Vessel D,9000,18.89,8236.6,0.915,2824.3,Moderate,Green Fuel,6.23,138.07,859.96
Vessel C,4000,14.49,2749.2,0.687,433.1,Calm,Green Fuel,1.25,46.93,58.44
Vessel B,7000,15.49,2130.5,0.304,1220.8,Moderate,Green Fuel,3.28,52.42,172.16
Vessel D,9000,20.63,3847.3,0.427,3968.8,Moderate,Fuel B,8.02,135.72,1087.83
Vessel B,7000,13.82,3080.0,0.44,3035.2,Calm,Green Fuel,9.15,42.9,392.56
Vessel D,9000,18.56,3545.4,0.394,1366.0,Calm,Green Fuel,3.07,108.86,333.84
Vessel C,4000,21.14,2167.5,0.542,3691.2,Moderate,Green Fuel,7.27,147.16,1070.44
Vessel B,7000,14.93,2444.5,0.349,660.6,Rough,Fuel B,1.84,58.42,107.72
Vessel C,4000,12.51,1293.3,0.323,2368.1,Moderate,Green Fuel,7.89,26.24,207.02
Vessel B,7000,21.44,1960.1,0.28,2098.3,Moderate,Fuel B,4.08,133.95,546.34
Vessel B,7000,21.19,3630.2,0.519,3469.1,Calm,Fuel A,6.82,137.71,939.28
Vessel B,7000,13.55,2022.8,0.289,448.8,Calm,Green Fuel,1.38,35.13,48.48
Vessel B,7000,17.92,5098.2,0.728,692.2,Calm,Green Fuel,1.61,105.51,169.84
Vessel B,7000,14.47,5902.2,0.843,368.1,Calm,Fuel A,1.06,54.11,57.35
Vessel B,7000,10.94,5789.9,0.827,2012.4,Moderate,Fuel A,7.66,25.9,198.49
Vessel A,5000,20.2,2235.5,0.447,1956.0,Moderate,Fuel A,4.03,130.3,525.65
Vessel B,7000,14.09,3797.3,0.542,2062.9,Rough,Fuel B,6.1,52.13,317.9
Vessel A,5000,16.52,4504.9,0.901,1827.7,Rough,Fuel A,4.61,104.09,479.77
Vessel A,5000,9.58,2947.7,0.59,299.0,Calm,Green Fuel,1.3,12.76,16.6
Vessel B,7000,13.67,6436.4,0.919,977.1,Calm,Fuel A,2.98,45.85,136.56
Vessel C,4000,11.49,3805.4,0.951,2632.5,Rough,Fuel B,9.55,29.2,278.84
Vessel A,5000,11.32,4096.8,0.819,965.5,Calm,Fuel B,3.55,20.06,71.3
Vessel A,5000,13.53,4932.6,0.987,2031.3,Calm,Fuel B,6.25,42.7,267.04
Vessel D,9000,13.3,6803.2,0.756,748.2,Rough,Fuel B,2.34,47.54,111.41
Vessel A,5000,16.66,1221.6,0.244,1730.9,Moderate,Green Fuel,4.33,64.96,281.12
Vessel A,5000,19.38,2220.4,0.444,3484.8,Moderate,Fuel B,7.49,112.97,846.29
Vessel D,9000,19.48,1868.2,0.208,3946.1,Calm,Fuel B,8.44,103.54,873.94
Vessel C,4000,9.65,1542.4,0.386,3180.6,Rough,Fuel A,13.73,13.04,179.06
Vessel B,7000,15.43,1865.9,0.267,2499.1,Calm,Green Fuel,6.75,50.36,339.95
Vessel D,9000,14.94,3950.5,0.439,3767.1,Calm,Fuel A,10.5,46.02,483.39
Vessel D,9000,10.95,4913.9,0.546,614.9,Moderate,Green Fuel,2.34,26.08,61.0
Vessel D,9000,21.2,2515.6,0.28,2682.3,Rough,Fuel A,5.27,166.08,875.36
Vessel D,9000,13.06,7115.2,0.791,1083.8,Moderate,Fuel B,3.46,42.83,148.07
Vessel C,4000,8.71,2333.8,0.583,384.0,Moderate,Green Fuel,1.84,11.15,20.48
Vessel D,9000,18.63,7446.9,0.827,2004.7,Rough,Green Fuel,4.48,183.61,823.36
Vessel A,5000,18.51,2358.6,0.472,883.0,Moderate,Fuel B,1.99,98.98,196.71
Vessel B,7000,20.85,5133.8,0.733,755.7,Moderate,Fuel A,1.51,160.23,241.98
Vessel C,4000,8.53,2261.8,0.565,2728.4,Rough,Fuel A,13.33,11.32,150.82
Vessel C,4000,20.73,3478.1,0.87,644.8,Moderate,Green Fuel,1.3,168.33,218.11
Vessel D,9000,17.78,8254.0,0.917,3029.8,Moderate,Fuel B,7.1,101.9,723.38
Vessel D,9000,11.51,4472.1,0.497,2928.1,Calm,Fuel A,10.6,22.83,242.03
Vessel C,4000,20.84,2856.8,0.714,576.0,Calm,Fuel A,1.15,131.86,151.89
Vessel D,9000,16.79,7076.5,0.786,1152.1,Calm,Fuel A,2.86,77.95,222.86
Vessel A,5000,20.31,3193.9,0.639,3281.9,Calm,Fuel B,6.73,107.44,723.43
Vessel D,9000,11.09,6225.4,0.692,700.8,Rough,Fuel B,2.63,29.45,77.55
Vessel B,7000,19.49,2397.5,0.343,625.5,Moderate,Green Fuel,1.34,109.64,146.61
Vessel D,9000,21.45,3055.6,0.34,403.0,Calm,Fuel A,0.78,148.8,116.5
Vessel A,5000,18.17,3844.1,0.769,446.5,Calm,Fuel A,1.02,96.17,98.46
Vessel C,4000,10.87,1965.5,0.491,701.9,Moderate,Fuel B,2.69,17.59,47.31
Vessel D,9000,15.85,3657.9,0.406,3478.6,Calm,Fuel A,9.14,59.09,540.33
Vessel D,9000,14.33,2719.2,0.302,2602.8,Rough,Green Fuel,7.57,56.67,428.81
Vessel C,4000,20.49,2644.7,0.661,2496.1,Rough,Green Fuel,5.08,147.56,749.12
Vessel A,5000,8.64,3356.8,0.671,1259.0,Moderate,Fuel B,6.07,11.59,70.38
Vessel A,5000,17.27,1631.8,0.326,1307.3,Rough,Fuel B,3.15,84.75,267.31
Vessel A,5000,12.2,4981.4,0.996,521.3,Calm,Fuel A,1.78,31.07,55.32
Vessel D,9000,9.31,3112.7,0.346,3716.2,Rough,Fuel B,16.63,14.49,241.01
Vessel B,7000,8.66,6480.5,0.926,2675.3,Rough,Fuel B,12.87,12.8,164.68
Vessel D,9000,13.87,6713.8,0.746,1048.8,Calm,Fuel A,3.15,51.87,163.46
Vessel A,5000,19.16,2526.4,0.505,1524.6,Calm,Fuel A,3.32,78.58,260.51
Vessel C,4000,15.17,3788.4,0.947,2452.1,Calm,Fuel B,6.74,52.43,353.22
Vessel C,4000,16.23,1686.0,0.421,672.9,Calm,Fuel B,1.73,42.51,73.43
Vessel C,4000,12.55,1544.9,0.386,2062.5,Calm,Fuel B,6.85,23.09,158.13
Vessel A,5000,9.83,4735.8,0.947,1125.9,Calm,Fuel A,4.77,15.8,75.43
Vessel A,5000,19.06,1419.0,0.284,302.0,Rough,Green Fuel,0.66,120.15,79.35
Vessel C,4000,16.06,3431.0,0.858,3726.9,Moderate,Fuel A,9.67,67.09,648.69
Vessel C,4000,12.14,1720.8,0.43,1451.7,Rough,Green Fuel,4.98,28.21,140.49
Vessel C,4000,8.67,1722.7,0.431,297.1,Moderate,Fuel B,1.43,8.14,11.62
Vessel A,5000,13.32,3264.0,0.653,1240.4,Moderate,Green Fuel,3.88,41.26,160.09
Vessel A,5000,9.56,2126.9,0.425,1102.6,Calm,Fuel B,4.8,10.7,51.38
Vessel B,7000,8.71,2369.3,0.338,1414.3,Calm,Green Fuel,6.77,10.56,71.46
Vessel A,5000,21.24,1336.7,0.267,3925.5,Calm,Fuel B,7.7,108.0,831.59
Vessel B,7000,16.03,2885.7,0.412,3119.2,Moderate,Fuel A,8.11,63.49,514.65
Vessel A,5000,14.83,2524.7,0.505,2420.0,Moderate,Fuel B,6.8,45.32,308.21
Vessel D,9000,17.81,7960.5,0.884,875.0,Moderate,Fuel B,2.05,112.26,229.79
Vessel D,9000,19.89,4341.0,0.482,2646.2,Calm,Fuel A,5.54,104.08,576.96
Vessel C,4000,11.09,3090.4,0.773,480.1,Moderate,Green Fuel,1.8,24.38,43.97
Vessel A,5000,21.51,3286.7,0.657,2376.1,Rough,Green Fuel,4.6,220.43,1014.73
Vessel C,4000,21.51,3872.1,0.968,311.3,Calm,Fuel B,0.6,160.94,97.04
Vessel D,9000,11.0,3203.1,0.356,2183.8,Calm,Green Fuel,8.27,19.89,164.46
Vessel B,7000,17.43,3033.4,0.433,2270.2,Moderate,Fuel A,5.43,79.93,433.77
Vessel A,5000,19.66,3488.3,0.698,2060.3,Calm,Fuel B,4.37,104.51,456.44
Vessel D,9000,8.11,6500.9,0.722,3033.9,Moderate,Green Fuel,15.59,11.37,177.29
Vessel C,4000,11.58,1591.6,0.398,1829.3,Rough,Green Fuel,6.58,26.88,176.96
Vessel B,7000,13.35,5935.3,0.848,616.5,Moderate,Green Fuel,1.92,51.14,98.43
Vessel A,5000,15.87,1630.6,0.326,2629.5,Moderate,Green Fuel,6.9,63.12,435.81
Vessel B,7000,19.16,3314.3,0.473,2955.0,Rough,Fuel A,6.43,133.4,857.26
Vessel A,5000,12.96,4986.9,0.997,1629.1,Moderate,Fuel A,5.24,45.46,238.17
Vessel B,7000,9.04,2538.4,0.363,1433.9,Calm,Fuel B,6.61,8.33,55.06
Vessel C,4000,16.01,3887.0,0.972,869.1,Rough,Fuel A,2.26,84.04,190.11
Vessel C,4000,20.65,1960.8,0.49,1125.1,Calm,Green Fuel,2.27,118.68,269.47
Vessel A,5000,21.83,2155.8,0.431,3509.9,Calm,Fuel B,6.7,132.11,884.95
Vessel B,7000,19.45,6266.2,0.895,3542.9,Moderate,Fuel B,7.59,140.09,1063.3
Vessel C,4000,14.15,1720.8,0.43,3440.4,Calm,Green Fuel,10.13,36.32,368.03
Vessel D,9000,15.98,3012.6,0.335,1993.6,Moderate,Fuel B,5.2,60.74,315.76
Vessel D,9000,18.9,7015.6,0.78,1073.7,Moderate,Fuel B,2.37,126.71,300.01
Vessel C,4000,12.43,3881.7,0.97,1097.5,Rough,Green Fuel,3.68,45.45,167.16
Vessel D,9000,11.17,6882.7,0.765,1646.2,Moderate,Fuel A,6.14,26.9,165.16
Vessel B,7000,17.13,3027.2,0.432,981.7,Rough,Fuel B,2.39,92.76,221.53
Vessel C,4000,17.6,1779.7,0.445,627.1,Calm,Fuel A,1.48,60.39,89.66
Vessel D,9000,14.22,1887.2,0.21,3184.1,Calm,Fuel B,9.33,34.91,325.67
Vessel A,5000,10.21,3142.1,0.628,2319.8,Rough,Fuel B,9.47,17.31,163.86
Vessel D,9000,10.13,4633.1,0.515,1160.3,Calm,Fuel A,4.77,16.51,78.83
Vessel D,9000,15.76,6461.6,0.718,249.8,Calm,Green Fuel,0.66,75.94,50.18
Vessel A,5000,21.83,2758.5,0.552,1340.6,Moderate,Fuel A,2.56,167.31,428.14
Vessel D,9000,19.92,8585.7,0.954,2894.8,Rough,Fuel B,6.06,185.9,1125.61
Vessel C,4000,20.73,2238.9,0.56,2807.0,Calm,Fuel A,5.64,111.0,626.11
Vessel A,5000,12.37,4638.2,0.928,2325.7,Moderate,Fuel B,7.83,37.24,291.72
Vessel D,9000,10.08,4310.2,0.479,1221.0,Moderate,Green Fuel,5.05,19.12,96.47
Vessel D,9000,21.66,8965.3,0.996,1201.4,Calm,Fuel A,2.31,193.12,446.39
Vessel A,5000,21.55,1406.0,0.281,2653.0,Moderate,Fuel B,5.13,113.72,583.39
Vessel D,9000,9.73,5435.2,0.604,3468.1,Rough,Fuel A,14.85,17.93,266.39
Vessel D,9000,14.06,4266.2,0.474,3631.4,Rough,Fuel B,10.76,49.64,534.33
Vessel D,9000,21.13,7482.1,0.831,1468.4,Rough,Fuel A,2.9,218.32,632.07
Vessel D,9000,9.52,8511.3,0.946,3855.3,Moderate,Fuel A,16.87,19.25,324.69
Vessel B,7000,16.46,3095.5,0.442,1872.8,Calm,Fuel B,4.74,65.57,310.86
Vessel A,5000,12.44,3392.8,0.679,568.2,Calm,Fuel A,1.9,26.47,50.36
Vessel A,5000,13.06,3772.3,0.754,532.3,Calm,Fuel A,1.7,36.79,62.48
Vessel D,9000,17.22,6143.7,0.683,3832.1,Moderate,Green Fuel,9.27,102.71,952.45
Vessel A,5000,8.89,4503.3,0.901,2991.7,Rough,Fuel B,14.02,14.83,207.87
Vessel B,7000,18.39,1863.3,0.266,870.9,Moderate,Green Fuel,1.97,97.21,191.76
Vessel A,5000,16.63,4630.6,0.926,1962.4,Moderate,Green Fuel,4.92,95.15,467.89
Vessel A,5000,21.71,4181.3,0.836,1417.4,Moderate,Fuel B,2.72,162.5,442.05
Vessel B,7000,18.3,5714.4,0.816,569.7,Calm,Fuel A,1.3,108.88,141.2
Vessel A,5000,17.19,2661.9,0.532,1490.8,Moderate,Green Fuel,3.61,77.27,279.3
Vessel D,9000,20.36,3403.4,0.378,1600.6,Calm,Green Fuel,3.28,145.7,477.33
Vessel D,9000,19.84,4053.7,0.45,2108.7,Moderate,Fuel B,4.43,115.12,509.71
Vessel A,5000,8.58,2982.7,0.597,3660.6,Calm,Fuel B,17.79,8.46,150.52
Vessel C,4000,14.26,3565.1,0.891,910.4,Moderate,Fuel A,2.66,49.8,132.52
Vessel A,5000,15.81,4704.7,0.941,3887.1,Calm,Green Fuel,10.24,66.85,684.8
Vessel A,5000,13.18,1668.4,0.334,3056.5,Calm,Green Fuel,9.67,27.74,268.15
Vessel D,9000,12.41,8895.6,0.988,260.9,Moderate,Fuel A,0.88,38.75,33.96
Vessel B,7000,17.32,4237.0,0.605,3935.5,Rough,Fuel B,9.47,101.73,963.19
Vessel D,9000,13.7,3741.5,0.416,1572.6,Calm,Fuel B,4.78,37.51,179.47
Vessel C,4000,18.5,3828.4,0.957,1166.6,Calm,Green Fuel,2.63,106.92,280.95
Vessel B,7000,10.51,1419.3,0.203,1770.6,Calm,Green Fuel,7.02,14.39,100.97
Vessel B,7000,8.35,5675.8,0.811,3806.0,Rough,Fuel B,18.99,12.44,236.27
Vessel B,7000,9.71,3958.3,0.565,2991.6,Calm,Fuel B,12.84,11.94,153.28
Vessel C,4000,12.83,856.3,0.214,3410.8,Calm,Green Fuel,11.08,24.63,272.75
Vessel B,7000,10.42,3713.1,0.53,3901.0,Moderate,Fuel B,15.6,19.07,297.64
Vessel A,5000,12.73,2210.6,0.442,1107.0,Rough,Green Fuel,3.62,39.13,141.73
Vessel B,7000,11.73,4706.9,0.672,2677.7,Calm,Green Fuel,9.52,29.54,281.05
Vessel A,5000,15.08,3601.8,0.72,3043.4,Rough,Fuel A,8.41,70.38,591.8
Vessel C,4000,11.61,1584.3,0.396,3591.0,Moderate,Green Fuel,12.89,23.87,307.61
Vessel A,5000,12.07,3861.8,0.772,1342.4,Rough,Fuel A,4.63,35.81,165.89
Vessel C,4000,21.15,3121.6,0.78,1692.7,Rough,Green Fuel,3.33,180.99,603.56
Vessel B,7000,20.23,3230.3,0.461,3341.4,Calm,Green Fuel,6.88,122.74,844.54
Vessel B,7000,10.3,3338.2,0.477,800.6,Rough,Fuel A,3.24,21.68,70.23
Vessel D,9000,9.73,2878.0,0.32,1646.9,Moderate,Fuel A,7.06,14.53,102.53
Vessel D,9000,11.14,2292.9,0.255,2971.9,Moderate,Green Fuel,11.11,21.03,233.74
Vessel D,9000,9.16,7333.2,0.815,881.0,Calm,Green Fuel,4.01,14.13,56.65
Vessel C,4000,16.1,3653.3,0.913,1615.2,Moderate,Fuel B,4.18,60.88,254.55
Vessel D,9000,18.33,2880.2,0.32,483.6,Moderate,Green Fuel,1.1,95.16,104.6
Vessel D,9000,10.32,4644.9,0.516,3823.7,Calm,Fuel A,15.44,18.26,281.84
Vessel D,9000,12.15,8182.3,0.909,3243.1,Calm,Green Fuel,11.13,39.76,442.32
Vessel A,5000,13.98,1956.1,0.391,1532.9,Calm,Green Fuel,4.57,36.55,167.0
Vessel A,5000,16.06,1857.4,0.371,2566.9,Moderate,Green Fuel,6.66,60.82,405.06
Vessel C,4000,14.73,3758.7,0.94,666.3,Moderate,Fuel B,1.88,53.39,100.62
Vessel D,9000,15.63,5792.1,0.644,3778.1,Moderate,Fuel B,10.07,66.97,674.38
Vessel D,9000,21.46,7201.1,0.8,811.6,Moderate,Green Fuel,1.58,237.39,374.13
Vessel D,9000,21.63,5199.8,0.578,1811.8,Calm,Fuel B,3.49,147.25,513.86
Vessel B,7000,18.62,4458.4,0.637,2201.6,Moderate,Fuel B,4.93,107.53,529.77
Vessel B,7000,9.28,2294.8,0.328,2837.6,Calm,Fuel A,12.74,11.03,140.55
Vessel C,4000,21.26,1875.6,0.469,209.7,Moderate,Fuel A,0.41,118.95,48.9
Vessel A,5000,18.68,3987.4,0.797,790.6,Moderate,Fuel B,1.76,109.02,192.22
Vessel B,7000,15.33,4804.7,0.686,3987.9,Rough,Fuel B,10.84,70.94,768.69
Vessel A,5000,21.74,3923.8,0.785,2192.1,Rough,Fuel A,4.2,201.82,847.71
Vessel D,9000,17.78,5709.2,0.634,2499.9,Moderate,Fuel B,5.86,98.56,577.37
Vessel C,4000,11.79,938.7,0.235,3816.9,Calm,Green Fuel,13.49,17.96,242.27
Vessel D,9000,17.14,4944.4,0.549,3952.3,Moderate,Green Fuel,9.61,90.02,864.73
Vessel A,5000,13.64,3890.2,0.778,1777.2,Moderate,Green Fuel,5.43,50.43,273.74
Vessel B,7000,15.72,4769.9,0.681,1990.7,Rough,Green Fuel,5.28,88.58,467.27
Vessel A,5000,11.25,1190.4,0.238,2372.9,Moderate,Fuel A,8.79,18.74,164.68
Vessel D,9000,8.69,8643.2,0.96,1172.6,Moderate,Fuel A,5.62,13.66,76.81
Vessel B,7000,16.04,4154.0,0.593,1910.8,Moderate,Green Fuel,4.97,71.28,353.92
Vessel B,7000,16.49,4139.4,0.591,1780.4,Calm,Green Fuel,4.5,72.27,325.19
Vessel D,9000,12.88,7723.1,0.858,835.3,Moderate,Green Fuel,2.7,48.86,132.05
Vessel B,7000,14.91,4190.8,0.599,1162.8,Rough,Fuel A,3.25,66.17,215.07
Vessel A,5000,20.2,3045.8,0.609,1018.9,Moderate,Green Fuel,2.1,164.98,346.77
Vessel C,4000,8.42,3246.6,0.812,2644.6,Rough,Green Fuel,13.08,12.29,160.74
Vessel C,4000,13.52,3334.0,0.833,1380.9,Moderate,Green Fuel,4.25,43.49,185.02
Vessel B,7000,18.99,4271.2,0.61,2549.0,Rough,Green Fuel,5.59,149.69,837.05
Vessel B,7000,19.61,4488.9,0.641,3563.0,Rough,Green Fuel,7.57,168.64,1276.44
Vessel A,5000,13.53,3069.1,0.614,2269.8,Rough,Green Fuel,6.99,56.18,392.71
Vessel D,9000,9.76,3491.0,0.388,2722.5,Calm,Green Fuel,11.62,14.53,168.79
Vessel A,5000,8.81,4492.4,0.898,3435.9,Calm,Fuel A,16.24,12.24,198.72
Vessel A,5000,18.12,2495.4,0.499,3017.3,Moderate,Fuel B,6.94,87.08,604.12
Vessel D,9000,19.22,6471.3,0.719,3722.9,Calm,Fuel A,8.07,115.64,933.31
Vessel A,5000,17.69,4383.7,0.877,2558.4,Calm,Green Fuel,6.03,93.8,565.3
Vessel A,5000,20.9,1733.2,0.347,381.4,Rough,Fuel B,0.76,142.01,108.0
Vessel D,9000,17.75,8284.5,0.921,3464.9,Calm,Fuel B,8.13,111.96,910.37
Vessel A,5000,10.57,4111.6,0.822,2243.0,Calm,Green Fuel,8.84,21.55,190.54
Vessel C,4000,9.3,1041.4,0.26,3401.4,Rough,Fuel B,15.24,11.04,168.22
Vessel D,9000,20.25,8113.8,0.902,2525.6,Rough,Fuel B,5.2,197.65,1027.27
Vessel C,4000,10.15,1577.0,0.394,2173.2,Rough,Green Fuel,8.92,16.24,144.83
Vessel A,5000,14.69,3994.4,0.799,2207.7,Moderate,Fuel A,6.26,52.6,329.32
Vessel D,9000,19.03,6694.9,0.744,3452.7,Moderate,Green Fuel,7.56,151.22,1143.25
Vessel D,9000,17.95,2457.7,0.273,1660.8,Rough,Green Fuel,3.86,115.38,444.9
Vessel D,9000,21.49,4682.2,0.52,479.5,Calm,Fuel A,0.93,155.42,144.49
Vessel C,4000,13.09,1732.2,0.433,2529.8,Moderate,Fuel A,8.05,28.71,231.29
Vessel A,5000,14.29,1379.6,0.276,745.0,Moderate,Green Fuel,2.17,41.1,89.31
Vessel C,4000,9.07,1792.8,0.448,2859.8,Moderate,Fuel A,13.13,10.27,134.82
Vessel D,9000,15.52,7796.1,0.866,2948.5,Calm,Green Fuel,7.92,78.41,620.8
Vessel B,7000,21.23,4300.1,0.614,1617.1,Rough,Fuel A,3.17,189.93,602.79
Vessel A,5000,15.43,3029.1,0.606,984.5,Moderate,Fuel A,2.66,57.22,152.13
Vessel A,5000,19.04,3739.4,0.748,497.2,Rough,Fuel A,1.09,140.26,152.59
Vessel C,4000,15.7,2692.5,0.673,3139.3,Calm,Fuel B,8.33,50.15,417.83
Vessel B,7000,18.11,2134.6,0.305,968.7,Moderate,Fuel A,2.23,88.84,197.96
Vessel A,5000,19.91,4298.5,0.86,508.1,Moderate,Fuel B,1.06,128.44,136.61
Vessel A,5000,19.29,3650.0,0.73,3804.2,Calm,Fuel B,8.22,102.13,839.22
Vessel D,9000,21.37,6884.8,0.765,648.4,Rough,Fuel A,1.26,201.37,254.6
Vessel A,5000,19.58,2138.5,0.428,3544.8,Moderate,Fuel B,7.54,101.82,768.11
Vessel C,4000,16.87,3402.1,0.851,2317.8,Calm,Green Fuel,5.73,80.29,459.7
Vessel C,4000,17.38,3683.6,0.921,2331.4,Calm,Green Fuel,5.59,87.71,490.09
Vessel A,5000,11.56,3016.4,0.603,2445.8,Rough,Fuel A,8.82,26.69,235.29
Vessel C,4000,11.83,1707.5,0.427,1165.1,Moderate,Fuel B,4.11,21.86,89.73
Vessel D,9000,19.92,6286.8,0.699,2420.9,Calm,Green Fuel,5.06,135.79,687.58
Vessel B,7000,13.07,6638.1,0.948,1595.7,Rough,Fuel A,5.09,47.82,243.27
Vessel B,7000,17.55,6812.0,0.973,504.2,Calm,Green Fuel,1.2,112.7,134.91
Vessel D,9000,8.53,8659.9,0.962,348.9,Moderate,Green Fuel,1.7,14.03,23.91
Vessel B,7000,14.31,3256.4,0.465,2557.8,Rough,Fuel B,7.45,52.5,391.05
Vessel C,4000,10.28,3149.8,0.787,2129.8,Moderate,Fuel B,8.63,16.28,140.58
Vessel B,7000,16.7,3163.7,0.452,2014.6,Calm,Green Fuel,5.03,69.17,347.59
Vessel D,9000,14.35,3579.7,0.398,2573.6,Calm,Fuel A,7.47,43.93,328.4
Vessel B,7000,10.61,2073.1,0.296,499.5,Rough,Fuel B,1.96,19.14,37.55
Vessel A,5000,16.78,4138.4,0.828,3894.4,Rough,Fuel B,9.67,94.93,918.16
Vessel D,9000,14.73,6269.1,0.697,2509.9,Calm,Fuel A,7.1,55.59,394.73
Vessel C,4000,16.18,2235.4,0.559,2804.5,Calm,Fuel B,7.22,47.89,345.94
Vessel D,9000,16.26,8787.0,0.976,2847.5,Calm,Fuel B,7.3,82.07,598.97
Vessel D,9000,15.38,2087.5,0.232,3633.6,Rough,Green Fuel,9.84,68.9,678.28
Vessel B,7000,10.75,2298.3,0.328,3281.5,Calm,Fuel B,12.71,14.87,189.07
Vessel B,7000,12.15,2975.3,0.425,1134.9,Rough,Fuel A,3.89,33.16,129.02
Vessel B,7000,17.26,5339.5,0.763,2243.7,Calm,Green Fuel,5.42,98.69,534.68
Vessel B,7000,20.45,3916.3,0.559,2188.4,Rough,Green Fuel,4.46,177.07,789.61
Vessel C,4000,21.0,3350.3,0.838,1307.6,Moderate,Green Fuel,2.6,176.68,458.5
Vessel B,7000,17.39,3429.5,0.49,2989.2,Moderate,Green Fuel,7.16,85.55,612.7
Vessel B,7000,10.66,3262.5,0.466,3444.3,Calm,Fuel B,13.46,15.45,207.94
Vessel D,9000,16.55,3094.4,0.344,1890.4,Moderate,Green Fuel,4.76,80.68,383.95
Vessel C,4000,8.3,1566.3,0.392,3913.8,Moderate,Fuel B,19.64,6.98,137.09
Vessel B,7000,16.97,3529.9,0.504,2931.1,Calm,Green Fuel,7.19,77.86,560.18
Vessel A,5000,9.27,2004.4,0.401,2376.5,Calm,Fuel B,10.68,9.19,98.16
Vessel D,9000,21.02,5791.4,0.643,521.2,Moderate,Fuel A,1.03,177.22,183.06
Vessel D,9000,15.81,2053.4,0.228,3599.9,Moderate,Fuel B,9.49,54.16,513.95
Vessel D,9000,20.94,1876.1,0.208,3839.7,Moderate,Fuel A,7.64,133.45,1019.51
Vessel B,7000,8.93,1651.4,0.236,2366.9,Rough,Green Fuel,11.05,12.82,141.65
Vessel D,9000,12.94,7713.0,0.857,3681.5,Moderate,Fuel A,11.86,49.62,588.34
Vessel A,5000,16.67,3924.9,0.785,265.6,Moderate,Fuel A,0.66,76.08,50.52
Vessel A,5000,15.41,4841.9,0.968,3856.6,Calm,Green Fuel,10.43,70.95,739.96
Vessel C,4000,14.65,2864.3,0.716,336.1,Moderate,Fuel A,0.96,47.45,45.37
Vessel A,5000,8.54,1547.6,0.31,3061.6,Calm,Green Fuel,14.94,8.29,123.78
Vessel D,9000,9.27,4342.2,0.482,1570.5,Calm,Green Fuel,7.06,13.4,94.6
Vessel C,4000,17.11,2074.7,0.519,1256.6,Calm,Green Fuel,3.06,66.1,202.22
Vessel D,9000,19.21,5287.5,0.587,1433.4,Moderate,Green Fuel,3.11,143.92,447.56
Vessel D,9000,15.89,7937.1,0.882,2541.5,Calm,Fuel B,6.66,72.82,485.32
Vessel A,5000,12.1,1200.9,0.24,3842.5,Rough,Fuel B,13.23,26.37,348.84
Vessel D,9000,14.16,8509.6,0.946,2985.1,Calm,Green Fuel,8.78,57.69,506.56
Vessel B,7000,21.34,4598.1,0.657,2522.6,Calm,Green Fuel,4.93,153.84,757.75
Vessel C,4000,13.13,1528.8,0.382,886.1,Calm,Green Fuel,2.81,28.69,80.67
Vessel B,7000,16.25,6525.1,0.932,855.3,Rough,Fuel B,2.19,93.73,205.61
Vessel B,7000,21.61,6061.9,0.866,1846.7,Calm,Green Fuel,3.56,191.38,681.52
Vessel B,7000,8.06,5431.1,0.776,2854.7,Moderate,Fuel A,14.76,9.85,145.4
Vessel A,5000,19.65,4901.2,0.98,1360.0,Moderate,Green Fuel,2.88,150.06,432.63
Vessel D,9000,10.75,3730.7,0.415,400.2,Calm,Fuel A,1.55,17.3,26.82
Vessel D,9000,14.4,2870.1,0.319,1279.3,Moderate,Fuel B,3.7,43.09,159.5
Vessel B,7000,13.86,3536.4,0.505,1633.9,Calm,Green Fuel,4.91,42.78,210.15
Vessel A,5000,14.55,3962.1,0.792,1634.3,Rough,Fuel A,4.68,59.8,279.8
Vessel B,7000,9.85,6227.5,0.89,316.8,Moderate,Green Fuel,1.34,21.38,28.64
Vessel A,5000,10.72,4364.9,0.873,718.5,Calm,Fuel A,2.79,21.51,60.06
Vessel C,4000,20.64,2073.2,0.518,2969.1,Rough,Fuel A,5.99,148.48,889.8
Vessel C,4000,9.3,851.5,0.213,1736.1,Calm,Fuel B,7.78,8.14,63.27
Vessel A,5000,10.89,2601.1,0.52,237.1,Moderate,Fuel B,0.91,17.66,16.02
Vessel A,5000,14.88,4541.8,0.908,2459.3,Calm,Fuel B,6.89,46.61,320.95
Vessel B,7000,18.26,2509.2,0.358,3277.6,Calm,Fuel B,7.48,73.75,551.6
Vessel B,7000,14.75,6082.4,0.869,1669.7,Moderate,Fuel B,4.72,61.37,289.47
Vessel D,9000,21.85,3214.9,0.357,2428.9,Moderate,Green Fuel,4.63,158.24,732.95
Vessel B,7000,11.47,3688.6,0.527,3851.3,Moderate,Green Fuel,13.99,28.22,394.91
Vessel B,7000,13.05,3593.8,0.513,2049.8,Moderate,Fuel B,6.55,36.07,236.16
Vessel B,7000,16.73,2700.2,0.386,1333.7,Moderate,Fuel B,3.32,61.62,204.62
Vessel B,7000,20.36,4541.9,0.649,3306.8,Moderate,Green Fuel,6.77,165.48,1119.59
Vessel A,5000,9.8,2472.2,0.494,2957.5,Moderate,Green Fuel,12.58,13.64,171.56
Vessel C,4000,10.37,3346.7,0.837,1701.2,Calm,Fuel A,6.83,17.37,118.74
Vessel A,5000,16.34,4108.6,0.822,2956.2,Moderate,Fuel A,7.54,87.03,656.19
Vessel C,4000,17.78,1264.1,0.316,2531.0,Calm,Green Fuel,5.93,68.66,407.24
Vessel C,4000,18.79,3571.1,0.893,1224.6,Rough,Fuel A,2.72,127.87,347.33
Vessel B,7000,10.66,3351.2,0.479,3960.4,Moderate,Green Fuel,15.47,21.93,339.32
Vessel C,4000,10.49,1586.8,0.397,2983.0,Calm,Fuel B,11.85,13.89,164.61
Vessel A,5000,17.62,3385.5,0.677,2358.1,Calm,Fuel A,5.58,83.15,463.59
Vessel B,7000,9.61,5773.8,0.825,1911.1,Moderate,Fuel A,8.29,14.78,122.57
Vessel B,7000,11.92,2675.7,0.382,362.7,Rough,Fuel A,1.27,25.45,32.26
Vessel B,7000,11.16,6541.2,0.934,485.8,Calm,Green Fuel,1.81,26.28,47.65
Vessel C,4000,8.1,2981.4,0.745,1499.7,Calm,Fuel B,7.71,6.75,52.06
Vessel B,7000,14.72,6807.9,0.973,3069.4,Calm,Green Fuel,8.69,64.01,556.14
Vessel C,4000,18.59,1498.2,0.375,3161.6,Moderate,Green Fuel,7.08,82.0,580.95
Vessel C,4000,12.66,2666.0,0.666,1750.5,Calm,Green Fuel,5.76,30.44,175.34
Vessel C,4000,9.55,1503.8,0.376,3062.8,Moderate,Fuel B,13.36,10.89,145.59
Vessel C,4000,17.62,2526.2,0.632,1309.3,Moderate,Fuel A,3.1,76.22,235.98
Vessel B,7000,16.6,4358.1,0.623,1074.2,Calm,Green Fuel,2.7,77.03,207.69
Vessel A,5000,9.98,2549.0,0.51,1535.5,Moderate,Fuel A,6.41,13.81,88.59
Vessel D,9000,12.14,8825.7,0.981,2117.4,Calm,Green Fuel,7.27,39.19,284.87
Vessel B,7000,8.37,6943.6,0.992,2278.0,Calm,Green Fuel,11.34,12.35,140.12
Vessel C,4000,9.14,2341.1,0.585,3039.3,Moderate,Green Fuel,13.85,11.84,164.0
Vessel C,4000,21.08,2511.2,0.628,2022.2,Moderate,Fuel B,4.0,118.22,472.63
Vessel D,9000,9.95,5490.6,0.61,475.8,Calm,Fuel A,1.99,15.8,31.47
Vessel C,4000,10.19,2530.6,0.633,2262.1,Calm,Green Fuel,9.25,15.66,144.8
Vessel A,5000,16.65,1269.7,0.254,1803.1,Moderate,Green Fuel,4.51,72.36,326.43
Vessel B,7000,12.56,6907.7,0.987,1387.8,Calm,Fuel B,4.6,35.4,162.98
Vessel C,4000,8.31,1952.1,0.488,752.6,Rough,Fuel A,3.78,9.89,37.36
Vessel C,4000,16.63,3596.2,0.899,3497.8,Moderate,Fuel B,8.76,73.69,645.89
Vessel B,7000,19.33,1896.4,0.271,230.2,Calm,Fuel B,0.5,77.28,38.35
Vessel C,4000,8.06,830.5,0.208,2023.7,Calm,Green Fuel,10.46,5.8,60.6
Vessel B,7000,19.48,6330.1,0.904,894.3,Rough,Fuel B,1.91,191.05,365.51
Vessel C,4000,17.54,2417.7,0.604,588.2,Moderate,Fuel A,1.4,80.05,111.84
Vessel A,5000,15.63,3679.0,0.736,1877.0,Rough,Fuel A,5.0,79.28,396.64
Vessel C,4000,21.06,2331.0,0.583,382.5,Moderate,Fuel B,0.76,140.47,106.32
Vessel D,9000,15.77,7000.1,0.778,3645.9,Rough,Fuel A,9.63,85.49,823.65
Vessel A,5000,17.0,2577.0,0.515,2644.4,Moderate,Fuel A,6.48,71.82,465.36
Vessel C,4000,19.9,3834.8,0.959,697.0,Calm,Fuel A,1.46,105.07,153.34
Vessel B,7000,21.91,3952.0,0.565,466.4,Moderate,Fuel A,0.89,166.2,147.43
Vessel A,5000,13.76,1431.3,0.286,1912.6,Calm,Green Fuel,5.79,31.09,180.04
Vessel A,5000,11.52,2420.9,0.484,3848.7,Calm,Fuel B,13.92,20.99,292.07
Vessel A,5000,21.2,3173.5,0.635,354.6,Calm,Green Fuel,0.7,163.54,113.98
Vessel C,4000,18.98,3298.9,0.825,2408.9,Rough,Fuel A,5.29,132.3,699.77
Vessel D,9000,14.28,2502.7,0.278,2977.9,Moderate,Fuel A,8.69,40.2,349.37
Vessel D,9000,11.29,7871.1,0.875,1419.9,Rough,Green Fuel,5.24,40.6,212.69
Vessel D,9000,21.04,8619.9,0.958,3220.4,Rough,Fuel A,6.38,218.36,1392.43
Vessel A,5000,14.97,3379.7,0.676,1579.2,Rough,Fuel B,4.4,64.3,282.7
Vessel B,7000,12.58,5085.9,0.727,3183.4,Calm,Fuel B,10.54,32.19,339.41
Vessel A,5000,13.48,1299.4,0.26,1888.7,Moderate,Green Fuel,5.84,33.71,196.78
Vessel A,5000,14.93,1072.3,0.214,1808.3,Moderate,Fuel A,5.05,39.6,199.87
Vessel B,7000,11.09,4809.8,0.687,2510.2,Rough,Fuel A,9.43,23.53,221.85
Vessel D,9000,21.32,6911.2,0.768,1951.8,Moderate,Green Fuel,3.81,189.62,723.19
Vessel A,5000,14.47,3558.4,0.712,1918.3,Moderate,Fuel B,5.53,47.28,261.23
Vessel A,5000,15.32,2379.8,0.476,746.0,Calm,Fuel B,2.03,46.71,94.8
Vessel A,5000,9.1,3879.1,0.776,3259.3,Calm,Green Fuel,14.93,13.49,201.36
Vessel B,7000,19.69,2478.1,0.354,479.1,Moderate,Fuel B,1.01,101.05,102.44
Vessel D,9000,9.14,8382.5,0.931,3898.6,Moderate,Fuel B,17.78,15.59,277.26
Vessel A,5000,10.12,4048.1,0.81,2902.7,Moderate,Fuel B,11.95,16.26,194.29
Vessel C,4000,17.08,3606.6,0.902,2793.3,Calm,Fuel A,6.82,77.5,528.26
Vessel A,5000,21.45,2894.4,0.579,651.8,Calm,Fuel B,1.27,126.93,160.72
Vessel B,7000,21.37,6720.6,0.96,2869.7,Moderate,Fuel A,5.6,186.86,1045.6
Vessel A,5000,8.25,4512.5,0.902,2482.3,Rough,Fuel B,12.54,12.37,155.05
Vessel C,4000,21.34,2896.3,0.724,626.0,Moderate,Fuel B,1.22,158.31,193.49
Vessel C,4000,12.79,1288.9,0.322,3543.9,Moderate,Fuel A,11.55,24.94,287.96
Vessel B,7000,10.75,6941.5,0.992,2238.1,Calm,Green Fuel,8.67,23.74,205.93
Vessel C,4000,18.83,3618.1,0.905,3621.5,Calm,Fuel B,8.01,91.73,734.97
Vessel A,5000,19.1,2743.3,0.549,3737.2,Calm,Fuel A,8.15,93.66,763.63
Vessel A,5000,10.46,1634.8,0.327,885.4,Moderate,Fuel A,3.53,14.91,52.56
Vessel C,4000,13.62,1897.7,0.474,1467.7,Moderate,Fuel B,4.49,31.73,142.48
Vessel D,9000,17.75,3190.5,0.354,374.9,Calm,Fuel A,0.88,70.27,61.83
Vessel C,4000,18.18,3117.5,0.779,2383.9,Calm,Fuel A,5.46,81.91,447.61
Vessel A,5000,13.66,2484.6,0.497,820.6,Moderate,Green Fuel,2.5,40.51,101.37
Vessel B,7000,18.36,6049.8,0.864,2071.1,Rough,Green Fuel,4.7,153.49,721.39
Vessel A,5000,19.6,2142.6,0.429,2312.0,Calm,Fuel A,4.91,97.65,479.9
Vessel D,9000,19.68,1894.6,0.211,2213.1,Calm,Fuel A,4.69,89.66,420.18
Vessel C,4000,8.25,1555.1,0.389,860.4,Calm,Green Fuel,4.35,7.76,33.75
Vessel A,5000,11.89,4593.0,0.919,3890.1,Moderate,Fuel A,13.64,30.32,413.44
Vessel C,4000,14.28,2754.5,0.689,3891.6,Calm,Fuel B,11.36,38.62,438.7
Vessel B,7000,16.84,2090.2,0.299,1942.8,Moderate,Fuel A,4.81,69.34,333.41
Vessel A,5000,17.4,4235.6,0.847,444.7,Rough,Fuel A,1.06,104.12,110.87
Vessel A,5000,13.72,2324.7,0.465,2583.9,Calm,Fuel A,7.85,32.63,256.1
Vessel A,5000,15.19,3648.0,0.73,635.8,Moderate,Green Fuel,1.74,66.15,115.37
Vessel A,5000,10.43,4619.9,0.924,1629.5,Rough,Fuel A,6.51,24.2,157.55
Vessel A,5000,14.6,2714.6,0.543,2311.5,Calm,Green Fuel,6.6,51.14,337.29
Vessel A,5000,19.03,3861.1,0.772,2377.4,Rough,Fuel B,5.2,147.87,769.53
Vessel A,5000,19.79,3985.7,0.797,3274.1,Rough,Fuel B,6.89,166.44,1147.25
Vessel A,5000,9.26,4986.2,0.997,2088.6,Moderate,Fuel B,9.4,15.39,144.66
Vessel C,4000,10.13,3335.1,0.834,1334.3,Calm,Fuel A,5.49,15.81,86.76
Vessel C,4000,13.71,2959.2,0.74,3820.9,Calm,Fuel B,11.61,37.51,435.71
Vessel C,4000,10.7,2261.1,0.565,1793.1,Calm,Green Fuel,6.99,16.44,114.82
Vessel D,9000,18.67,7486.1,0.832,819.9,Rough,Green Fuel,1.83,177.58,324.95
Vessel C,4000,18.93,3260.5,0.815,1175.9,Calm,Green Fuel,2.59,108.35,280.42
Vessel C,4000,16.76,1274.9,0.319,1693.5,Moderate,Fuel B,4.21,59.0,248.4
Vessel C,4000,8.8,2018.5,0.505,535.1,Rough,Green Fuel,2.53,12.52,31.72
Vessel A,5000,21.04,2579.4,0.516,657.4,Moderate,Fuel A,1.3,129.24,168.29
Vessel A,5000,9.49,1843.8,0.369,1223.2,Calm,Green Fuel,5.37,10.95,58.83
Vessel C,4000,9.61,1028.0,0.257,2703.4,Rough,Fuel A,11.73,13.41,157.25
Vessel C,4000,17.07,995.9,0.249,3068.7,Moderate,Fuel B,7.49,54.75,410.13
Vessel B,7000,13.33,4354.4,0.622,3190.4,Calm,Green Fuel,9.97,38.85,387.43
Vessel D,9000,18.32,2553.3,0.284,2548.5,Moderate,Fuel B,5.8,98.81,572.8
Vessel B,7000,18.6,6380.7,0.912,2380.9,Moderate,Green Fuel,5.33,125.36,668.62
Vessel D,9000,16.42,7655.4,0.851,2873.8,Moderate,Fuel A,7.29,87.07,635.09
Vessel A,5000,12.53,4752.7,0.951,318.4,Calm,Green Fuel,1.06,34.23,36.26
Vessel A,5000,13.03,3156.4,0.631,1195.0,Moderate,Fuel A,3.82,33.35,127.48
Vessel D,9000,14.02,2866.9,0.319,765.8,Calm,Green Fuel,2.28,38.95,88.66
Vessel D,9000,10.78,5684.6,0.632,888.2,Calm,Fuel A,3.43,22.31,76.59
Vessel D,9000,14.47,2870.6,0.319,2076.9,Moderate,Fuel A,5.98,44.86,268.34
Vessel D,9000,19.92,6901.9,0.767,2471.6,Calm,Green Fuel,5.17,150.29,776.98
Vessel C,4000,8.26,2544.8,0.636,3759.5,Moderate,Green Fuel,18.97,8.82,167.26
Vessel D,9000,19.5,6449.0,0.717,2309.9,Moderate,Fuel A,4.94,135.69,669.66
Vessel D,9000,20.27,3760.0,0.418,731.4,Calm,Fuel B,1.5,116.27,174.84
Vessel C,4000,21.87,3435.1,0.859,3529.3,Moderate,Fuel B,6.72,143.3,963.5
Vessel B,7000,21.82,3055.2,0.436,2008.7,Rough,Fuel A,3.84,198.9,762.96
Vessel A,5000,21.7,3697.2,0.739,3132.2,Rough,Fuel A,6.02,190.75,1147.45
Vessel B,7000,17.46,4899.1,0.7,1750.9,Moderate,Fuel A,4.18,91.31,381.61
Vessel D,9000,14.51,6847.7,0.761,967.2,Moderate,Fuel B,2.78,57.83,160.59
Vessel D,9000,20.34,5032.3,0.559,3680.8,Calm,Fuel B,7.54,126.81,956.02
Vessel D,9000,8.43,8527.5,0.947,2025.5,Calm,Fuel B,10.01,10.75,107.57
Vessel D,9000,17.92,2745.1,0.305,995.8,Moderate,Fuel B,2.32,92.73,214.68
Vessel A,5000,9.15,4568.1,0.914,2423.7,Rough,Fuel B,11.03,16.64,183.59
Vessel A,5000,18.32,4176.0,0.835,3918.0,Calm,Fuel A,8.91,93.19,830.4
Vessel C,4000,20.16,1003.9,0.251,3693.3,Rough,Fuel A,7.63,126.59,966.22
Vessel B,7000,8.79,5195.0,0.742,2790.6,Calm,Green Fuel,13.23,10.61,140.36
Vessel D,9000,18.75,4602.7,0.511,2380.9,Rough,Fuel A,5.29,125.5,663.88
Vessel D,9000,19.83,8916.6,0.991,334.9,Rough,Fuel A,0.7,188.1,132.36
Vessel C,4000,20.57,3393.9,0.848,1787.5,Calm,Fuel A,3.62,132.27,478.84
Vessel B,7000,8.44,6172.9,0.882,2175.4,Calm,Fuel B,10.74,9.98,107.14
Vessel B,7000,13.08,6206.3,0.887,2413.9,Rough,Fuel B,7.69,49.42,379.85
Vessel A,5000,18.69,3433.6,0.687,940.3,Calm,Fuel A,2.1,102.82,215.58
Vessel B,7000,14.93,3818.8,0.546,1856.1,Moderate,Fuel A,5.18,55.46,287.25
Vessel D,9000,18.48,8094.8,0.899,3604.5,Rough,Fuel B,8.13,139.61,1134.39
Vessel D,9000,19.68,5373.3,0.597,2941.6,Moderate,Fuel A,6.23,126.9,790.35
Vessel D,9000,12.47,2790.0,0.31,3649.8,Calm,Fuel A,12.2,24.76,302.05
Vessel A,5000,14.05,3855.6,0.771,2863.5,Calm,Fuel B,8.49,39.74,337.5
Vessel B,7000,17.39,5497.7,0.785,2769.7,Rough,Fuel A,6.64,117.83,781.86
Vessel A,5000,15.97,1811.1,0.362,3714.0,Calm,Fuel A,9.69,49.94,483.98
Vessel D,9000,17.66,5887.9,0.654,1250.2,Moderate,Fuel B,2.95,106.92,315.41
Vessel B,7000,19.15,6548.8,0.936,992.2,Calm,Green Fuel,2.16,128.91,278.3
Vessel C,4000,16.39,2443.4,0.611,684.3,Calm,Green Fuel,1.74,59.41,103.34
Vessel A,5000,11.36,3298.8,0.66,1837.7,Moderate,Fuel A,6.74,23.31,157.03
Vessel C,4000,17.39,2237.2,0.559,3962.8,Rough,Green Fuel,9.5,102.35,971.79
Vessel D,9000,10.72,4428.6,0.492,898.9,Calm,Green Fuel,3.49,18.33,64.03
Vessel B,7000,19.19,2674.3,0.382,2531.6,Calm,Green Fuel,5.5,97.88,537.95
Vessel D,9000,13.37,2473.8,0.275,2047.9,Calm,Green Fuel,6.38,37.84,241.43
Vessel B,7000,13.1,2223.4,0.318,931.6,Calm,Fuel A,2.96,31.42,93.09
Vessel C,4000,17.66,1644.7,0.411,3547.8,Calm,Fuel A,8.37,67.3,563.35
Vessel B,7000,12.41,4719.0,0.674,3153.1,Calm,Green Fuel,10.59,31.51,333.65
Vessel D,9000,9.68,3323.6,0.369,2751.1,Calm,Green Fuel,11.84,15.06,178.34
Vessel C,4000,11.88,2988.2,0.747,1364.5,Rough,Fuel B,4.78,29.1,139.26
Vessel C,4000,21.9,2160.3,0.54,2284.4,Calm,Fuel A,4.35,142.36,618.63
Vessel C,4000,15.86,1202.6,0.301,2642.4,Rough,Fuel B,6.94,55.11,382.65
Vessel A,5000,18.82,1876.3,0.375,766.4,Calm,Green Fuel,1.7,84.0,142.52
Vessel C,4000,11.42,3167.3,0.792,2141.9,Rough,Fuel A,7.81,28.23,220.62
Vessel C,4000,21.64,3451.7,0.863,2302.9,Calm,Fuel A,4.43,145.45,644.93
Vessel A,5000,13.21,2844.2,0.569,510.9,Rough,Fuel B,1.61,42.54,68.58
Vessel B,7000,10.63,2356.1,0.337,523.9,Rough,Fuel A,2.05,23.02,47.3
Vessel B,7000,15.06,5473.2,0.782,1334.1,Moderate,Green Fuel,3.69,61.15,225.73
Vessel B,7000,10.99,6633.8,0.948,3996.0,Moderate,Fuel B,15.15,24.78,375.41
Vessel D,9000,12.52,7542.1,0.838,3163.1,Calm,Fuel B,10.53,33.04,347.88
Vessel C,4000,20.43,1538.1,0.385,2699.8,Calm,Fuel A,5.51,93.98,517.58
Vessel D,9000,15.01,4419.6,0.491,3998.8,Moderate,Green Fuel,11.1,61.5,682.59
Vessel A,5000,16.58,2872.7,0.575,3737.1,Rough,Green Fuel,9.39,90.27,847.66
Vessel D,9000,19.96,7207.8,0.801,1212.6,Moderate,Fuel B,2.53,157.61,398.92
Vessel A,5000,12.73,2840.1,0.568,3799.9,Moderate,Green Fuel,12.44,33.84,421.1
Vessel A,5000,10.18,1512.3,0.302,2082.7,Calm,Fuel A,8.52,12.53,106.8
Vessel A,5000,10.37,4766.8,0.953,783.3,Calm,Fuel B,3.15,18.92,59.57
Vessel C,4000,17.07,3072.5,0.768,1362.2,Moderate,Fuel A,3.33,79.77,265.25
Vessel C,4000,8.82,1497.7,0.374,2349.0,Rough,Fuel B,11.1,11.16,123.86
Vessel B,7000,18.67,4337.3,0.62,2097.3,Calm,Fuel A,4.68,102.68,480.63
Vessel A,5000,11.13,2831.0,0.566,1185.1,Calm,Green Fuel,4.43,20.61,91.39
Vessel C,4000,12.94,3446.3,0.862,2685.6,Calm,Fuel B,8.64,32.1,277.48
Vessel D,9000,20.36,7856.7,0.873,2060.4,Calm,Green Fuel,4.22,183.88,775.22
Vessel D,9000,9.17,7592.6,0.844,3656.3,Moderate,Fuel A,16.61,16.11,267.68
Vessel B,7000,10.95,5678.2,0.811,2470.1,Moderate,Fuel A,9.4,23.83,223.92
Vessel D,9000,11.46,8311.7,0.924,1621.6,Rough,Fuel A,5.9,35.45,209.0
Vessel B,7000,19.13,2316.7,0.331,3011.2,Moderate,Fuel A,6.56,97.91,642.2
Vessel C,4000,13.09,1071.2,0.268,3156.3,Moderate,Fuel B,10.05,24.11,242.32
Vessel B,7000,17.43,6527.0,0.932,1450.2,Calm,Green Fuel,3.47,102.79,356.33
Vessel A,5000,12.44,4586.0,0.917,2324.2,Calm,Fuel B,7.79,29.81,232.14
Vessel B,7000,9.11,6721.4,0.96,1981.3,Moderate,Fuel A,9.06,15.34,138.92
Vessel B,7000,17.72,6215.7,0.888,714.5,Calm,Fuel A,1.68,104.36,175.36
Vessel B,7000,21.58,2997.1,0.428,2166.4,Calm,Fuel A,4.18,133.81,559.84
Vessel C,4000,16.41,2830.5,0.708,2389.5,Moderate,Green Fuel,6.07,67.72,410.86
Vessel B,7000,14.56,4021.8,0.575,3551.2,Moderate,Fuel A,10.16,52.32,531.71
Vessel A,5000,19.12,1110.5,0.222,1361.8,Rough,Fuel A,2.97,100.6,298.6
Vessel A,5000,21.97,3664.8,0.733,2164.0,Calm,Fuel B,4.1,168.72,692.55
Vessel C,4000,8.91,2077.9,0.519,960.9,Moderate,Green Fuel,4.49,11.21,50.37
Vessel D,9000,16.79,7343.0,0.816,800.6,Moderate,Fuel B,1.99,95.56,189.89
Vessel A,5000,13.75,3183.1,0.637,2056.6,Moderate,Fuel B,6.23,39.11,243.72
Vessel B,7000,18.04,3613.6,0.516,3021.9,Calm,Fuel A,6.98,91.6,639.23
Vessel A,5000,12.64,2843.0,0.569,3291.5,Rough,Fuel A,10.85,38.99,422.85
Vessel A,5000,15.27,3690.0,0.738,751.0,Calm,Fuel B,2.05,53.71,110.09
Vessel C,4000,12.63,3080.4,0.77,3599.0,Moderate,Green Fuel,11.87,37.51,445.26
Vessel D,9000,20.64,3485.4,0.387,1472.5,Moderate,Fuel A,2.97,130.77,388.72
Vessel A,5000,21.14,3662.8,0.733,390.6,Calm,Fuel A,0.77,114.36,88.06
Vessel C,4000,20.76,2581.3,0.645,2790.4,Calm,Fuel A,5.6,136.17,762.62
Vessel D,9000,20.67,7025.5,0.781,2125.0,Moderate,Fuel A,4.28,177.39,759.79
Vessel D,9000,18.61,6496.2,0.722,3494.4,Moderate,Fuel A,7.83,125.34,980.9
Vessel B,7000,9.92,5459.5,0.78,2107.8,Calm,Fuel A,8.86,17.97,159.14
Vessel A,5000,12.41,2280.4,0.456,2638.0,Moderate,Green Fuel,8.86,32.14,284.76
Vessel D,9000,18.65,3141.4,0.349,1547.7,Moderate,Green Fuel,3.46,109.38,378.13
Vessel C,4000,11.31,1970.8,0.493,1435.9,Moderate,Green Fuel,5.29,20.9,110.53
Vessel D,9000,8.82,1883.2,0.209,748.3,Moderate,Fuel A,3.53,10.12,35.76
Vessel B,7000,17.0,3220.8,0.46,234.2,Moderate,Fuel A,0.57,67.84,38.95
Vessel C,4000,21.03,2498.2,0.625,2747.4,Rough,Fuel B,5.44,149.59,814.22
Vessel B,7000,16.48,4169.3,0.596,2264.0,Rough,Fuel B,5.72,81.86,468.47
Vessel B,7000,16.51,4894.6,0.699,2046.7,Moderate,Green Fuel,5.16,89.01,459.67
Vessel D,9000,10.97,8824.2,0.98,3424.7,Moderate,Green Fuel,13.01,30.71,399.54
Vessel B,7000,18.39,5398.4,0.771,3039.7,Calm,Fuel A,6.89,103.71,714.42
Vessel C,4000,19.66,3521.9,0.88,1649.5,Rough,Green Fuel,3.5,184.04,643.37
Vessel D,9000,20.79,2013.9,0.224,739.0,Calm,Fuel B,1.48,104.26,154.46
Vessel B,7000,17.95,5497.8,0.785,2570.1,Calm,Fuel A,5.97,103.8,619.2
Vessel D,9000,8.36,4713.1,0.524,928.1,Calm,Green Fuel,4.62,9.87,45.61
Vessel B,7000,8.42,4790.8,0.684,3991.3,Calm,Fuel B,19.76,9.49,187.58
Vessel C,4000,18.88,3554.3,0.889,3437.0,Rough,Green Fuel,7.59,148.9,1129.68
Vessel A,5000,18.68,2758.9,0.552,870.4,Rough,Fuel A,1.94,106.48,206.76
Vessel B,7000,20.65,2986.7,0.427,612.1,Rough,Green Fuel,1.24,167.36,206.7
Vessel A,5000,18.38,4689.0,0.938,2801.9,Calm,Green Fuel,6.35,116.44,739.74
Vessel A,5000,19.94,4068.6,0.814,1185.6,Calm,Green Fuel,2.48,130.39,323.05
Vessel B,7000,17.5,6172.9,0.882,1665.1,Moderate,Green Fuel,3.96,122.94,487.41
Vessel C,4000,11.71,3652.9,0.913,3334.4,Calm,Green Fuel,11.86,27.79,329.68
Vessel A,5000,12.94,2348.3,0.47,3163.6,Moderate,Fuel B,10.19,33.53,341.53
Vessel A,5000,19.29,1040.8,0.208,814.9,Calm,Fuel A,1.76,75.11,132.19
Vessel A,5000,19.87,4447.9,0.89,2100.2,Moderate,Fuel A,4.41,147.66,650.45
Vessel D,9000,21.35,2294.1,0.255,1674.2,Moderate,Fuel A,3.27,123.16,402.36
Vessel D,9000,18.42,4027.4,0.447,214.9,Moderate,Green Fuel,0.49,112.48,54.69
Vessel A,5000,17.54,2862.1,0.572,3818.6,Calm,Fuel A,9.07,70.78,641.91
Vessel A,5000,11.04,1894.7,0.379,3646.3,Calm,Green Fuel,13.76,18.52,254.76
Vessel D,9000,8.25,3541.5,0.393,1216.3,Moderate,Fuel B,6.15,8.3,50.99
Vessel B,7000,18.98,5595.0,0.799,509.8,Moderate,Fuel B,1.12,115.18,128.88
Vessel C,4000,10.9,3294.4,0.824,3326.5,Rough,Green Fuel,12.72,26.93,342.62
Vessel C,4000,18.41,3636.0,0.909,1094.1,Moderate,Fuel A,2.48,100.22,248.23
Vessel B,7000,14.07,4731.0,0.676,2263.1,Moderate,Fuel A,6.7,48.35,324.09
Vessel B,7000,17.69,6384.6,0.912,2145.9,Rough,Fuel B,5.06,118.67,599.93
Vessel B,7000,8.77,1852.5,0.265,3309.3,Calm,Green Fuel,15.72,9.41,147.92
Vessel C,4000,20.56,3622.7,0.906,812.3,Moderate,Green Fuel,1.65,163.7,269.5
Vessel A,5000,11.14,1424.6,0.285,1886.8,Rough,Fuel A,7.06,21.46,151.5
Vessel A,5000,14.44,2482.7,0.497,2642.0,Calm,Fuel B,7.62,40.17,306.31
Vessel D,9000,12.38,6896.6,0.766,2257.6,Moderate,Fuel A,7.6,38.17,289.98
Vessel C,4000,11.43,3273.4,0.818,2341.9,Calm,Green Fuel,8.54,24.06,205.38
Vessel A,5000,8.13,4048.5,0.81,3932.6,Moderate,Fuel A,20.16,8.07,162.73
Vessel C,4000,8.47,3096.4,0.774,1829.9,Calm,Green Fuel,9.0,9.11,82.06
Vessel D,9000,8.47,4704.7,0.523,3034.0,Rough,Fuel A,14.93,11.91,177.82
Vessel D,9000,8.33,3087.6,0.343,1517.9,Moderate,Green Fuel,7.6,9.33,70.83
Vessel A,5000,18.82,2956.0,0.591,599.0,Calm,Fuel A,1.33,102.75,136.27
Vessel B,7000,10.95,5724.0,0.818,2990.4,Calm,Fuel A,11.38,20.61,234.56
Vessel A,5000,11.75,2641.3,0.528,2092.4,Calm,Fuel B,7.42,18.84,139.78
Vessel D,9000,17.38,4908.8,0.545,2012.5,Moderate,Fuel B,4.83,90.08,434.66
Vessel D,9000,14.88,7432.3,0.826,253.1,Moderate,Fuel A,0.71,71.06,50.37
Vessel D,9000,19.42,3576.3,0.397,2342.1,Moderate,Fuel B,5.02,110.94,557.37
Vessel B,7000,18.32,5263.5,0.752,1547.1,Moderate,Green Fuel,3.52,122.51,431.03
Vessel C,4000,12.31,3681.0,0.92,377.2,Moderate,Fuel A,1.28,34.58,44.15
Vessel C,4000,10.72,2703.4,0.676,308.9,Moderate,Fuel B,1.2,16.67,20.02
Vessel D,9000,15.28,4648.8,0.517,3091.7,Calm,Fuel A,8.43,60.67,511.6
Vessel B,7000,18.68,6141.9,0.877,2780.8,Rough,Green Fuel,6.2,162.7,1009.35
Vessel D,9000,15.09,8454.6,0.939,2927.8,Calm,Green Fuel,8.08,68.64,554.89
Vessel B,7000,10.24,2735.8,0.391,3604.8,Moderate,Green Fuel,14.66,16.38,240.11
Vessel D,9000,9.88,5524.2,0.614,3433.5,Calm,Fuel B,14.48,16.0,231.65
Vessel C,4000,19.99,3045.3,0.761,1765.3,Moderate,Fuel B,3.68,124.21,457.07
Vessel D,9000,21.84,7282.4,0.809,2876.2,Calm,Green Fuel,5.49,187.91,1031.11
Vessel A,5000,11.41,2026.3,0.405,2744.0,Rough,Fuel B,10.02,24.02,240.7
Vessel D,9000,9.72,4493.6,0.499,2708.1,Moderate,Fuel A,11.6,13.81,160.26
Vessel C,4000,9.96,2175.8,0.544,523.1,Calm,Fuel A,2.19,13.09,28.63
Vessel B,7000,11.18,2852.5,0.408,1685.0,Calm,Green Fuel,6.28,22.03,138.28
Vessel A,5000,10.87,1260.0,0.252,796.0,Calm,Green Fuel,3.05,15.61,47.66
Vessel A,5000,9.9,1571.6,0.314,1636.5,Moderate,Fuel A,6.89,13.26,91.38
Vessel C,4000,11.94,3954.1,0.989,1074.3,Calm,Green Fuel,3.75,28.14,105.51
Vessel D,9000,18.32,8397.5,0.933,3947.8,Calm,Fuel B,8.98,112.3,1008.37
Vessel C,4000,10.87,2778.7,0.695,3739.8,Calm,Fuel B,14.34,18.05,258.83
Vessel B,7000,17.04,4048.5,0.578,2350.1,Calm,Fuel A,5.74,74.54,428.22
Vessel D,9000,11.14,8627.5,0.959,884.9,Moderate,Green Fuel,3.31,35.77,118.37
Vessel A,5000,21.74,4785.3,0.957,1406.7,Rough,Fuel A,2.7,274.23,739.31
Vessel C,4000,18.38,1670.2,0.418,2037.9,Moderate,Fuel B,4.62,79.94,369.41
Vessel C,4000,17.19,2416.7,0.604,453.0,Calm,Fuel B,1.1,67.91,74.54
Vessel B,7000,11.82,5085.4,0.726,2793.8,Calm,Fuel B,9.85,22.1,217.72
Vessel B,7000,9.51,1955.9,0.279,827.5,Rough,Green Fuel,3.63,15.26,55.32
Vessel C,4000,11.02,3452.4,0.863,2211.1,Rough,Fuel A,8.36,27.81,232.56
Vessel D,9000,18.51,2064.4,0.229,961.4,Moderate,Fuel B,2.16,89.86,194.45
Vessel D,9000,16.08,3707.9,0.412,611.0,Moderate,Green Fuel,1.58,75.72,119.88
Vessel B,7000,14.05,6585.8,0.941,1290.6,Moderate,Fuel B,3.83,54.19,207.37
Vessel B,7000,13.96,2694.6,0.385,3061.4,Calm,Green Fuel,9.14,42.86,391.6
Vessel C,4000,13.04,2284.6,0.571,2100.6,Calm,Green Fuel,6.71,30.99,208.05
Vessel D,9000,19.8,2900.4,0.322,2777.5,Calm,Fuel B,5.85,105.99,619.54
Vessel A,5000,21.01,2781.1,0.556,1331.1,Rough,Fuel B,2.64,169.52,447.51
Vessel C,4000,16.93,2010.1,0.503,2163.7,Moderate,Green Fuel,5.32,84.48,449.82
Vessel B,7000,20.77,6345.9,0.907,2794.3,Rough,Green Fuel,5.61,237.02,1328.68
Vessel B,7000,8.15,6897.3,0.985,3582.6,Moderate,Green Fuel,18.32,13.38,245.08
Vessel C,4000,15.38,2951.9,0.738,1326.8,Rough,Green Fuel,3.6,75.45,271.28
Vessel C,4000,8.73,1126.8,0.282,1930.4,Moderate,Fuel A,9.21,7.5,69.14
Vessel C,4000,9.81,1595.7,0.399,3809.1,Rough,Fuel A,16.17,14.72,237.98
Vessel A,5000,18.32,4608.0,0.922,901.1,Calm,Fuel B,2.05,100.75,206.44
Vessel D,9000,14.22,4215.9,0.468,1232.8,Moderate,Green Fuel,3.61,45.18,163.14
Vessel B,7000,13.65,4807.1,0.687,3287.0,Moderate,Green Fuel,10.03,45.23,453.72
Vessel D,9000,15.34,5844.0,0.649,1231.2,Moderate,Green Fuel,3.34,74.0,247.52
Vessel B,7000,15.89,3493.1,0.499,2259.1,Calm,Fuel A,5.92,60.41,357.78
Vessel C,4000,19.16,3278.2,0.82,406.2,Calm,Green Fuel,0.88,111.6,98.6
Vessel D,9000,21.31,2055.0,0.228,1908.2,Moderate,Fuel A,3.73,138.41,516.54
Vessel A,5000,20.2,2431.6,0.486,1741.9,Moderate,Fuel B,3.59,125.7,451.57
Vessel A,5000,21.89,4012.3,0.802,1769.6,Rough,Fuel A,3.37,233.69,787.26
Vessel A,5000,10.61,2327.9,0.466,2031.2,Moderate,Green Fuel,7.98,19.49,155.47
Vessel C,4000,13.36,3478.6,0.87,1038.6,Moderate,Green Fuel,3.24,43.48,140.82
Vessel B,7000,21.93,6978.0,0.997,3822.5,Rough,Fuel A,7.26,256.49,1863.17
Vessel C,4000,16.77,3100.7,0.775,2921.3,Calm,Fuel B,7.26,69.88,507.22
Vessel A,5000,8.53,1603.5,0.321,3988.6,Calm,Green Fuel,19.48,8.03,156.38
Vessel C,4000,15.33,3016.4,0.754,322.5,Calm,Fuel A,0.88,53.88,47.22
Vessel D,9000,10.68,8806.5,0.979,1090.6,Calm,Green Fuel,4.26,28.01,119.21
Vessel B,7000,13.87,3760.2,0.537,371.4,Moderate,Fuel A,1.12,39.0,43.53
Vessel B,7000,10.26,2413.9,0.345,3126.1,Moderate,Fuel A,12.69,13.93,176.8
Vessel D,9000,19.29,8306.1,0.923,3019.1,Moderate,Green Fuel,6.52,165.62,1079.99
Vessel C,4000,20.01,1637.7,0.409,2939.4,Moderate,Fuel B,6.12,94.12,576.0
Vessel C,4000,11.93,2798.1,0.7,1389.4,Calm,Green Fuel,4.85,27.84,135.07
Vessel A,5000,18.2,4909.8,0.982,3897.2,Moderate,Green Fuel,8.92,127.03,1133.12
Vessel B,7000,19.56,2392.0,0.342,3862.5,Calm,Fuel B,8.23,92.39,760.25
Vessel B,7000,16.93,2981.6,0.426,487.3,Rough,Fuel A,1.2,87.1,104.44
Vessel A,5000,8.89,2102.4,0.42,1122.7,Moderate,Fuel B,5.26,10.29,54.15
Vessel A,5000,16.94,3305.2,0.661,228.1,Moderate,Green Fuel,0.56,85.76,48.11
Vessel D,9000,19.22,7461.8,0.829,819.3,Calm,Green Fuel,1.78,126.39,224.5
Vessel B,7000,21.96,1571.0,0.224,892.7,Calm,Fuel A,1.69,129.54,219.41
Vessel C,4000,19.5,3501.0,0.875,1426.9,Moderate,Fuel A,3.05,127.77,389.52
Vessel B,7000,9.66,3723.8,0.532,3196.1,Calm,Fuel A,13.78,13.71,188.86
Vessel B,7000,12.33,1618.7,0.231,2944.2,Moderate,Fuel A,9.95,25.52,253.78
Vessel B,7000,10.95,5606.7,0.801,2438.7,Calm,Fuel B,9.28,23.79,220.68
Vessel B,7000,19.65,1426.7,0.204,1890.9,Moderate,Fuel B,4.01,81.03,324.9
Vessel C,4000,20.06,3689.1,0.922,2519.2,Rough,Green Fuel,5.23,183.88,962.13
Vessel D,9000,16.02,2003.3,0.223,1531.2,Calm,Fuel A,3.98,57.0,227.04
Vessel B,7000,17.09,2759.8,0.394,1231.8,Moderate,Green Fuel,3.0,77.6,233.02
Vessel A,5000,20.27,3103.3,0.621,403.2,Rough,Fuel A,0.83,133.9,110.99
Vessel A,5000,9.1,4587.5,0.918,902.1,Rough,Fuel A,4.13,16.51,68.18
Vessel C,4000,14.89,2496.1,0.624,3136.5,Calm,Fuel A,8.78,45.06,395.56
Vessel A,5000,14.21,2476.1,0.495,526.0,Moderate,Fuel A,1.54,43.07,66.45
Vessel C,4000,16.38,1241.5,0.31,1884.9,Calm,Fuel A,4.8,48.82,234.08
Vessel A,5000,15.05,3587.3,0.717,3727.0,Calm,Green Fuel,10.32,59.44,613.16
Vessel D,9000,20.51,5350.1,0.594,2568.4,Calm,Fuel B,5.22,117.83,614.83
Vessel A,5000,17.55,3294.7,0.659,1154.8,Rough,Fuel A,2.74,95.84,262.76
Vessel C,4000,18.16,1876.2,0.469,2521.5,Moderate,Green Fuel,5.79,86.65,501.29
Vessel A,5000,20.45,2126.4,0.425,572.8,Calm,Fuel A,1.17,113.28,132.17
Vessel B,7000,13.2,1580.8,0.226,483.8,Moderate,Fuel A,1.53,31.93,48.75
Vessel C,4000,16.98,2951.2,0.738,927.0,Rough,Green Fuel,2.27,97.99,222.92
Vessel A,5000,21.61,1715.1,0.343,3254.3,Moderate,Green Fuel,6.28,163.22,1024.37
Vessel A,5000,12.41,2613.9,0.523,2213.4,Calm,Fuel B,7.43,21.98,163.38
Vessel B,7000,13.86,5076.6,0.725,2599.7,Calm,Green Fuel,7.81,42.99,335.91
Vessel A,5000,14.61,2413.7,0.483,2933.2,Moderate,Fuel B,8.36,40.58,339.39
Vessel D,9000,12.34,4926.9,0.547,2788.4,Calm,Fuel B,9.41,30.07,283.02
Vessel C,4000,10.63,3819.7,0.955,2804.3,Moderate,Fuel A,10.99,21.5,236.32
Vessel D,9000,17.69,3251.7,0.361,2169.7,Calm,Fuel A,5.11,81.12,414.6
Vessel C,4000,19.07,1485.8,0.371,2650.4,Calm,Fuel A,5.79,83.42,483.17
Vessel D,9000,15.17,5268.3,0.585,1823.3,Moderate,Green Fuel,5.01,67.38,337.39
Vessel B,7000,9.47,2481.0,0.354,402.7,Rough,Fuel A,1.77,13.77,24.41
Vessel C,4000,13.88,3633.9,0.908,704.2,Moderate,Fuel B,2.11,45.95,97.12
Vessel D,9000,21.04,5367.9,0.596,3918.3,Moderate,Fuel B,7.76,165.01,1280.28
Vessel D,9000,12.73,4329.8,0.481,3358.0,Calm,Fuel B,10.99,27.08,297.61
Vessel C,4000,13.16,3118.0,0.779,2031.2,Calm,Fuel A,6.43,32.68,210.21
Vessel A,5000,18.08,2156.4,0.431,1235.2,Moderate,Fuel B,2.85,78.83,224.45
Vessel A,5000,11.16,3875.6,0.775,1107.6,Moderate,Fuel B,4.13,22.58,93.37
Vessel D,9000,9.21,7094.6,0.788,2373.6,Rough,Fuel B,10.74,18.61,199.86
Vessel D,9000,20.55,5842.2,0.649,1999.3,Moderate,Fuel A,4.05,166.78,675.96
Vessel C,4000,16.02,1297.7,0.324,977.0,Calm,Green Fuel,2.54,50.8,129.1
Vessel D,9000,15.09,3605.3,0.401,1651.3,Moderate,Green Fuel,4.56,57.48,262.15
Vessel D,9000,10.27,2544.1,0.283,278.9,Calm,Fuel A,1.13,15.6,17.65
Vessel A,5000,14.74,4674.2,0.935,819.9,Moderate,Fuel A,2.32,56.2,130.28
Vessel A,5000,15.35,2138.3,0.428,2491.4,Rough,Green Fuel,6.76,61.03,412.8
Vessel B,7000,17.61,5054.1,0.722,3992.6,Moderate,Fuel A,9.45,96.21,909.0
Vessel C,4000,15.11,2102.3,0.526,1247.9,Moderate,Green Fuel,3.44,49.34,169.82
Vessel D,9000,15.43,5281.0,0.587,3621.4,Moderate,Fuel A,9.78,60.78,594.34
Vessel D,9000,19.67,6004.9,0.667,1838.5,Calm,Fuel B,3.89,111.81,435.43
Vessel C,4000,14.28,3561.7,0.89,487.2,Rough,Fuel A,1.42,63.25,89.91
Vessel C,4000,18.91,2366.3,0.592,2010.5,Rough,Fuel B,4.43,112.86,500.02
Vessel B,7000,12.37,2564.5,0.366,2471.2,Moderate,Fuel A,8.32,27.55,229.25
Vessel B,7000,12.64,1418.4,0.203,270.6,Calm,Fuel B,0.89,24.15,21.55
Vessel A,5000,14.78,4635.5,0.927,3328.9,Calm,Green Fuel,9.39,53.68,503.85
Vessel D,9000,13.33,2258.4,0.251,3893.6,Calm,Fuel B,12.17,29.67,361.16
Vessel A,5000,17.05,3748.4,0.75,692.0,Calm,Fuel B,1.69,75.29,127.31
Vessel D,9000,14.53,4224.4,0.469,1691.8,Moderate,Fuel A,4.85,51.95,252.02
Vessel C,4000,9.07,2570.1,0.643,1675.3,Calm,Green Fuel,7.7,10.26,78.96
Vessel D,9000,8.05,4692.9,0.521,1937.7,Calm,Green Fuel,10.03,9.98,100.14
Vessel B,7000,15.55,2956.6,0.422,3483.4,Moderate,Green Fuel,9.33,62.46,583.02
Vessel A,5000,17.81,1506.0,0.301,1962.0,Calm,Fuel B,4.59,66.7,306.26
Vessel A,5000,14.96,2748.1,0.55,1804.8,Calm,Green Fuel,5.03,52.78,265.25
Vessel A,5000,17.69,3844.8,0.769,1714.5,Calm,Fuel A,4.04,85.05,343.52
Vessel C,4000,20.45,3028.4,0.757,3421.9,Rough,Fuel A,6.97,153.09,1067.09
Vessel C,4000,16.9,3883.4,0.971,2400.7,Calm,Fuel B,5.92,74.07,438.38
Vessel D,9000,12.35,4453.8,0.495,2916.1,Calm,Fuel A,9.84,29.12,286.42
Vessel A,5000,17.46,2183.1,0.437,1611.9,Calm,Green Fuel,3.85,70.92,272.85
Vessel A,5000,8.79,4644.1,0.929,292.8,Calm,Fuel B,1.39,10.74,14.92
Vessel A,5000,10.34,4401.2,0.88,2170.4,Calm,Fuel B,8.75,18.42,161.19
Vessel A,5000,14.35,3289.1,0.658,2300.3,Calm,Green Fuel,6.68,42.72,285.44
Vessel D,9000,15.8,6462.7,0.718,2523.4,Rough,Green Fuel,6.65,98.22,653.57
Vessel A,5000,15.35,3385.4,0.677,3046.2,Moderate,Fuel A,8.27,54.8,453.22
Vessel C,4000,16.72,1402.0,0.351,3038.6,Calm,Fuel A,7.57,48.01,363.66
Vessel A,5000,18.8,3507.6,0.702,313.3,Calm,Fuel A,0.69,98.6,68.47
Vessel C,4000,10.74,3986.4,0.997,1147.4,Rough,Green Fuel,4.45,27.45,122.15
Vessel C,4000,21.02,1948.3,0.487,203.9,Rough,Fuel B,0.4,149.92,60.59
Vessel D,9000,21.14,5474.9,0.608,1192.7,Moderate,Fuel B,2.35,168.85,396.97
Vessel A,5000,11.29,4416.9,0.883,3891.3,Moderate,Green Fuel,14.37,27.98,402.0
Vessel A,5000,11.25,1194.9,0.239,806.4,Calm,Green Fuel,2.99,19.17,57.24
Vessel D,9000,11.15,3363.3,0.374,469.8,Moderate,Fuel A,1.75,22.14,38.85
Vessel C,4000,13.0,3230.6,0.808,445.5,Moderate,Fuel A,1.43,31.89,45.54
Vessel A,5000,12.61,3316.0,0.663,646.9,Moderate,Fuel B,2.14,31.63,67.61
Vessel C,4000,21.07,1469.0,0.367,3119.1,Rough,Fuel A,6.17,135.91,838.32
Vessel C,4000,17.15,2785.1,0.696,3421.6,Moderate,Green Fuel,8.31,86.95,722.61
Vessel D,9000,14.08,3676.5,0.409,2900.5,Calm,Fuel B,8.59,40.56,348.21
Vessel D,9000,21.25,7309.8,0.812,3714.5,Moderate,Fuel A,7.28,190.71,1388.99
Vessel C,4000,15.42,3943.9,0.986,3625.3,Moderate,Green Fuel,9.8,71.72,702.72
Vessel C,4000,17.66,1114.6,0.279,907.1,Calm,Fuel A,2.14,58.48,125.13
Vessel D,9000,16.8,8405.3,0.934,2152.2,Calm,Fuel B,5.34,90.09,480.85
Vessel D,9000,9.23,4910.4,0.546,930.6,Calm,Fuel A,4.2,11.81,49.62
Vessel D,9000,18.99,5620.6,0.625,1185.6,Calm,Green Fuel,2.6,121.34,315.7
Vessel A,5000,12.74,1873.0,0.375,1671.1,Rough,Fuel A,5.47,32.55,177.95
Vessel C,4000,18.27,1002.1,0.251,1728.2,Moderate,Fuel A,3.94,70.24,276.86
Vessel B,7000,11.46,5408.9,0.773,2187.4,Rough,Fuel B,7.95,30.7,244.1
Vessel D,9000,9.29,5942.7,0.66,618.5,Rough,Green Fuel,2.77,21.05,58.42
Vessel D,9000,14.75,5137.2,0.571,2869.0,Moderate,Green Fuel,8.11,58.38,473.18
Vessel A,5000,16.48,1512.1,0.302,3533.4,Rough,Fuel A,8.93,69.38,619.74
Vessel A,5000,17.68,1322.6,0.265,3889.5,Calm,Fuel A,9.17,53.14,487.16
Vessel C,4000,18.34,1674.2,0.419,1423.3,Moderate,Fuel B,3.23,79.42,256.86
Vessel C,4000,10.36,2148.8,0.537,1125.3,Rough,Fuel B,4.53,19.5,88.25
Vessel D,9000,11.76,2912.7,0.324,3428.9,Moderate,Fuel B,12.15,22.17,269.3
Vessel A,5000,18.2,4793.0,0.959,3805.4,Moderate,Fuel A,8.71,103.21,899.4
Vessel A,5000,19.31,1765.8,0.353,3623.9,Rough,Fuel A,7.82,111.16,869.42
Vessel B,7000,21.96,5571.5,0.796,2720.5,Rough,Green Fuel,5.16,229.05,1182.3
Vessel B,7000,15.21,5724.2,0.818,2896.4,Moderate,Green Fuel,7.93,70.56,559.79
Vessel C,4000,13.49,1023.2,0.256,3618.4,Calm,Green Fuel,11.18,26.38,294.79
Vessel D,9000,11.96,3170.6,0.352,1445.1,Calm,Fuel A,5.03,22.18,111.68
Vessel B,7000,12.77,2031.0,0.29,284.1,Moderate,Fuel A,0.93,26.83,24.88
Vessel A,5000,11.27,3662.6,0.733,2952.1,Moderate,Fuel B,10.92,22.13,241.57
Vessel B,7000,17.97,2612.4,0.373,372.0,Moderate,Fuel B,0.86,81.56,70.36
Vessel D,9000,11.89,8996.3,1.0,3427.5,Calm,Fuel A,12.01,30.99,372.03
Vessel A,5000,15.22,4640.9,0.928,3980.1,Calm,Fuel B,10.89,53.65,584.4
Vessel A,5000,18.42,4863.3,0.973,3898.0,Calm,Fuel A,8.82,101.37,893.99
Vessel D,9000,16.03,7168.4,0.796,3809.8,Moderate,Fuel B,9.91,81.62,808.53
Vessel D,9000,12.11,6405.6,0.712,2333.1,Moderate,Fuel A,8.03,35.19,282.51
Vessel B,7000,17.67,5876.0,0.839,973.5,Moderate,Green Fuel,2.3,117.31,269.25
Vessel D,9000,19.01,4772.6,0.53,3868.3,Moderate,Fuel A,8.48,113.34,961.03
Vessel C,4000,15.35,1468.5,0.367,1603.8,Calm,Green Fuel,4.35,48.71,212.08
Vessel C,4000,17.9,3183.2,0.796,360.9,Moderate,Fuel B,0.84,85.23,71.62
Vessel C,4000,21.26,1417.3,0.354,2616.4,Rough,Green Fuel,5.13,161.7,829.1
Vessel D,9000,12.03,6309.8,0.701,3116.0,Calm,Fuel B,10.79,30.91,333.52
Vessel C,4000,21.06,3458.4,0.865,2354.3,Moderate,Fuel B,4.66,153.8,716.36
Vessel A,5000,14.04,1249.1,0.25,2096.2,Moderate,Green Fuel,6.22,40.04,249.03
Vessel D,9000,15.78,6167.7,0.685,2207.5,Calm,Fuel A,5.83,65.6,382.36
Vessel A,5000,11.99,3673.5,0.735,927.9,Calm,Green Fuel,3.23,28.26,91.15
Vessel A,5000,9.05,2007.0,0.401,2474.6,Calm,Green Fuel,11.4,8.9,101.45
Vessel A,5000,19.27,1695.4,0.339,2677.6,Moderate,Green Fuel,5.79,108.94,630.84
Vessel C,4000,9.62,3657.2,0.914,1086.5,Moderate,Green Fuel,4.7,16.92,79.61
Vessel B,7000,20.07,1487.3,0.212,2531.7,Rough,Fuel B,5.26,116.93,614.54
Vessel D,9000,20.39,3828.5,0.425,1593.9,Moderate,Fuel A,3.26,128.07,417.11
Vessel D,9000,15.77,4653.7,0.517,3417.6,Moderate,Fuel A,9.03,62.79,567.14
Vessel C,4000,8.51,1518.6,0.38,1858.3,Rough,Fuel B,9.1,8.94,81.38
Vessel A,5000,20.77,4889.3,0.978,1374.9,Moderate,Fuel B,2.76,151.34,417.46
Vessel A,5000,8.57,1205.4,0.241,2728.0,Moderate,Green Fuel,13.27,8.66,114.89
Vessel D,9000,13.79,7966.3,0.885,3229.0,Moderate,Fuel B,9.76,51.51,502.68
Vessel C,4000,16.91,2517.4,0.629,2749.8,Moderate,Green Fuel,6.78,67.12,454.85
Vessel D,9000,15.44,6145.2,0.683,1114.7,Calm,Fuel B,3.01,63.83,192.0
Vessel C,4000,11.95,1382.7,0.346,662.0,Moderate,Green Fuel,2.31,22.88,52.81
Vessel D,9000,20.07,6277.1,0.697,466.1,Rough,Fuel A,0.97,183.59,177.64
Vessel D,9000,11.33,7830.0,0.87,1270.2,Rough,Fuel B,4.67,34.43,160.79
Vessel B,7000,18.83,6319.7,0.903,1655.6,Moderate,Green Fuel,3.66,140.61,515.12
Vessel C,4000,18.91,2737.9,0.684,1087.3,Calm,Fuel A,2.4,91.29,218.75
Vessel B,7000,8.05,6536.9,0.934,3331.8,Calm,Fuel B,17.25,8.69,149.83
Vessel A,5000,11.56,4446.5,0.889,2129.7,Moderate,Fuel A,7.67,24.57,188.55
Vessel D,9000,17.81,6075.6,0.675,446.0,Rough,Green Fuel,1.04,139.15,145.21
Vessel A,5000,15.45,1345.3,0.269,3326.1,Calm,Green Fuel,8.97,43.99,394.56
Vessel C,4000,10.33,2201.6,0.55,1204.5,Calm,Green Fuel,4.86,16.43,79.83
Vessel C,4000,14.62,1690.4,0.423,1062.0,Moderate,Fuel B,3.03,38.77,117.36
Vessel A,5000,18.34,3999.3,0.8,1797.9,Calm,Fuel A,4.08,98.84,403.67
Vessel C,4000,16.48,1974.0,0.493,795.4,Calm,Fuel A,2.01,57.58,115.76
Vessel C,4000,14.12,1770.3,0.443,3406.0,Calm,Green Fuel,10.05,39.45,396.6
Vessel D,9000,20.56,6272.4,0.697,1018.6,Moderate,Green Fuel,2.06,165.56,341.66
Vessel C,4000,20.84,3237.9,0.809,1260.0,Calm,Green Fuel,2.52,144.93,365.17
Vessel D,9000,20.45,7219.0,0.802,3942.6,Calm,Fuel A,8.03,157.42,1264.81
Vessel C,4000,13.83,2409.7,0.602,925.7,Moderate,Green Fuel,2.79,36.81,102.69
Vessel B,7000,16.34,4810.8,0.687,2989.4,Calm,Green Fuel,7.62,77.56,591.32
Vessel B,7000,13.01,5887.5,0.841,3290.1,Calm,Fuel A,10.54,40.38,425.47
Vessel B,7000,21.74,2977.8,0.425,2951.8,Moderate,Green Fuel,5.66,150.23,850.03
Vessel C,4000,15.96,2032.3,0.508,215.7,Calm,Fuel B,0.56,49.86,28.07
Vessel A,5000,21.02,4426.8,0.885,2485.7,Moderate,Green Fuel,4.93,175.07,862.61
Vessel B,7000,11.53,6907.1,0.987,3170.1,Calm,Fuel B,11.45,27.11,310.52
Vessel B,7000,8.04,3500.3,0.5,1234.2,Calm,Fuel A,6.4,7.53,48.21
Vessel B,7000,14.14,3818.8,0.546,2798.5,Moderate,Green Fuel,8.25,50.37,415.3
Vessel B,7000,15.92,3083.0,0.44,2566.2,Calm,Fuel B,6.72,51.78,347.71
Vessel B,7000,10.5,5038.9,0.72,376.3,Rough,Green Fuel,1.49,28.16,42.04
Vessel B,7000,20.36,6017.1,0.86,2567.7,Calm,Green Fuel,5.25,156.63,822.93
Vessel A,5000,18.64,1844.4,0.369,1820.6,Rough,Fuel B,4.07,102.07,415.4
Vessel D,9000,17.23,4176.9,0.464,2509.7,Moderate,Fuel B,6.07,85.78,520.49
Vessel D,9000,13.03,7491.5,0.832,1962.9,Calm,Fuel B,6.27,35.15,220.54
Vessel B,7000,19.32,4732.7,0.676,2236.9,Moderate,Green Fuel,4.82,122.52,591.14
Vessel C,4000,16.87,3531.3,0.883,3670.3,Moderate,Green Fuel,9.07,84.44,765.45
Vessel B,7000,13.41,4597.7,0.657,830.2,Moderate,Fuel A,2.58,35.6,91.8
Vessel D,9000,15.08,4127.8,0.459,2748.0,Calm,Fuel B,7.59,51.47,390.83
Vessel D,9000,11.35,8168.9,0.908,3466.4,Moderate,Fuel A,12.73,28.47,362.33
Vessel D,9000,8.52,3623.0,0.403,2566.7,Rough,Fuel A,12.56,11.78,147.99
Vessel B,7000,20.34,5079.6,0.726,1566.1,Calm,Fuel B,3.21,122.98,394.49
Vessel A,5000,20.65,3637.2,0.727,3586.9,Moderate,Fuel A,7.24,136.15,985.49
Vessel A,5000,19.81,4713.1,0.943,2728.9,Calm,Fuel B,5.74,125.3,719.03
Vessel A,5000,16.2,3425.4,0.685,1395.2,Calm,Fuel B,3.59,59.67,214.08
Vessel C,4000,14.77,3478.9,0.87,3183.0,Calm,Fuel B,8.98,51.42,461.65
Vessel A,5000,20.98,4415.8,0.883,3202.5,Rough,Fuel A,6.36,191.8,1219.88
Vessel D,9000,8.35,6140.9,0.682,3813.8,Calm,Fuel B,19.02,9.72,184.88
Vessel A,5000,8.9,2943.9,0.589,2653.5,Moderate,Fuel B,12.42,10.21,126.8
Vessel A,5000,8.41,3085.1,0.617,3520.8,Moderate,Fuel B,17.45,8.71,151.99
Vessel B,7000,13.74,3150.4,0.45,3905.4,Rough,Fuel A,11.84,44.17,523.15
Vessel B,7000,9.85,5687.3,0.812,2731.2,Rough,Green Fuel,11.55,23.97,276.78
Vessel C,4000,21.8,3797.5,0.949,1324.6,Moderate,Fuel A,2.53,194.35,492.1
Vessel D,9000,13.93,6580.0,0.731,2888.6,Calm,Fuel B,8.64,42.8,369.76
Vessel A,5000,16.97,1250.7,0.25,205.4,Rough,Fuel A,0.5,78.4,39.54
Vessel C,4000,8.48,3700.5,0.925,1742.2,Rough,Fuel B,8.56,12.32,105.47
Vessel C,4000,8.63,2598.3,0.65,907.7,Moderate,Green Fuel,4.38,10.02,43.94
Vessel B,7000,9.86,2182.4,0.312,1320.6,Calm,Fuel B,5.58,12.8,71.42
Vessel D,9000,16.05,6700.5,0.744,720.5,Calm,Green Fuel,1.87,76.03,142.22
Vessel A,5000,8.18,3384.8,0.677,368.9,Rough,Green Fuel,1.88,11.65,21.89
Vessel B,7000,17.42,4185.6,0.598,729.3,Moderate,Fuel A,1.74,83.9,146.35
Vessel B,7000,14.33,6356.4,0.908,467.3,Calm,Fuel A,1.36,57.22,77.74
Vessel C,4000,15.22,2513.4,0.628,2789.9,Rough,Fuel B,7.64,59.68,455.95
Vessel B,7000,11.26,6256.1,0.894,3863.3,Calm,Fuel A,14.29,21.25,303.68
Vessel A,5000,17.44,1782.7,0.357,755.4,Calm,Fuel A,1.8,66.25,119.55
Vessel A,5000,13.0,4744.3,0.949,1319.1,Rough,Fuel A,4.23,51.31,216.96
Vessel A,5000,12.11,4913.4,0.983,3308.4,Moderate,Green Fuel,11.38,36.08,410.58
Vessel D,9000,17.71,4603.8,0.512,3675.1,Calm,Green Fuel,8.65,91.08,787.46
Vessel D,9000,21.21,7669.7,0.852,2112.5,Moderate,Green Fuel,4.15,202.68,841.06
Vessel D,9000,21.6,4328.2,0.481,1469.9,Rough,Fuel A,2.84,211.61,600.07
Vessel C,4000,20.31,1104.3,0.276,3383.7,Moderate,Green Fuel,6.94,109.22,758.33
Vessel B,7000,18.22,4321.8,0.617,1622.7,Moderate,Fuel A,3.71,99.98,371.03
Vessel D,9000,19.0,5110.0,0.568,2050.0,Calm,Fuel A,4.49,104.27,468.65
Vessel A,5000,10.66,1491.7,0.298,3873.3,Calm,Fuel A,15.14,13.74,208.03
Vessel A,5000,21.65,3357.7,0.672,1631.7,Moderate,Fuel A,3.14,161.83,508.12
Vessel A,5000,10.4,3522.9,0.705,1595.1,Moderate,Fuel A,6.39,17.6,112.54
Vessel A,5000,13.47,1979.6,0.396,1989.3,Calm,Fuel B,6.15,30.1,185.16
Vessel A,5000,15.32,3036.0,0.607,829.1,Calm,Fuel A,2.25,50.99,114.97
Vessel D,9000,12.65,8620.8,0.958,3618.3,Rough,Green Fuel,11.92,56.87,677.68
Vessel B,7000,21.73,4909.6,0.701,3210.5,Rough,Fuel A,6.16,207.58,1277.81
Vessel A,5000,20.69,4027.5,0.805,1904.4,Rough,Green Fuel,3.84,211.15,809.87
Vessel B,7000,16.09,3066.1,0.438,567.5,Moderate,Fuel B,1.47,61.86,90.93
Vessel D,9000,12.33,5275.9,0.586,2540.3,Moderate,Fuel B,8.58,30.07,258.11
Vessel B,7000,11.25,6914.6,0.988,2310.8,Moderate,Fuel A,8.56,32.61,279.16
Vessel D,9000,14.61,5033.8,0.559,1919.7,Calm,Fuel B,5.48,48.85,267.49
Vessel B,7000,17.95,5064.4,0.723,3933.9,Rough,Fuel B,9.13,117.05,1068.79
Vessel C,4000,17.59,835.2,0.209,3602.4,Rough,Fuel A,8.53,66.27,565.61
Vessel A,5000,10.54,2410.6,0.482,3663.3,Calm,Green Fuel,14.48,17.4,252.04
Vessel D,9000,11.91,3923.0,0.436,1984.7,Rough,Fuel B,6.95,30.24,210.06
Vessel B,7000,21.86,6024.6,0.861,2667.2,Moderate,Fuel B,5.08,209.1,1062.8
Vessel A,5000,9.45,3465.2,0.693,3973.3,Calm,Fuel A,17.53,11.87,208.05
Vessel A,5000,16.22,2189.7,0.438,842.5,Rough,Green Fuel,2.16,68.86,149.02
Vessel B,7000,15.64,5851.9,0.836,3167.1,Calm,Green Fuel,8.44,73.79,622.68
Vessel A,5000,11.7,1682.4,0.336,2939.5,Moderate,Green Fuel,10.47,22.92,239.91
Vessel D,9000,14.86,2591.7,0.288,2489.9,Rough,Green Fuel,6.98,67.25,469.5
Vessel C,4000,17.91,3403.7,0.851,3649.9,Calm,Fuel A,8.49,86.41,733.93
Vessel A,5000,12.9,4157.4,0.831,2322.9,Calm,Fuel A,7.5,34.77,260.88
Vessel B,7000,9.18,5549.4,0.793,258.8,Moderate,Fuel B,1.17,13.23,15.54
Vessel D,9000,20.12,5481.8,0.609,3873.5,Moderate,Fuel B,8.02,146.98,1179.24
Vessel C,4000,9.63,915.6,0.229,2865.2,Moderate,Green Fuel,12.39,10.31,127.77
Vessel C,4000,17.62,3520.3,0.88,3089.7,Calm,Fuel A,7.31,80.74,589.86
Vessel C,4000,20.78,2894.1,0.724,3774.0,Moderate,Fuel A,7.57,140.28,1061.72
Vessel D,9000,9.9,2844.5,0.316,2732.8,Moderate,Green Fuel,11.5,17.69,203.51
Vessel B,7000,20.86,3532.3,0.505,1837.0,Moderate,Fuel A,3.67,136.88,502.23
Vessel D,9000,17.64,3802.4,0.422,2774.7,Moderate,Fuel A,6.55,87.98,576.6
Vessel C,4000,20.55,3589.6,0.897,1047.3,Moderate,Green Fuel,2.12,152.59,323.98
Vessel B,7000,8.97,4736.7,0.677,3009.6,Calm,Green Fuel,13.98,11.47,160.36
Vessel A,5000,11.5,2258.2,0.452,3510.9,Moderate,Fuel B,12.72,19.81,251.96
Vessel A,5000,20.35,1161.0,0.232,3584.4,Rough,Fuel A,7.34,115.35,846.56
Vessel D,9000,17.4,3066.8,0.341,1476.2,Rough,Fuel A,3.53,93.2,329.41
Vessel C,4000,19.4,1138.8,0.285,2286.7,Calm,Fuel A,4.91,77.61,381.19
Vessel A,5000,21.1,4138.6,0.828,2730.2,Moderate,Green Fuel,5.39,172.27,928.87
Vessel C,4000,17.94,3976.8,0.994,2085.8,Moderate,Fuel B,4.85,108.37,525.08
Vessel A,5000,14.12,4830.8,0.966,1100.0,Calm,Fuel B,3.25,48.57,157.65
Vessel D,9000,8.17,4192.9,0.466,345.6,Calm,Fuel A,1.76,8.72,15.38
Vessel B,7000,15.1,6024.6,0.861,799.8,Rough,Green Fuel,2.21,95.6,211.03
Vessel C,4000,9.05,2851.1,0.713,3973.6,Rough,Green Fuel,18.29,15.13,276.63
Vessel B,7000,11.8,6960.8,0.994,2063.7,Calm,Fuel A,7.28,33.14,241.43
Vessel C,4000,21.65,3962.5,0.991,2707.3,Moderate,Fuel A,5.21,188.41,981.46
Vessel A,5000,21.23,2266.2,0.453,769.4,Calm,Fuel A,1.51,114.1,172.33
Vessel B,7000,13.53,6446.7,0.921,2920.6,Rough,Fuel B,8.99,64.13,576.8
Vessel D,9000,9.33,8113.7,0.902,3656.8,Calm,Fuel A,16.33,14.97,244.47
Vessel B,7000,13.87,2191.7,0.313,1287.2,Moderate,Fuel A,3.87,38.36,148.3
Vessel A,5000,12.41,2260.1,0.452,498.3,Calm,Fuel B,1.67,23.63,39.54
Vessel B,7000,18.19,4894.6,0.699,2851.7,Calm,Fuel B,6.53,92.9,606.97
Vessel C,4000,13.4,1905.1,0.476,1829.3,Moderate,Green Fuel,5.69,34.82,198.13
Vessel B,7000,17.94,5946.3,0.849,928.1,Calm,Fuel A,2.16,103.19,222.47
Vessel D,9000,12.72,6157.7,0.684,1716.2,Rough,Fuel B,5.62,44.52,250.24
Vessel B,7000,17.95,2294.4,0.328,2581.6,Moderate,Green Fuel,5.99,86.42,517.98
Vessel A,5000,18.03,4891.8,0.978,1046.5,Calm,Fuel A,2.42,101.5,245.44
Vessel D,9000,20.57,2571.3,0.286,1179.7,Calm,Green Fuel,2.39,119.19,284.83
Vessel B,7000,21.75,5864.0,0.838,926.0,Moderate,Green Fuel,1.77,228.3,405.05
Vessel D,9000,9.58,8944.3,0.994,2398.2,Moderate,Fuel A,10.43,19.5,203.28
Vessel A,5000,20.01,4483.4,0.897,2244.1,Calm,Fuel B,4.67,130.76,610.9
Vessel C,4000,9.72,2787.0,0.697,2293.7,Moderate,Fuel A,9.83,14.14,139.05
Vessel C,4000,11.2,1640.7,0.41,1259.2,Calm,Fuel A,4.68,17.15,80.32
Vessel D,9000,8.17,6871.1,0.763,1254.1,Moderate,Fuel A,6.4,11.14,71.28
Vessel B,7000,11.54,1635.9,0.234,274.2,Calm,Fuel B,0.99,19.61,19.41
Vessel D,9000,9.36,8821.3,0.98,3669.8,Calm,Fuel B,16.34,14.88,243.16
Vessel A,5000,11.63,4346.6,0.869,3506.1,Calm,Fuel A,12.56,26.8,336.75
Vessel D,9000,16.06,2301.4,0.256,319.3,Moderate,Fuel A,0.83,60.83,50.4
Vessel C,4000,18.96,984.1,0.246,2809.7,Moderate,Fuel B,6.18,75.73,467.71
Vessel C,4000,20.57,2265.1,0.566,1915.3,Moderate,Fuel A,3.88,139.58,541.6
Vessel B,7000,15.49,6511.1,0.93,479.9,Calm,Fuel B,1.29,70.2,90.59
Vessel A,5000,16.14,1724.1,0.345,1270.8,Calm,Fuel A,3.28,46.91,153.86
Vessel C,4000,18.02,1790.7,0.448,1249.5,Calm,Fuel B,2.89,75.87,219.19
Vessel B,7000,19.11,2588.2,0.37,3866.6,Moderate,Fuel A,8.43,96.76,815.82
Vessel B,7000,17.82,2386.1,0.341,278.0,Rough,Green Fuel,0.65,98.65,64.11
Vessel C,4000,10.59,925.4,0.231,2493.3,Calm,Fuel A,9.81,11.82,115.91
Vessel D,9000,8.71,5383.5,0.598,3728.2,Calm,Green Fuel,17.83,12.84,229.0
Vessel C,4000,8.49,2167.2,0.542,2337.6,Rough,Green Fuel,11.47,11.41,130.89
Vessel C,4000,16.18,2027.0,0.507,1431.2,Calm,Fuel B,3.69,50.47,186.07
Vessel B,7000,16.21,6689.6,0.956,1521.2,Moderate,Fuel A,3.91,88.7,346.9
Vessel B,7000,8.69,5341.2,0.763,2867.4,Moderate,Fuel B,13.75,11.51,158.23
Vessel D,9000,19.76,2259.7,0.251,3647.9,Calm,Fuel B,7.69,92.3,710.02
Vessel A,5000,12.21,4734.5,0.947,1998.0,Calm,Fuel A,6.82,34.07,232.2
Vessel B,7000,16.47,6562.1,0.937,3078.7,Calm,Fuel A,7.79,78.1,608.17
Vessel B,7000,11.37,2066.5,0.295,1010.3,Moderate,Fuel A,3.7,20.78,76.94
Vessel A,5000,8.58,2656.2,0.531,307.1,Moderate,Green Fuel,1.49,11.35,16.93
Vessel D,9000,13.24,8520.8,0.947,2793.8,Calm,Green Fuel,8.79,43.89,385.72
Vessel C,4000,21.44,2260.8,0.565,3053.0,Moderate,Green Fuel,5.93,159.03,943.57
Vessel A,5000,17.66,3377.1,0.675,617.2,Calm,Fuel B,1.46,82.14,119.58
Vessel A,5000,12.37,2063.0,0.413,3237.4,Calm,Green Fuel,10.9,24.84,270.86
Vessel D,9000,15.48,3544.4,0.394,3373.9,Calm,Fuel B,9.08,53.42,485.3
Vessel C,4000,18.88,2282.7,0.571,3806.2,Rough,Fuel B,8.4,108.66,912.6
Vessel B,7000,12.73,4626.6,0.661,1140.7,Moderate,Fuel A,3.73,34.86,130.16
Vessel C,4000,21.87,1352.3,0.338,3921.1,Moderate,Fuel B,7.47,124.29,928.36
Vessel B,7000,16.8,4996.2,0.714,533.9,Moderate,Green Fuel,1.32,87.75,116.15
Vessel C,4000,16.15,1179.8,0.295,911.8,Moderate,Fuel B,2.35,53.05,124.84
Vessel A,5000,8.71,2910.4,0.582,988.6,Rough,Fuel B,4.73,12.96,61.27
Vessel C,4000,19.2,831.6,0.208,3413.9,Calm,Fuel B,7.41,73.2,542.4
Vessel A,5000,13.05,4530.9,0.906,3835.7,Calm,Fuel B,12.24,34.8,426.01
Vessel A,5000,10.32,2344.9,0.469,1247.4,Moderate,Green Fuel,5.04,16.46,82.9
Vessel D,9000,11.93,4127.2,0.459,3233.6,Calm,Fuel A,11.29,22.59,255.16
Vessel C,4000,10.11,1137.0,0.284,3801.9,Rough,Fuel B,15.67,14.55,227.99
Vessel D,9000,20.78,5305.3,0.589,3066.8,Rough,Fuel A,6.15,204.01,1254.64
Vessel D,9000,18.73,3278.6,0.364,713.3,Moderate,Fuel B,1.59,92.68,147.02
Vessel A,5000,14.46,3631.0,0.726,3631.9,Rough,Fuel A,10.46,54.7,572.4
Vessel A,5000,17.92,4824.7,0.965,2716.8,Moderate,Fuel B,6.32,117.24,740.45
Vessel B,7000,10.22,2983.5,0.426,2603.6,Calm,Green Fuel,10.61,16.11,170.95
Vessel C,4000,12.84,2249.6,0.562,3352.1,Rough,Fuel B,10.88,32.03,348.47
Vessel D,9000,11.47,7187.0,0.799,766.2,Moderate,Green Fuel,2.78,33.3,92.69
Vessel D,9000,10.46,3828.9,0.425,2319.2,Calm,Fuel B,9.24,15.04,138.89
Vessel C,4000,12.53,3640.3,0.91,840.9,Moderate,Fuel B,2.8,29.97,83.83
Vessel B,7000,12.12,4360.9,0.623,3477.9,Rough,Green Fuel,11.95,40.62,485.53
Vessel B,7000,10.96,5573.2,0.796,842.0,Moderate,Fuel B,3.2,23.34,74.71
Vessel C,4000,18.84,2659.1,0.665,1675.9,Rough,Fuel A,3.71,109.21,404.84
Vessel B,7000,14.01,2013.8,0.288,3364.9,Rough,Green Fuel,10.01,50.21,502.68
Vessel D,9000,8.31,6391.1,0.71,2947.3,Calm,Green Fuel,14.77,11.93,176.24
Vessel A,5000,21.28,3754.9,0.751,3457.0,Rough,Fuel A,6.77,195.11,1320.94
Vessel D,9000,20.49,2725.9,0.303,1435.9,Calm,Green Fuel,2.92,134.79,393.49
Vessel D,9000,18.17,4501.9,0.5,664.3,Calm,Fuel A,1.52,96.44,146.88
Vessel B,7000,10.07,2648.5,0.378,2508.2,Moderate,Fuel A,10.38,15.4,159.93
Vessel C,4000,10.68,3557.7,0.889,3697.1,Calm,Fuel B,14.42,17.45,251.71
Vessel A,5000,19.9,4469.4,0.894,1216.7,Moderate,Green Fuel,2.55,168.79,430.11
Vessel B,7000,20.8,6015.3,0.859,2864.9,Calm,Fuel B,5.74,152.76,876.78
Vessel B,7000,19.1,6790.3,0.97,2127.3,Calm,Fuel A,4.64,122.83,569.94
Vessel B,7000,18.2,1983.4,0.283,1573.9,Rough,Fuel A,3.6,91.06,328.05
Vessel C,4000,16.9,2920.3,0.73,1319.0,Moderate,Green Fuel,3.25,82.82,269.35
Vessel A,5000,11.65,4649.5,0.93,1009.1,Calm,Green Fuel,3.61,30.57,110.31
Vessel D,9000,13.98,1978.8,0.22,3930.2,Calm,Green Fuel,11.71,35.27,413.15
Vessel A,5000,12.46,2026.8,0.405,888.7,Calm,Fuel A,2.97,22.15,65.84
Vessel A,5000,10.77,1349.4,0.27,3760.8,Moderate,Green Fuel,14.55,16.97,246.82
Vessel D,9000,18.37,2592.7,0.288,3068.6,Moderate,Fuel B,6.96,92.19,641.56
Vessel B,7000,21.33,5533.6,0.791,3581.7,Moderate,Green Fuel,7.0,196.63,1375.95
Vessel A,5000,12.38,1520.7,0.304,628.0,Rough,Fuel A,2.11,28.78,60.84
Vessel D,9000,11.67,8170.0,0.908,1593.4,Moderate,Green Fuel,5.69,34.91,198.55
Vessel C,4000,10.39,1991.2,0.498,614.6,Moderate,Fuel A,2.46,15.99,39.4
Vessel D,9000,9.97,2687.4,0.299,3892.5,Rough,Fuel A,16.27,17.99,292.64
Vessel B,7000,16.08,1847.9,0.264,2644.0,Moderate,Green Fuel,6.85,60.31,413.25
Vessel A,5000,19.2,2577.9,0.516,2063.1,Calm,Fuel B,4.48,99.66,446.26
Vessel A,5000,15.62,1156.2,0.231,2433.3,Moderate,Fuel A,6.49,49.25,319.7
Vessel B,7000,14.84,6216.3,0.888,3575.2,Calm,Fuel A,10.04,57.68,578.89
Vessel C,4000,17.45,2593.9,0.648,3126.3,Calm,Fuel A,7.46,62.86,469.18
Vessel D,9000,14.16,3821.6,0.425,559.2,Calm,Green Fuel,1.64,42.94,70.63
Vessel B,7000,10.45,3776.7,0.54,876.9,Calm,Green Fuel,3.5,19.18,67.06
Vessel A,5000,16.5,1853.5,0.371,1340.6,Moderate,Green Fuel,3.38,64.66,218.84
Vessel B,7000,8.75,6887.7,0.984,1834.0,Moderate,Green Fuel,8.73,15.2,132.78
Vessel D,9000,18.77,8984.6,0.998,899.1,Calm,Fuel B,2.0,118.02,235.51
Vessel B,7000,20.19,2636.7,0.377,897.2,Moderate,Fuel B,1.85,118.58,219.54
Vessel D,9000,16.6,2505.8,0.278,2690.0,Rough,Fuel B,6.75,79.45,536.34
Vessel A,5000,13.39,3249.0,0.65,3295.5,Rough,Fuel B,10.25,45.9,470.53
Vessel D,9000,12.72,5570.2,0.619,533.5,Rough,Fuel A,1.75,45.0,78.65
Vessel D,9000,8.17,8255.5,0.917,2012.6,Rough,Fuel B,10.26,13.51,138.64
Vessel D,9000,10.14,7262.6,0.807,644.4,Moderate,Fuel A,2.65,21.29,56.4
Vessel A,5000,15.33,4650.2,0.93,1813.9,Rough,Green Fuel,4.93,91.23,449.9
Vessel A,5000,9.48,2083.3,0.417,878.9,Calm,Fuel B,3.86,9.67,37.38
Vessel D,9000,21.58,6100.5,0.678,3857.4,Calm,Green Fuel,7.45,191.1,1423.16
Vessel A,5000,21.78,4389.1,0.878,2940.0,Calm,Fuel A,5.63,169.29,952.35
Vessel D,9000,16.17,4494.7,0.499,2059.9,Rough,Fuel B,5.31,79.27,420.77
Vessel B,7000,12.48,5812.1,0.83,1498.4,Calm,Green Fuel,5.0,37.5,187.6
Vessel B,7000,21.81,6472.7,0.925,1009.3,Rough,Fuel B,1.93,227.71,439.05
Vessel A,5000,15.5,3831.4,0.766,2306.0,Calm,Green Fuel,6.2,65.59,406.73
Vessel D,9000,9.46,3721.0,0.413,2880.3,Moderate,Fuel A,12.68,13.31,168.79
Vessel B,7000,16.7,4085.7,0.584,1500.0,Calm,Fuel B,3.74,62.38,233.53
Vessel A,5000,21.97,4294.7,0.859,957.8,Calm,Fuel A,1.82,179.98,326.88
Vessel B,7000,18.74,3532.1,0.505,3471.2,Moderate,Fuel B,7.72,99.81,770.35
Vessel A,5000,20.04,4045.2,0.809,1916.9,Calm,Fuel A,3.99,131.12,522.65
Vessel C,4000,18.9,2059.1,0.515,1971.5,Rough,Fuel A,4.35,115.46,501.85
Vessel A,5000,15.29,3179.1,0.636,2784.9,Calm,Fuel A,7.59,48.57,368.67
Vessel A,5000,13.6,3023.4,0.605,1855.3,Moderate,Fuel A,5.68,41.4,235.31
Vessel A,5000,15.66,2838.5,0.568,1073.3,Calm,Fuel B,2.86,46.64,133.18
Vessel A,5000,13.58,1104.6,0.221,2297.9,Moderate,Fuel B,7.05,28.91,203.88
Vessel C,4000,12.12,2325.3,0.581,3054.0,Rough,Fuel A,10.5,27.33,286.94
Vessel A,5000,16.78,1720.1,0.344,3163.9,Calm,Fuel B,7.85,54.7,429.58
Vessel C,4000,20.6,3300.6,0.825,2115.4,Calm,Green Fuel,4.28,137.44,588.18
Vessel B,7000,21.97,5738.4,0.82,2652.2,Moderate,Fuel B,5.03,207.27,1042.77
Vessel A,5000,14.29,1048.5,0.21,3040.6,Moderate,Fuel A,8.87,31.93,283.18
Vessel D,9000,10.55,1959.1,0.218,1801.5,Calm,Fuel A,7.11,15.65,111.31
Vessel D,9000,15.81,6052.9,0.673,1304.8,Moderate,Green Fuel,3.44,75.8,260.58
Vessel C,4000,17.37,1189.2,0.297,1986.0,Calm,Fuel A,4.76,60.78,289.58
Vessel A,5000,13.8,3393.5,0.679,1479.8,Moderate,Fuel B,4.47,45.51,203.37
Vessel A,5000,9.45,1010.9,0.202,3291.2,Calm,Green Fuel,14.51,10.98,159.35
Vessel C,4000,12.66,901.0,0.225,2148.6,Moderate,Green Fuel,7.07,24.42,172.71
Vessel B,7000,16.33,6992.5,0.999,2713.0,Rough,Fuel A,6.92,108.4,750.39
Vessel A,5000,12.14,2286.9,0.457,1189.9,Moderate,Fuel A,4.08,26.36,107.61
Vessel D,9000,11.44,4116.7,0.457,1343.9,Calm,Fuel B,4.89,24.15,118.17
Vessel D,9000,17.7,4725.1,0.525,1044.3,Calm,Fuel A,2.46,91.69,225.37
Vessel A,5000,19.6,2860.0,0.572,3446.8,Calm,Fuel A,7.33,115.11,843.63
Vessel B,7000,21.08,4129.8,0.59,2529.1,Calm,Green Fuel,5.0,147.33,736.36
Vessel D,9000,19.86,8282.4,0.92,2953.2,Calm,Green Fuel,6.2,153.48,951.0
Vessel C,4000,11.13,2734.0,0.683,2180.1,Rough,Green Fuel,8.16,27.56,224.94
Vessel B,7000,12.84,3790.2,0.541,892.8,Calm,Fuel A,2.9,34.04,98.65
Vessel B,7000,19.52,3311.2,0.473,2792.1,Moderate,Fuel A,5.96,121.6,724.6
Vessel A,5000,13.95,4969.2,0.994,2356.6,Moderate,Green Fuel,7.04,56.93,400.85
Vessel C,4000,8.57,1798.8,0.45,3479.7,Rough,Green Fuel,16.92,11.46,193.89
Vessel C,4000,15.19,908.0,0.227,3459.5,Moderate,Green Fuel,9.49,47.96,455.26
Vessel B,7000,20.29,6750.5,0.964,2280.0,Calm,Fuel A,4.68,159.61,747.14
Vessel A,5000,14.46,1954.7,0.391,2680.9,Moderate,Green Fuel,7.73,42.57,328.84
Vessel C,4000,15.73,3777.0,0.944,3307.8,Moderate,Green Fuel,8.76,70.61,618.82
Vessel C,4000,13.47,949.0,0.237,3724.4,Moderate,Fuel B,11.52,27.02,311.41
Vessel D,9000,21.38,8591.0,0.955,3223.8,Calm,Fuel A,6.28,206.36,1296.22
Vessel C,4000,8.68,3688.8,0.922,1010.8,Moderate,Fuel A,4.85,10.93,53.01
Vessel A,5000,17.63,4068.0,0.814,1060.8,Calm,Fuel A,2.51,80.35,201.46
Vessel D,9000,18.45,7901.7,0.878,1028.6,Calm,Fuel A,2.32,123.24,286.21
Vessel D,9000,8.0,8508.9,0.945,3713.1,Moderate,Fuel B,19.34,9.78,189.09
Vessel D,9000,15.86,7968.7,0.885,2412.9,Moderate,Fuel B,6.34,85.32,540.86
Vessel A,5000,15.66,3637.8,0.728,2595.6,Rough,Fuel B,6.91,78.22,540.19
Vessel C,4000,9.63,3646.7,0.912,3684.8,Moderate,Fuel A,15.94,14.23,226.88
Vessel C,4000,9.64,1206.3,0.302,3570.6,Calm,Fuel B,15.43,10.03,154.75
Vessel B,7000,13.91,2890.1,0.413,926.2,Moderate,Green Fuel,2.77,49.22,136.57
Vessel D,9000,11.6,5497.9,0.611,1689.9,Moderate,Green Fuel,6.07,27.86,169.09
Vessel D,9000,16.15,8615.9,0.957,1774.1,Rough,Green Fuel,4.58,108.96,498.78
Vessel B,7000,10.54,4791.4,0.684,1624.0,Moderate,Green Fuel,6.42,21.6,138.7
Vessel B,7000,20.6,1887.7,0.27,2594.2,Moderate,Green Fuel,5.25,148.98,781.76
Vessel D,9000,21.46,5100.8,0.567,2881.2,Moderate,Green Fuel,5.59,185.71,1038.99
Vessel A,5000,14.06,3620.4,0.724,3229.4,Moderate,Fuel B,9.57,46.1,441.12
Vessel A,5000,21.46,2137.8,0.428,3249.5,Moderate,Fuel B,6.31,134.01,845.32
Vessel C,4000,13.85,1693.5,0.423,1047.1,Moderate,Fuel A,3.15,34.76,109.51
Vessel D,9000,17.54,8897.8,0.989,3815.7,Rough,Fuel B,9.07,144.71,1311.82
Vessel A,5000,10.26,2536.7,0.507,2388.0,Moderate,Fuel B,9.7,15.72,152.47
Vessel B,7000,10.28,2311.9,0.33,1066.0,Rough,Fuel A,4.32,17.92,77.44
Vessel D,9000,11.27,5172.7,0.575,998.4,Rough,Fuel B,3.69,29.79,109.96
Vessel A,5000,10.2,4592.6,0.919,1048.5,Moderate,Green Fuel,4.28,20.99,89.87
Vessel D,9000,10.35,8426.6,0.936,3447.2,Moderate,Green Fuel,13.88,26.97,374.17
Vessel C,4000,21.16,3101.8,0.775,525.9,Calm,Green Fuel,1.04,146.81,152.02
Vessel C,4000,19.88,1881.3,0.47,2203.7,Rough,Green Fuel,4.62,129.59,598.66
Vessel C,4000,12.6,3421.6,0.855,2144.8,Calm,Fuel B,7.09,27.82,197.27
Vessel C,4000,21.98,1602.1,0.401,3475.7,Rough,Fuel B,6.59,174.23,1147.83
Vessel A,5000,20.0,4201.0,0.84,3280.3,Calm,Fuel B,6.83,135.6,926.48
Vessel C,4000,14.44,1292.7,0.323,439.5,Calm,Fuel B,1.27,36.82,46.7
Vessel A,5000,17.98,3435.4,0.687,3689.3,Rough,Fuel B,8.55,111.03,949.23
Vessel B,7000,20.58,3177.5,0.454,2423.6,Rough,Fuel B,4.91,152.94,750.59
Vessel A,5000,18.89,4071.9,0.814,3856.6,Calm,Fuel A,8.51,115.38,981.37
Vessel D,9000,14.19,3775.6,0.42,1784.4,Calm,Fuel B,5.24,36.65,192.02
Vessel D,9000,20.13,4752.4,0.528,3693.7,Calm,Fuel B,7.65,113.43,867.26
Vessel C,4000,18.0,2136.9,0.534,3891.7,Calm,Green Fuel,9.01,75.09,676.31
Vessel B,7000,15.79,2946.3,0.421,2922.9,Moderate,Fuel A,7.71,56.0,432.0
Vessel A,5000,13.75,3150.4,0.63,2948.2,Calm,Fuel B,8.94,34.83,311.23
Vessel C,4000,21.49,2797.6,0.699,2183.3,Calm,Fuel A,4.23,160.59,679.64
Vessel A,5000,12.31,2117.0,0.423,788.7,Moderate,Fuel A,2.67,23.11,61.71
Vessel A,5000,8.06,1789.5,0.358,2636.1,Moderate,Fuel B,13.63,6.96,94.91
Vessel B,7000,10.29,6607.9,0.944,3587.4,Calm,Fuel A,14.52,20.76,301.57
Vessel B,7000,20.28,3476.0,0.497,3704.8,Moderate,Fuel A,7.61,128.2,976.07
Vessel B,7000,14.1,2396.2,0.342,1201.5,Calm,Green Fuel,3.55,41.76,148.27
Vessel C,4000,13.59,2112.4,0.528,448.0,Moderate,Green Fuel,1.37,35.92,49.34
Vessel A,5000,8.29,3076.4,0.615,445.2,Moderate,Fuel A,2.24,8.09,18.1
Vessel B,7000,14.66,5599.4,0.8,723.6,Calm,Fuel A,2.06,50.59,104.04
Vessel C,4000,14.02,2334.3,0.584,3011.7,Rough,Fuel A,8.95,49.78,445.55
Vessel D,9000,13.14,5042.5,0.56,3480.6,Rough,Fuel A,11.03,44.66,492.85
Vessel B,7000,13.78,2690.8,0.384,370.1,Moderate,Green Fuel,1.12,44.95,50.29
Vessel A,5000,16.9,4560.6,0.912,869.3,Rough,Fuel A,2.14,109.3,234.26
Vessel B,7000,15.57,5696.2,0.814,3184.0,Moderate,Fuel A,8.52,71.23,607.02
Vessel C,4000,16.92,2770.7,0.693,364.7,Calm,Fuel A,0.9,63.91,57.39
Vessel A,5000,21.99,3320.3,0.664,3182.7,Calm,Green Fuel,6.03,161.11,971.45
Vessel B,7000,15.48,6866.6,0.981,257.8,Rough,Fuel A,0.69,88.01,61.08
Vessel B,7000,19.44,2731.2,0.39,1850.1,Moderate,Fuel A,3.97,123.16,488.36
Vessel A,5000,13.09,4167.6,0.834,3989.0,Calm,Fuel A,12.7,37.33,473.95
Vessel D,9000,21.96,7591.1,0.843,3575.6,Moderate,Fuel B,6.78,223.92,1519.12
Vessel C,4000,19.39,2360.8,0.59,1671.5,Moderate,Fuel B,3.59,101.96,366.29
Vessel D,9000,8.19,3635.5,0.404,638.2,Rough,Green Fuel,3.25,11.77,38.23
Vessel C,4000,17.05,1370.8,0.343,3213.3,Rough,Fuel B,7.85,68.76,540.0
Vessel C,4000,13.17,1093.5,0.273,3397.2,Moderate,Green Fuel,10.75,28.45,305.82
Vessel A,5000,11.24,4865.2,0.973,1094.0,Moderate,Green Fuel,4.06,32.5,131.85
Vessel B,7000,14.12,5931.3,0.847,1987.8,Calm,Fuel B,5.87,49.87,292.59
Vessel B,7000,9.61,3510.8,0.502,3620.4,Moderate,Green Fuel,15.7,17.19,269.88
Vessel C,4000,12.61,2157.6,0.539,3924.2,Rough,Fuel A,12.97,32.99,427.94
Vessel B,7000,11.97,4713.8,0.673,287.2,Calm,Green Fuel,1.0,31.31,31.31
Vessel A,5000,20.85,1686.5,0.337,605.4,Calm,Fuel A,1.21,110.33,133.47
Vessel D,9000,8.96,4540.8,0.505,1465.5,Moderate,Fuel B,6.81,12.07,82.25
Vessel A,5000,14.46,4838.6,0.968,2763.1,Calm,Green Fuel,7.96,63.91,508.85
Vessel C,4000,14.78,1792.1,0.448,3695.6,Rough,Fuel B,10.42,47.5,494.99
Vessel A,5000,11.28,1583.2,0.317,433.3,Calm,Fuel A,1.6,17.53,28.06
Vessel A,5000,8.5,4898.7,0.98,3880.0,Calm,Green Fuel,19.02,11.2,213.05
Vessel C,4000,20.77,2039.0,0.51,3767.3,Calm,Fuel A,7.56,88.39,668.05
Vessel D,9000,19.99,3192.7,0.355,235.2,Calm,Fuel A,0.49,121.16,59.39
Vessel C,4000,10.05,1451.0,0.363,2244.8,Calm,Fuel A,9.31,11.1,103.33
Vessel B,7000,11.13,5522.8,0.789,2200.8,Moderate,Fuel B,8.24,23.21,191.14
Vessel C,4000,18.51,2418.5,0.605,1897.3,Rough,Fuel B,4.27,113.21,483.49
Vessel C,4000,15.94,2448.9,0.612,1832.3,Calm,Fuel B,4.79,53.69,257.07
Vessel D,9000,9.28,1950.9,0.217,3318.7,Calm,Fuel B,14.9,9.98,148.61
Vessel B,7000,15.44,4291.3,0.613,1433.0,Calm,Green Fuel,3.87,63.49,245.46
Vessel C,4000,20.6,3120.7,0.78,3538.2,Rough,Fuel A,7.16,156.56,1120.34
Vessel C,4000,12.35,3352.7,0.838,866.5,Calm,Fuel B,2.92,30.89,90.27
Vessel A,5000,16.62,1872.0,0.374,1795.8,Moderate,Fuel B,4.5,64.25,289.25
Vessel B,7000,13.4,5328.4,0.761,2682.6,Calm,Green Fuel,8.34,42.75,356.53
Vessel A,5000,15.87,1596.0,0.319,1481.8,Calm,Green Fuel,3.89,56.05,218.0
Vessel A,5000,11.12,4840.7,0.968,3300.4,Moderate,Green Fuel,12.37,25.92,320.49
Vessel A,5000,14.76,3678.3,0.736,911.5,Rough,Green Fuel,2.57,66.17,170.25
Vessel B,7000,18.01,5211.5,0.745,3775.6,Rough,Fuel B,8.74,133.59,1167.02
Vessel D,9000,11.76,4248.2,0.472,1302.6,Rough,Green Fuel,4.62,36.06,166.48
Vessel C,4000,20.41,1538.6,0.385,3818.9,Moderate,Green Fuel,7.79,124.32,969.01
Vessel B,7000,18.69,2336.0,0.334,3553.2,Calm,Fuel B,7.92,88.3,699.5
Vessel A,5000,11.01,4974.5,0.995,1903.7,Moderate,Fuel B,7.2,22.22,160.04
Vessel B,7000,12.49,2484.9,0.355,3541.2,Moderate,Green Fuel,11.82,33.19,392.23
Vessel C,4000,16.22,1422.7,0.356,1238.4,Moderate,Fuel B,3.18,50.24,159.86
Vessel C,4000,8.96,1472.3,0.368,2920.9,Calm,Fuel B,13.58,8.61,116.97
Vessel B,7000,19.81,3739.3,0.534,2523.1,Moderate,Fuel B,5.31,126.9,673.46
Vessel D,9000,16.03,8970.6,0.997,241.4,Rough,Fuel B,0.63,101.21,63.51
Vessel C,4000,21.14,1790.9,0.448,3773.6,Rough,Fuel A,7.44,153.97,1145.3
Vessel A,5000,19.16,2708.5,0.542,1840.1,Calm,Green Fuel,4.0,105.12,420.59
Vessel B,7000,21.45,6288.2,0.898,1859.0,Moderate,Fuel B,3.61,205.53,742.11
Vessel B,7000,14.48,6702.3,0.957,2908.7,Moderate,Fuel A,8.37,66.55,557.04
Vessel D,9000,14.81,6242.2,0.694,1094.7,Calm,Fuel A,3.08,56.12,172.87
Vessel D,9000,17.73,4499.4,0.5,3802.6,Moderate,Fuel A,8.94,94.9,848.2
Vessel D,9000,18.76,2450.7,0.272,1242.5,Moderate,Green Fuel,2.76,109.39,301.82
Vessel D,9000,12.59,4747.6,0.528,2798.3,Calm,Fuel B,9.26,30.43,281.92
Vessel A,5000,11.08,3029.8,0.606,617.5,Calm,Fuel B,2.32,20.19,46.89
Vessel B,7000,18.16,4815.0,0.688,1443.5,Moderate,Fuel A,3.31,99.28,328.8
Vessel A,5000,21.98,3353.3,0.671,2305.2,Calm,Fuel B,4.37,136.31,595.69
Vessel B,7000,18.84,1402.9,0.2,3508.6,Moderate,Green Fuel,7.76,85.45,663.03
Vessel D,9000,11.72,4367.1,0.485,561.0,Rough,Fuel B,1.99,30.39,60.59
Vessel B,7000,8.79,4715.3,0.674,1238.7,Calm,Fuel A,5.87,10.69,62.78
Vessel D,9000,12.99,4674.8,0.519,1393.3,Moderate,Green Fuel,4.47,46.44,207.58
Vessel A,5000,11.3,3770.2,0.754,301.2,Calm,Fuel A,1.11,20.96,23.27
Vessel B,7000,21.38,6335.4,0.905,1078.0,Calm,Green Fuel,2.1,211.56,444.55
Vessel C,4000,10.93,1798.0,0.45,1049.1,Calm,Fuel A,4.0,16.46,65.84
Vessel C,4000,17.56,3519.7,0.88,774.5,Calm,Fuel B,1.84,73.66,135.36
Vessel B,7000,10.4,3342.1,0.477,3002.2,Rough,Green Fuel,12.03,22.15,266.36
Vessel D,9000,14.86,4357.2,0.484,1544.9,Calm,Green Fuel,4.33,54.48,236.03
Vessel D,9000,20.24,2918.4,0.324,3064.6,Rough,Green Fuel,6.31,156.11,985.07
Vessel D,9000,10.76,2951.1,0.328,3826.7,Moderate,Fuel A,14.82,16.7,247.51
Vessel C,4000,19.02,3606.4,0.902,489.9,Moderate,Fuel B,1.07,112.27,120.47
Vessel A,5000,9.98,2515.2,0.503,3988.3,Moderate,Fuel A,16.66,15.17,252.62
Vessel D,9000,16.3,6027.2,0.67,944.9,Moderate,Green Fuel,2.42,83.93,202.73
Vessel C,4000,17.89,2623.7,0.656,444.4,Calm,Green Fuel,1.04,81.8,84.69
Vessel B,7000,11.57,1931.4,0.276,3600.7,Calm,Green Fuel,12.97,20.36,263.98
Vessel A,5000,12.15,1549.5,0.31,2954.9,Moderate,Green Fuel,10.13,27.28,276.48
Vessel B,7000,11.09,5536.9,0.791,2163.5,Calm,Fuel A,8.13,23.55,191.35
Vessel A,5000,17.4,1395.8,0.279,1998.8,Moderate,Fuel B,4.79,63.11,302.02
Vessel A,5000,13.83,1624.2,0.325,1450.6,Calm,Fuel B,4.37,30.77,134.51
Vessel A,5000,20.61,1566.0,0.313,3054.0,Moderate,Fuel B,6.17,111.5,688.34
Vessel A,5000,21.33,2332.9,0.467,3687.7,Moderate,Green Fuel,7.21,153.75,1107.77
Vessel C,4000,15.1,1688.1,0.422,3687.4,Moderate,Fuel B,10.18,45.63,464.32
Vessel D,9000,14.99,7386.0,0.821,1898.4,Calm,Fuel A,5.28,63.73,336.39
Vessel A,5000,20.85,2889.1,0.578,1320.0,Moderate,Green Fuel,2.64,161.71,426.61
Vessel D,9000,17.43,4922.8,0.547,3721.3,Calm,Fuel A,8.9,86.43,768.77
Vessel D,9000,20.13,3536.7,0.393,1917.2,Calm,Green Fuel,3.97,135.09,535.95
Vessel D,9000,14.26,2490.2,0.277,1916.7,Calm,Fuel B,5.6,37.83,211.86
Vessel C,4000,15.58,2410.2,0.603,1906.3,Calm,Green Fuel,5.1,58.48,298.19
Vessel C,4000,10.63,3791.3,0.948,2683.1,Moderate,Green Fuel,10.52,21.33,224.38
Vessel A,5000,14.57,3256.2,0.651,2456.7,Calm,Fuel A,7.02,44.37,311.63
Vessel C,4000,14.33,2514.0,0.629,3418.9,Rough,Fuel A,9.94,54.45,541.13
Vessel D,9000,16.88,3865.4,0.429,554.9,Calm,Fuel B,1.37,64.56,88.47
Vessel A,5000,9.46,2867.7,0.574,573.6,Calm,Green Fuel,2.53,13.74,34.72
Vessel B,7000,15.56,2278.4,0.325,1770.7,Moderate,Fuel B,4.74,53.33,252.92
Vessel B,7000,12.76,1979.8,0.283,3264.3,Calm,Fuel B,10.66,29.47,314.05
Vessel C,4000,16.81,2241.5,0.56,1399.4,Calm,Green Fuel,3.47,70.41,244.27
Vessel D,9000,9.51,5737.7,0.638,3339.9,Moderate,Fuel B,14.63,15.03,219.84
Vessel A,5000,16.71,3536.3,0.707,2675.4,Calm,Fuel B,6.67,62.95,420.06
Vessel C,4000,8.16,1802.5,0.451,3751.4,Moderate,Fuel A,19.16,7.01,134.19
Vessel A,5000,21.96,4116.2,0.823,2044.5,Moderate,Green Fuel,3.88,197.07,764.62
Vessel B,7000,17.92,5743.2,0.82,3569.4,Calm,Fuel B,8.3,97.28,807.39
Vessel C,4000,17.58,1744.0,0.436,3832.2,Calm,Fuel B,9.09,63.68,578.53
Vessel A,5000,17.23,4702.4,0.94,3275.2,Rough,Fuel A,7.92,117.05,927.03
Vessel A,5000,18.15,4432.2,0.886,1759.1,Calm,Fuel B,4.04,92.59,373.86
Vessel A,5000,12.87,2089.8,0.418,1825.3,Calm,Fuel A,5.91,28.21,166.63
Vessel C,4000,16.61,1065.7,0.266,1850.9,Calm,Green Fuel,4.64,56.02,260.1
Vessel C,4000,11.8,3446.8,0.862,2730.0,Calm,Fuel B,9.64,24.26,233.85
Vessel D,9000,12.43,6906.0,0.767,1430.5,Calm,Fuel B,4.79,34.0,162.99
Vessel D,9000,12.43,8127.5,0.903,3471.0,Calm,Fuel B,11.63,32.45,377.54
Vessel A,5000,12.74,1788.0,0.358,1140.3,Rough,Fuel A,3.73,34.22,127.64
Vessel C,4000,12.12,2320.8,0.58,1149.3,Calm,Fuel A,3.95,22.15,87.54
Vessel C,4000,19.02,945.2,0.236,1184.2,Calm,Fuel B,2.59,74.63,193.57
Vessel A,5000,10.67,2619.2,0.524,429.6,Moderate,Fuel A,1.68,19.77,33.14
Vessel D,9000,13.58,7852.9,0.873,2973.0,Moderate,Green Fuel,9.12,58.8,536.4
Vessel A,5000,14.06,1531.6,0.306,3226.3,Calm,Green Fuel,9.56,38.61,369.03
Vessel B,7000,21.17,1571.6,0.225,1015.9,Moderate,Fuel A,2.0,123.22,246.4
Vessel B,7000,20.1,5631.2,0.804,2561.1,Calm,Green Fuel,5.31,151.65,805.23
Vessel C,4000,18.29,1102.9,0.276,662.2,Calm,Fuel B,1.51,53.9,81.3
Vessel A,5000,21.14,4965.6,0.993,2317.9,Moderate,Fuel A,4.57,182.43,833.24
Vessel C,4000,18.99,2187.7,0.547,693.3,Calm,Green Fuel,1.52,96.88,147.38
Vessel C,4000,9.75,1686.3,0.422,1122.6,Calm,Fuel B,4.8,10.99,52.7
Vessel C,4000,8.09,1254.9,0.314,3132.3,Calm,Fuel A,16.14,5.82,93.9
Vessel C,4000,13.74,1040.6,0.26,1508.4,Moderate,Fuel A,4.57,32.04,146.51
Vessel A,5000,10.83,3818.6,0.764,470.6,Rough,Green Fuel,1.81,29.46,53.33
Vessel A,5000,14.7,3049.1,0.61,3594.8,Moderate,Fuel A,10.19,47.29,481.82
Vessel C,4000,13.02,3697.8,0.924,2169.3,Moderate,Fuel B,6.94,35.81,248.62
Vessel C,4000,13.64,3587.8,0.897,751.5,Calm,Fuel A,2.3,37.27,85.54
Vessel D,9000,8.17,8180.1,0.909,1719.2,Calm,Fuel B,8.76,10.03,87.93
Vessel A,5000,17.82,4482.9,0.897,2453.0,Moderate,Fuel B,5.74,102.27,586.72
Vessel A,5000,12.26,2818.0,0.564,2393.0,Calm,Green Fuel,8.13,30.23,245.77
Vessel A,5000,11.06,3590.1,0.718,2978.1,Rough,Fuel B,11.22,25.72,288.62
Vessel C,4000,11.14,1650.6,0.413,2093.3,Calm,Fuel B,7.83,15.51,121.41
Vessel B,7000,14.44,5150.9,0.736,781.8,Calm,Green Fuel,2.26,59.22,133.59
Vessel C,4000,9.34,842.2,0.211,664.8,Moderate,Fuel A,2.96,8.73,25.88
Vessel A,5000,8.72,3760.1,0.752,488.8,Moderate,Fuel A,2.34,12.54,29.29
Vessel A,5000,15.51,3183.3,0.637,881.8,Calm,Fuel B,2.37,53.38,126.47
Vessel A,5000,13.55,2940.4,0.588,1203.0,Moderate,Green Fuel,3.7,40.97,151.53
Vessel A,5000,9.88,1772.3,0.354,1178.0,Rough,Green Fuel,4.97,16.78,83.39
Vessel D,9000,19.77,4645.4,0.516,2880.1,Rough,Fuel B,6.07,151.41,919.07
Vessel D,9000,20.16,5935.4,0.659,1414.5,Calm,Green Fuel,2.92,143.34,419.02
Vessel C,4000,16.51,3299.5,0.825,3212.0,Moderate,Fuel B,8.11,65.43,530.41
Vessel D,9000,15.1,5262.2,0.585,3789.0,Calm,Fuel A,10.45,51.42,537.52
Vessel A,5000,12.43,4202.8,0.841,1509.3,Moderate,Fuel A,5.06,31.37,158.75
Vessel C,4000,10.35,2805.5,0.701,1719.4,Moderate,Fuel B,6.92,16.6,114.95
Vessel A,5000,18.9,4324.8,0.865,3704.4,Calm,Green Fuel,8.17,131.65,1075.26
Vessel D,9000,16.37,4794.0,0.533,3926.1,Calm,Fuel B,10.0,63.93,639.03
Vessel C,4000,16.65,3515.6,0.879,2001.8,Calm,Fuel A,5.01,67.01,335.61
Vessel C,4000,11.8,1542.4,0.386,1539.9,Calm,Fuel B,5.44,18.21,99.0
Vessel A,5000,12.81,1458.0,0.292,2012.9,Calm,Fuel A,6.55,24.25,158.78
Vessel C,4000,8.03,1290.4,0.323,935.0,Moderate,Fuel A,4.85,6.52,31.63
Vessel C,4000,10.04,1625.0,0.406,698.2,Moderate,Fuel A,2.9,12.85,37.22
Vessel D,9000,14.82,1833.2,0.204,1443.0,Moderate,Green Fuel,4.06,49.03,198.89
Vessel B,7000,9.32,2634.1,0.376,392.3,Calm,Fuel A,1.75,10.57,18.54
Vessel A,5000,9.11,3355.5,0.671,3071.5,Calm,Fuel A,14.05,11.91,167.33
Vessel B,7000,19.25,3194.7,0.456,2373.7,Moderate,Green Fuel,5.14,116.38,597.84
Vessel B,7000,13.75,4222.3,0.603,3639.0,Rough,Green Fuel,11.03,56.65,624.8
Vessel B,7000,10.75,6880.6,0.983,3877.1,Rough,Fuel A,15.02,28.58,429.48
Vessel B,7000,20.37,6447.8,0.921,2704.6,Calm,Green Fuel,5.53,164.72,911.1
Vessel B,7000,14.78,2144.3,0.306,3031.1,Moderate,Green Fuel,8.54,48.94,418.14
Vessel A,5000,18.41,3383.7,0.677,421.3,Rough,Fuel A,0.95,116.61,111.2
Vessel D,9000,11.43,5837.4,0.649,977.1,Moderate,Green Fuel,3.56,30.63,109.11
Vessel A,5000,11.49,2328.9,0.466,1078.2,Rough,Green Fuel,3.91,26.79,104.73
Vessel C,4000,16.13,1194.5,0.299,3017.7,Moderate,Green Fuel,7.8,53.04,413.56
Vessel D,9000,15.99,7875.7,0.875,2283.8,Rough,Green Fuel,5.95,111.44,663.06
Vessel B,7000,8.04,2818.1,0.403,2510.9,Calm,Fuel B,13.01,7.11,92.46
Vessel D,9000,17.36,4867.2,0.541,3536.6,Rough,Fuel A,8.49,100.61,854.02
Vessel C,4000,17.06,977.9,0.244,1000.1,Moderate,Green Fuel,2.44,65.32,159.56
Vessel B,7000,17.57,5070.4,0.724,2559.4,Moderate,Fuel A,6.07,106.57,646.98
Vessel C,4000,15.61,1695.8,0.424,3033.5,Moderate,Fuel B,8.1,49.37,399.87
Vessel D,9000,13.85,4653.2,0.517,578.2,Moderate,Fuel A,1.74,45.96,79.92
Vessel B,7000,21.57,6751.9,0.965,2161.3,Moderate,Fuel B,4.17,200.59,837.46
Vessel A,5000,16.04,4602.3,0.92,2666.1,Moderate,Green Fuel,6.93,70.52,488.55
Vessel A,5000,13.02,1932.8,0.387,3887.3,Calm,Green Fuel,12.44,28.24,351.37
Vessel A,5000,12.01,1381.6,0.276,206.3,Rough,Fuel A,0.72,26.95,19.28
Vessel B,7000,10.05,5074.0,0.725,1061.4,Moderate,Fuel A,4.4,16.52,72.66
Vessel C,4000,13.47,2272.4,0.568,3975.8,Calm,Green Fuel,12.3,35.58,437.74
Vessel B,7000,14.77,3544.6,0.506,506.3,Moderate,Fuel A,1.43,52.56,75.08
Vessel C,4000,19.45,1845.1,0.461,3683.2,Moderate,Fuel B,7.89,104.37,823.65
Vessel B,7000,9.56,6120.4,0.874,2052.9,Rough,Fuel A,8.95,20.93,187.34
Vessel D,9000,21.09,4765.1,0.529,1241.4,Moderate,Green Fuel,2.45,168.93,414.28
Vessel A,5000,15.5,3990.8,0.798,1919.4,Rough,Fuel B,5.16,87.65,452.31
Vessel A,5000,20.58,1007.7,0.202,3229.8,Moderate,Green Fuel,6.54,123.52,807.62
Vessel C,4000,14.4,2904.6,0.726,3655.1,Rough,Fuel B,10.58,54.16,572.97
Vessel C,4000,12.69,3058.9,0.765,2334.0,Moderate,Fuel A,7.67,34.06,261.07
Vessel B,7000,18.33,1673.0,0.239,3258.6,Moderate,Fuel B,7.41,75.48,559.1
Vessel A,5000,18.34,3630.5,0.726,444.7,Rough,Green Fuel,1.01,134.31,135.71
Vessel C,4000,12.58,2709.9,0.677,3003.2,Rough,Fuel B,9.95,33.8,336.23
Vessel C,4000,19.97,2647.0,0.662,2594.9,Moderate,Fuel A,5.41,129.8,702.7
Vessel D,9000,10.55,2204.8,0.245,1849.1,Rough,Green Fuel,7.3,21.19,154.74
Vessel C,4000,17.77,3417.2,0.854,712.2,Calm,Fuel B,1.67,75.85,126.68
Vessel C,4000,11.49,934.2,0.234,447.9,Calm,Fuel A,1.62,15.24,24.75
Vessel D,9000,8.98,8061.3,0.896,3534.4,Moderate,Green Fuel,16.39,17.96,294.33
Vessel C,4000,12.48,3670.5,0.918,501.8,Rough,Fuel A,1.67,43.06,72.12
Vessel C,4000,12.25,3353.7,0.838,1288.6,Rough,Fuel A,4.38,35.49,155.49
Vessel D,9000,17.92,8308.5,0.923,2638.7,Calm,Fuel A,6.14,113.69,697.62
Vessel D,9000,16.71,2173.5,0.242,2914.6,Calm,Green Fuel,7.27,68.74,499.48
Vessel A,5000,12.2,4281.8,0.856,3734.6,Calm,Green Fuel,12.76,33.6,428.68
Vessel D,9000,18.67,7279.3,0.809,2333.5,Moderate,Fuel B,5.21,130.87,681.64
Vessel A,5000,8.94,4560.7,0.912,1003.5,Rough,Green Fuel,4.68,17.0,79.56
Vessel D,9000,12.64,8821.0,0.98,1998.1,Moderate,Fuel A,6.59,40.11,264.16
Vessel D,9000,16.0,5576.7,0.62,2434.8,Moderate,Fuel B,6.34,63.79,404.46
Vessel A,5000,20.99,4433.6,0.887,3685.0,Calm,Fuel B,7.32,138.79,1015.28
Vessel A,5000,12.62,3559.8,0.712,217.5,Moderate,Green Fuel,0.72,38.34,27.53
Vessel D,9000,14.12,8638.9,0.96,1849.0,Calm,Green Fuel,5.45,61.08,333.19
Vessel C,4000,17.46,1387.6,0.347,3419.9,Moderate,Fuel B,8.16,61.14,498.9
Vessel D,9000,17.23,7380.7,0.82,1078.3,Calm,Fuel A,2.61,84.44,220.14
Vessel A,5000,12.16,1440.3,0.288,1674.3,Calm,Green Fuel,5.74,22.67,129.99
Vessel B,7000,15.94,3224.9,0.461,1324.5,Moderate,Green Fuel,3.46,71.54,247.71
Vessel A,5000,21.13,2138.0,0.428,3763.0,Moderate,Green Fuel,7.42,143.94,1068.0
Vessel B,7000,20.39,1849.4,0.264,3976.1,Moderate,Green Fuel,8.12,129.88,1055.12
Vessel A,5000,8.18,2478.7,0.496,2082.1,Calm,Fuel B,10.61,7.18,76.17
Vessel D,9000,10.07,3983.9,0.443,2274.1,Calm,Fuel B,9.41,12.78,120.25
Vessel A,5000,9.34,1829.2,0.366,3467.8,Calm,Fuel B,15.47,9.49,146.9
Vessel C,4000,21.34,2800.0,0.7,1013.2,Moderate,Green Fuel,1.98,179.56,355.22
Vessel D,9000,17.05,6349.9,0.706,2996.1,Calm,Green Fuel,7.32,87.2,638.6
Vessel C,4000,14.46,3394.4,0.849,1899.0,Rough,Fuel A,5.47,57.43,314.37
Vessel B,7000,9.01,3357.1,0.48,3867.0,Moderate,Fuel A,17.89,12.89,230.5
Vessel A,5000,16.77,4732.1,0.946,3812.8,Rough,Fuel A,9.47,99.0,937.65
Vessel C,4000,9.48,3468.8,0.867,928.3,Rough,Fuel A,4.08,16.82,68.58
Vessel C,4000,16.25,3307.6,0.827,652.2,Calm,Fuel A,1.67,59.31,99.18
Vessel B,7000,18.42,3196.4,0.457,1943.2,Rough,Green Fuel,4.4,129.27,568.32
Vessel D,9000,8.15,7509.0,0.834,2206.7,Moderate,Fuel A,11.28,12.59,142.05
Vessel D,9000,20.47,4936.7,0.549,3454.9,Rough,Fuel B,7.03,155.44,1092.93
Vessel C,4000,13.85,3856.2,0.964,2839.8,Calm,Fuel B,8.54,41.01,350.32
Vessel B,7000,11.26,4286.1,0.612,790.4,Moderate,Fuel B,2.92,24.85,72.67
Vessel B,7000,21.91,4747.8,0.678,3091.5,Calm,Fuel A,5.88,185.18,1088.87
Vessel A,5000,8.7,2900.4,0.58,2988.5,Calm,Fuel B,14.31,7.73,110.66
Vessel D,9000,21.63,6804.9,0.756,3002.4,Moderate,Fuel B,5.78,189.69,1096.98
Vessel B,7000,15.84,2174.0,0.311,3775.8,Rough,Fuel A,9.93,68.1,676.25
Vessel A,5000,21.48,2766.1,0.553,1030.6,Calm,Green Fuel,2.0,147.28,294.42
Vessel C,4000,16.64,3912.4,0.978,3879.5,Moderate,Fuel B,9.71,75.46,732.92
Vessel B,7000,12.46,4249.8,0.607,1178.1,Calm,Green Fuel,3.94,33.67,132.7
Vessel C,4000,8.06,1933.3,0.483,946.8,Calm,Fuel A,4.9,6.54,32.03
Vessel B,7000,18.96,5650.2,0.807,3110.3,Moderate,Fuel A,6.84,135.07,923.22
Vessel A,5000,13.71,4286.0,0.857,2017.8,Moderate,Fuel B,6.13,46.92,287.78
Vessel D,9000,10.58,2254.9,0.251,3853.2,Rough,Fuel B,15.17,20.31,308.12
Vessel C,4000,19.77,1387.4,0.347,504.5,Rough,Green Fuel,1.06,127.11,135.19
Vessel B,7000,8.61,3132.0,0.447,1209.5,Calm,Green Fuel,5.85,10.83,63.42
Vessel B,7000,19.22,3586.9,0.512,3465.6,Moderate,Fuel B,7.51,116.0,871.36
Vessel B,7000,11.11,5554.4,0.793,2835.7,Calm,Green Fuel,10.64,24.83,264.13
Vessel B,7000,11.32,5325.6,0.761,593.2,Calm,Fuel A,2.18,25.72,56.17
Vessel A,5000,19.7,3887.4,0.777,2671.4,Calm,Fuel A,5.65,119.18,673.29
Vessel C,4000,14.33,1304.1,0.326,804.7,Moderate,Green Fuel,2.34,37.68,88.14
Vessel A,5000,10.69,4287.5,0.857,3124.4,Calm,Fuel A,12.17,18.8,228.9
Vessel C,4000,16.76,1785.7,0.446,2229.7,Calm,Fuel B,5.54,55.77,309.22
Vessel A,5000,10.04,2241.1,0.448,2160.7,Calm,Green Fuel,8.97,14.09,126.34
Vessel B,7000,12.75,4707.0,0.672,1346.2,Moderate,Fuel A,4.4,34.84,153.26
Vessel C,4000,20.37,3253.8,0.813,2105.3,Calm,Fuel A,4.31,134.59,579.53
Vessel C,4000,17.37,3232.1,0.808,3484.8,Rough,Green Fuel,8.36,122.09,1020.53
Vessel B,7000,16.22,3133.9,0.448,1526.4,Moderate,Green Fuel,3.92,74.4,291.8
Vessel C,4000,20.6,1055.5,0.264,438.2,Rough,Green Fuel,0.89,141.13,125.07
Vessel A,5000,19.36,4326.6,0.865,461.2,Calm,Fuel B,0.99,107.57,106.76
Vessel C,4000,14.56,3996.1,0.999,2757.9,Calm,Green Fuel,7.89,55.04,434.3
Vessel A,5000,10.99,1067.5,0.213,876.6,Moderate,Fuel A,3.32,15.47,51.43
Vessel B,7000,19.11,1740.5,0.249,545.7,Moderate,Fuel A,1.19,90.06,107.15
Vessel D,9000,8.95,4576.6,0.509,1495.2,Calm,Green Fuel,6.96,11.08,77.11
Vessel B,7000,10.76,4773.4,0.682,2795.3,Moderate,Green Fuel,10.82,25.39,274.7
Vessel D,9000,11.63,6754.9,0.751,2956.3,Calm,Fuel A,10.59,26.95,285.45
Vessel D,9000,19.42,4901.7,0.545,3958.9,Moderate,Fuel B,8.5,120.55,1024.09
Vessel D,9000,17.2,5963.1,0.663,2763.0,Rough,Green Fuel,6.69,126.84,849.13
Vessel C,4000,9.65,996.4,0.249,3919.5,Calm,Green Fuel,16.92,10.67,180.57
Vessel A,5000,18.43,4885.3,0.977,3868.8,Rough,Green Fuel,8.75,149.41,1306.61
Vessel D,9000,11.58,3073.1,0.341,1063.5,Moderate,Fuel B,3.83,24.44,93.5
Vessel A,5000,11.36,4328.4,0.866,1521.0,Moderate,Fuel B,5.58,26.64,148.63
Vessel B,7000,18.01,5667.0,0.81,529.3,Rough,Green Fuel,1.22,142.26,174.22
Vessel C,4000,9.09,2643.1,0.661,1756.3,Moderate,Fuel A,8.05,11.3,90.94
Vessel B,7000,12.57,1801.3,0.257,1522.6,Calm,Green Fuel,5.05,27.36,138.11
Vessel C,4000,10.18,824.7,0.206,3195.6,Calm,Green Fuel,13.07,13.13,171.7
Vessel C,4000,14.04,1969.3,0.492,2519.0,Moderate,Fuel A,7.48,39.1,292.42
Vessel A,5000,17.09,2750.9,0.55,998.8,Rough,Green Fuel,2.43,92.29,224.66
Vessel B,7000,14.25,5980.7,0.854,3960.4,Moderate,Fuel A,11.58,49.19,569.5
Vessel B,7000,20.89,6015.5,0.859,1504.7,Calm,Fuel B,3.0,155.58,466.98
Vessel B,7000,19.82,1807.8,0.258,711.3,Calm,Fuel A,1.5,95.62,142.98
Vessel D,9000,11.69,6216.3,0.691,922.2,Calm,Green Fuel,3.29,29.24,96.14
Vessel A,5000,13.73,1782.0,0.356,621.0,Rough,Green Fuel,1.88,47.08,88.74
Vessel B,7000,11.24,4960.2,0.709,1082.7,Moderate,Fuel B,4.01,25.53,102.48
Vessel D,9000,20.86,8858.4,0.984,1465.9,Moderate,Green Fuel,2.93,184.18,539.31
Vessel D,9000,14.38,7692.4,0.855,2813.6,Calm,Green Fuel,8.15,64.76,527.74
Vessel C,4000,11.05,1386.4,0.347,1068.1,Moderate,Fuel A,4.03,16.53,66.61
Vessel D,9000,20.24,6252.8,0.695,990.1,Moderate,Fuel A,2.04,142.83,291.14
Vessel D,9000,10.91,8730.2,0.97,1424.8,Rough,Fuel A,5.44,31.74,172.74
Vessel A,5000,8.81,2940.7,0.588,3460.5,Rough,Fuel B,16.36,11.8,193.1
Vessel A,5000,21.97,3127.9,0.626,2825.6,Calm,Fuel A,5.36,147.95,792.76
Vessel B,7000,12.36,4248.6,0.607,998.4,Calm,Fuel A,3.37,31.0,104.36
Vessel A,5000,15.6,1253.8,0.251,3262.4,Moderate,Green Fuel,8.71,52.58,458.18
Vessel A,5000,18.25,1351.9,0.27,2926.4,Moderate,Fuel B,6.68,72.96,487.48
Vessel D,9000,21.2,5420.7,0.602,1719.8,Rough,Fuel B,3.38,203.57,688.16
Vessel C,4000,9.1,1361.2,0.34,823.1,Calm,Fuel B,3.77,8.85,33.35
Vessel A,5000,17.03,4936.5,0.987,3921.9,Rough,Fuel A,9.6,105.06,1008.16
Vessel B,7000,8.0,6389.8,0.913,1915.8,Moderate,Green Fuel,9.97,11.78,117.52
Vessel C,4000,13.29,3757.8,0.939,3669.9,Moderate,Green Fuel,11.5,50.22,577.63
Vessel A,5000,8.65,3431.1,0.686,2324.6,Calm,Fuel B,11.2,9.93,111.14
Vessel C,4000,15.73,805.5,0.201,3614.3,Moderate,Green Fuel,9.57,51.09,489.09
Vessel C,4000,12.17,1514.1,0.379,3809.2,Calm,Fuel A,13.04,18.85,245.76
Vessel B,7000,10.76,1669.7,0.239,2468.3,Moderate,Green Fuel,9.56,18.85,180.14
Vessel C,4000,14.76,3575.1,0.894,1529.0,Calm,Fuel B,4.32,44.77,193.23
Vessel B,7000,15.45,1772.4,0.253,1239.6,Moderate,Green Fuel,3.34,61.31,204.95
Vessel A,5000,18.07,1362.2,0.272,1918.2,Rough,Fuel B,4.42,94.17,416.6
Vessel C,4000,8.18,1754.3,0.439,361.7,Rough,Fuel A,1.84,7.87,14.5
Vessel B,7000,18.15,2681.5,0.383,2397.2,Calm,Green Fuel,5.5,90.38,497.28
Vessel B,7000,19.21,3382.4,0.483,3918.6,Moderate,Fuel B,8.5,102.24,868.83
Vessel C,4000,9.27,3285.7,0.821,1876.8,Calm,Green Fuel,8.43,13.04,109.94
Vessel A,5000,13.41,2874.8,0.575,1071.1,Moderate,Green Fuel,3.33,40.35,134.28
Vessel C,4000,15.26,1911.9,0.478,3234.3,Moderate,Green Fuel,8.83,51.81,457.42
Vessel D,9000,13.29,8957.3,0.995,534.9,Calm,Green Fuel,1.68,51.65,86.62
Vessel B,7000,17.91,3804.3,0.543,1545.1,Calm,Green Fuel,3.6,94.25,338.88
Vessel C,4000,17.32,2500.2,0.625,3409.0,Calm,Green Fuel,8.2,80.41,659.59
Vessel D,9000,14.61,6201.9,0.689,2553.5,Calm,Green Fuel,7.28,59.28,431.61
Vessel D,9000,15.63,5779.4,0.642,1552.4,Rough,Fuel A,4.14,81.37,336.8
Vessel C,4000,16.49,1340.7,0.335,2422.2,Rough,Fuel B,6.12,62.15,380.37
Vessel D,9000,21.17,3976.6,0.442,3505.8,Rough,Green Fuel,6.9,214.08,1477.13
Vessel B,7000,12.02,1554.0,0.222,786.0,Calm,Fuel A,2.73,21.01,57.27
Vessel D,9000,10.72,4618.0,0.513,1251.6,Rough,Fuel B,4.87,25.95,126.29
Vessel B,7000,13.75,2704.8,0.386,2206.5,Calm,Fuel B,6.69,39.23,262.28
Vessel B,7000,12.88,2514.0,0.359,3855.0,Rough,Green Fuel,12.47,42.66,531.9
Vessel D,9000,10.78,5431.3,0.603,3810.9,Moderate,Green Fuel,14.73,24.26,357.3
Vessel D,9000,14.77,2041.0,0.227,2518.7,Rough,Green Fuel,7.1,59.49,422.64
Vessel B,7000,19.08,4437.8,0.634,2921.2,Moderate,Green Fuel,6.38,137.23,875.27
Vessel B,7000,14.15,1537.1,0.22,3049.7,Calm,Fuel B,8.98,30.51,273.91
Vessel C,4000,19.69,2524.6,0.631,1912.1,Calm,Green Fuel,4.05,111.51,451.25
Vessel B,7000,13.8,3269.4,0.467,1782.4,Moderate,Green Fuel,5.38,43.51,234.22
Vessel D,9000,18.85,8168.1,0.908,2294.5,Calm,Fuel A,5.07,129.49,656.73
Vessel D,9000,16.17,5284.1,0.587,2591.5,Calm,Fuel B,6.68,59.78,399.3
Vessel A,5000,16.18,2088.9,0.418,2060.9,Rough,Fuel A,5.31,71.03,376.91
Vessel C,4000,20.18,3411.9,0.853,2655.5,Calm,Fuel B,5.48,123.84,678.99
Vessel B,7000,15.98,4732.0,0.676,3580.6,Calm,Fuel A,9.33,72.19,673.84
Vessel B,7000,21.53,2107.1,0.301,1398.0,Calm,Fuel B,2.71,126.98,343.5
Vessel C,4000,11.87,3805.0,0.951,422.8,Calm,Fuel B,1.48,24.49,36.35
Vessel A,5000,16.91,4167.4,0.833,1872.7,Calm,Fuel B,4.61,71.93,331.88
Vessel B,7000,18.46,4753.7,0.679,856.4,Calm,Green Fuel,1.93,122.29,236.4
Vessel D,9000,13.97,3468.4,0.385,3918.1,Calm,Fuel B,11.69,35.42,413.93
Vessel B,7000,19.14,3910.4,0.559,3360.5,Calm,Green Fuel,7.32,119.88,877.12
Vessel B,7000,17.73,1579.8,0.226,2911.4,Moderate,Fuel B,6.84,72.23,494.08
Vessel D,9000,20.78,3946.2,0.438,3732.8,Moderate,Fuel A,7.48,142.46,1066.29
Vessel D,9000,19.6,7010.6,0.779,2839.8,Rough,Green Fuel,6.04,199.17,1202.3
Vessel C,4000,14.31,1638.4,0.41,2642.1,Calm,Fuel A,7.7,33.73,259.58
Vessel B,7000,10.07,3308.9,0.473,2881.4,Calm,Fuel A,11.93,13.74,163.91
Vessel C,4000,11.05,2203.1,0.551,756.8,Moderate,Fuel B,2.85,18.87,53.86
Vessel D,9000,21.14,2571.5,0.286,1800.7,Calm,Green Fuel,3.55,150.54,534.27
Vessel C,4000,21.67,2112.4,0.528,2674.4,Calm,Fuel B,5.14,128.29,659.8
Vessel C,4000,19.29,2508.7,0.627,2694.8,Moderate,Green Fuel,5.82,125.34,729.58
Vessel D,9000,11.42,3164.4,0.352,578.8,Rough,Green Fuel,2.11,28.71,60.65
Vessel A,5000,16.61,2790.2,0.558,3386.6,Calm,Green Fuel,8.49,66.86,567.95
Vessel B,7000,8.43,2103.7,0.301,550.0,Calm,Fuel A,2.72,7.93,21.56
Vessel B,7000,14.15,2223.7,0.318,1909.6,Calm,Fuel B,5.62,36.32,204.18
Vessel A,5000,13.66,3221.2,0.644,1701.4,Calm,Green Fuel,5.19,42.03,218.18
Vessel D,9000,20.08,2159.1,0.24,1499.3,Rough,Green Fuel,3.11,130.41,405.7
Vessel B,7000,19.33,5331.8,0.762,2811.5,Calm,Fuel A,6.06,123.51,748.38
Vessel A,5000,14.25,3940.5,0.788,1841.3,Calm,Fuel A,5.38,46.37,249.56
Vessel C,4000,20.82,1538.7,0.385,3466.0,Calm,Fuel B,6.94,114.52,794.53
Vessel A,5000,20.54,3722.2,0.744,2470.1,Moderate,Fuel B,5.01,137.87,690.84
Vessel D,9000,16.89,7622.0,0.847,2831.6,Calm,Fuel B,6.98,83.73,584.8
Vessel C,4000,12.75,1597.1,0.399,3834.6,Moderate,Green Fuel,12.53,30.17,378.08
Vessel D,9000,16.46,8754.0,0.973,1105.9,Rough,Fuel B,2.8,112.45,314.79
Vessel D,9000,21.4,6406.8,0.712,3391.2,Calm,Green Fuel,6.6,196.66,1298.73
Vessel B,7000,11.29,5757.8,0.823,351.0,Calm,Green Fuel,1.3,26.08,33.78
Vessel D,9000,10.59,6099.3,0.678,1967.2,Rough,Fuel B,7.74,24.85,192.37
Vessel C,4000,12.97,1325.9,0.331,2569.8,Moderate,Fuel A,8.25,24.56,202.71
Vessel A,5000,17.52,2173.3,0.435,3948.4,Moderate,Fuel A,9.39,75.38,707.93
Vessel D,9000,8.16,7346.0,0.816,1857.5,Moderate,Green Fuel,9.49,12.21,115.87
Vessel D,9000,8.59,3185.6,0.354,2466.1,Moderate,Green Fuel,11.97,10.0,119.62
Vessel C,4000,12.32,3042.2,0.761,217.4,Rough,Green Fuel,0.73,38.7,28.44
Vessel A,5000,21.72,4932.9,0.987,2218.6,Calm,Fuel A,4.26,178.15,758.32
Vessel B,7000,16.66,6437.2,0.92,921.4,Calm,Fuel B,2.3,75.71,174.44
Vessel A,5000,8.59,3016.2,0.603,1662.4,Calm,Green Fuel,8.07,9.49,76.57
Vessel A,5000,12.23,1179.7,0.236,2908.3,Moderate,Fuel B,9.91,19.09,189.07
Vessel C,4000,16.64,3680.1,0.92,2107.2,Moderate,Fuel B,5.28,76.4,403.06
Vessel A,5000,8.92,1401.5,0.28,1955.5,Calm,Fuel A,9.14,9.03,82.52
Vessel C,4000,14.35,2258.3,0.565,1838.5,Moderate,Green Fuel,5.34,44.52,237.68
Vessel A,5000,15.44,3508.9,0.702,2282.7,Moderate,Green Fuel,6.16,62.48,384.85
Vessel A,5000,8.47,2351.4,0.47,2543.3,Moderate,Green Fuel,12.51,10.11,126.47
Vessel A,5000,10.16,1227.7,0.246,3570.2,Moderate,Green Fuel,14.64,14.41,211.01
Vessel C,4000,8.14,2120.4,0.53,1374.6,Rough,Fuel B,7.03,9.41,66.21
Vessel A,5000,19.71,4490.5,0.898,752.5,Calm,Fuel A,1.59,127.42,202.7
Vessel D,9000,16.33,4399.2,0.489,3553.3,Rough,Fuel B,9.07,82.44,747.54
Vessel A,5000,10.42,3465.6,0.693,2978.6,Moderate,Fuel B,11.91,18.2,216.68
Vessel D,9000,13.91,2498.9,0.278,3920.5,Calm,Fuel B,11.75,35.88,421.51
Vessel A,5000,10.22,3804.7,0.761,1596.9,Moderate,Fuel B,6.51,17.59,114.48
Vessel B,7000,15.8,6643.1,0.949,2506.7,Calm,Fuel A,6.61,68.88,455.36
Vessel A,5000,21.5,3717.6,0.744,1498.0,Rough,Green Fuel,2.9,195.9,568.84
Vessel D,9000,14.22,8859.5,0.984,1393.3,Calm,Fuel A,4.08,60.09,245.29
Vessel B,7000,16.5,5128.3,0.733,1276.3,Calm,Fuel B,3.22,70.17,226.11
Vessel D,9000,21.04,6349.7,0.706,2662.3,Moderate,Green Fuel,5.27,189.14,997.36
Vessel B,7000,14.52,6754.9,0.965,1976.3,Rough,Fuel A,5.67,74.55,422.69
Vessel C,4000,18.23,3117.4,0.779,3204.5,Moderate,Fuel B,7.33,110.97,812.93
Vessel A,5000,11.71,2537.7,0.508,238.5,Calm,Fuel B,0.85,22.09,18.74
Vessel B,7000,15.6,1454.9,0.208,3881.5,Moderate,Fuel B,10.37,48.59,503.76
Vessel C,4000,8.58,2987.5,0.747,875.0,Rough,Green Fuel,4.25,13.27,56.41
Vessel A,5000,13.54,1128.0,0.226,3384.0,Moderate,Fuel B,10.42,29.68,309.2
Vessel C,4000,14.3,1575.8,0.394,1115.0,Moderate,Fuel A,3.25,35.48,115.27
Vessel A,5000,18.94,2841.6,0.568,1960.4,Rough,Fuel A,4.31,115.69,498.8
Vessel D,9000,16.22,3988.5,0.443,3870.0,Calm,Fuel B,9.94,58.17,578.26
Vessel A,5000,17.91,1802.6,0.361,880.9,Calm,Fuel A,2.05,71.75,147.07
Vessel D,9000,11.93,4778.1,0.531,3868.8,Moderate,Fuel A,13.52,25.81,348.79
Vessel D,9000,17.61,4338.4,0.482,227.3,Rough,Fuel B,0.54,97.58,52.49
Vessel C,4000,20.27,3501.8,0.875,2772.2,Calm,Fuel B,5.7,122.92,700.54
Vessel B,7000,20.09,5713.8,0.816,958.6,Moderate,Fuel A,1.99,147.93,294.08
Vessel D,9000,19.5,5153.7,0.573,1155.6,Calm,Green Fuel,2.47,116.61,287.94
Vessel A,5000,19.42,2811.9,0.562,3620.7,Moderate,Fuel A,7.77,117.76,914.95
Vessel B,7000,21.08,6056.9,0.865,2049.6,Rough,Green Fuel,4.05,240.83,975.42
Vessel C,4000,15.6,1629.2,0.407,2422.8,Calm,Fuel A,6.47,44.03,284.92
Vessel D,9000,13.41,8168.9,0.908,501.9,Rough,Fuel B,1.56,51.88,80.89
Vessel D,9000,14.66,4739.7,0.527,3335.5,Calm,Fuel A,9.48,43.97,416.97
Vessel D,9000,15.11,1974.5,0.219,1501.6,Moderate,Fuel A,4.14,41.83,173.25
Vessel D,9000,17.81,2804.1,0.312,1214.2,Moderate,Fuel A,2.84,83.6,237.44
Vessel D,9000,16.76,1810.4,0.201,1595.5,Calm,Fuel A,3.97,54.48,216.15
Vessel D,9000,8.05,3825.1,0.425,3345.8,Rough,Fuel B,17.33,9.99,173.03
Vessel D,9000,11.41,7669.6,0.852,1682.8,Calm,Green Fuel,6.14,30.57,187.84
Vessel B,7000,9.45,4309.8,0.616,1302.9,Moderate,Green Fuel,5.74,15.06,86.5
Vessel A,5000,21.8,3857.4,0.771,1341.6,Rough,Green Fuel,2.56,226.82,581.55
Vessel D,9000,11.89,5504.8,0.612,2337.0,Moderate,Green Fuel,8.19,32.53,266.36
Vessel A,5000,8.61,4426.9,0.885,232.2,Calm,Fuel A,1.12,10.2,11.45
Vessel B,7000,16.85,1823.9,0.261,748.6,Moderate,Fuel A,1.85,61.25,113.35
Vessel D,9000,11.38,4821.5,0.536,330.9,Calm,Fuel A,1.21,23.31,28.23
Vessel B,7000,8.28,2507.8,0.358,2163.4,Moderate,Fuel B,10.89,8.45,92.07
Vessel D,9000,14.83,3502.5,0.389,3808.8,Moderate,Fuel B,10.7,53.31,570.55
Vessel A,5000,9.01,3774.3,0.755,1620.4,Moderate,Fuel B,7.5,11.24,84.29
Vessel C,4000,21.78,2260.0,0.565,3485.8,Calm,Fuel B,6.67,134.44,896.49
Vessel D,9000,15.7,4025.5,0.447,1112.4,Moderate,Green Fuel,2.95,76.03,224.47
Vessel A,5000,19.82,2876.9,0.575,2954.9,Rough,Fuel B,6.21,140.41,872.04
Vessel B,7000,14.23,2922.7,0.418,3232.5,Rough,Fuel A,9.46,47.77,452.1
Vessel C,4000,21.42,922.2,0.231,413.7,Rough,Green Fuel,0.8,151.25,121.71
Vessel A,5000,20.43,4292.9,0.859,1646.7,Calm,Fuel A,3.36,149.09,500.59
Vessel C,4000,18.47,3487.8,0.872,1675.2,Rough,Fuel A,3.78,131.16,495.57
Vessel A,5000,14.92,1166.7,0.233,852.7,Calm,Fuel B,2.38,31.66,75.37
Vessel B,7000,9.76,1765.5,0.252,3436.2,Moderate,Green Fuel,14.67,14.71,215.92
Vessel D,9000,16.04,3866.8,0.43,1990.8,Moderate,Fuel B,5.17,70.86,366.36
Vessel D,9000,13.51,7902.8,0.878,2510.0,Rough,Fuel A,7.74,62.95,487.27
Vessel A,5000,20.82,1757.9,0.352,1265.8,Calm,Green Fuel,2.53,111.12,281.46
Vessel B,7000,8.85,4783.5,0.683,3639.3,Rough,Green Fuel,17.13,16.3,279.24
Vessel D,9000,11.1,3562.5,0.396,496.6,Calm,Fuel B,1.86,17.5,32.63
Vessel D,9000,8.94,2189.6,0.243,2454.7,Moderate,Fuel B,11.44,9.34,106.79
Vessel C,4000,20.29,3395.2,0.849,2699.3,Calm,Fuel A,5.54,111.87,620.13
Vessel B,7000,8.32,1561.6,0.223,1263.0,Calm,Fuel A,6.33,6.71,42.47
Vessel D,9000,12.68,7448.1,0.828,3223.3,Calm,Green Fuel,10.59,37.18,393.72
Vessel C,4000,21.34,2244.2,0.561,2500.7,Calm,Fuel A,4.88,127.45,622.42
Vessel D,9000,12.46,7022.0,0.78,1723.3,Calm,Green Fuel,5.76,40.43,232.91
Vessel B,7000,18.58,2965.0,0.424,3821.4,Rough,Fuel A,8.57,105.65,905.39
Vessel C,4000,21.14,1796.0,0.449,1264.6,Moderate,Green Fuel,2.49,135.54,337.76
Vessel B,7000,11.77,4549.1,0.65,595.9,Calm,Fuel A,2.11,26.08,55.01
Vessel B,7000,19.98,4289.7,0.613,3442.1,Calm,Fuel A,7.18,110.57,793.61
Vessel A,5000,13.15,2406.1,0.481,1033.2,Moderate,Green Fuel,3.27,36.66,119.98
Vessel B,7000,17.9,5625.8,0.804,2418.7,Moderate,Fuel B,5.63,102.17,575.21
Vessel A,5000,15.52,3249.9,0.65,3957.3,Rough,Fuel A,10.62,72.0,764.86
Vessel D,9000,14.39,3298.2,0.366,696.3,Moderate,Fuel A,2.02,49.42,99.65
Vessel D,9000,8.44,6358.5,0.706,3758.2,Rough,Green Fuel,18.54,15.35,284.74
Vessel C,4000,20.82,831.0,0.208,2599.9,Moderate,Fuel B,5.2,94.56,492.09
Vessel D,9000,12.3,5428.5,0.603,1864.3,Calm,Fuel B,6.32,28.71,181.35
Vessel A,5000,21.09,4494.9,0.899,3699.3,Moderate,Fuel B,7.31,148.31,1084.06
Vessel D,9000,17.32,2854.0,0.317,2736.7,Moderate,Fuel B,6.58,72.82,479.42
Vessel C,4000,17.04,1582.4,0.396,3588.5,Rough,Fuel A,8.77,83.0,728.18
Vessel D,9000,16.41,7991.1,0.888,3416.7,Calm,Fuel A,8.68,78.45,680.62
Vessel C,4000,21.3,1291.8,0.323,2205.4,Calm,Fuel B,4.31,116.68,503.4
Vessel A,5000,18.15,2058.2,0.412,1773.6,Rough,Green Fuel,4.07,104.27,424.5
Vessel B,7000,9.03,6759.3,0.966,3331.5,Rough,Fuel A,15.37,16.69,256.46
Vessel C,4000,8.48,3653.8,0.913,382.9,Moderate,Green Fuel,1.88,11.97,22.52
Vessel B,7000,16.05,2126.5,0.304,1369.1,Calm,Green Fuel,3.55,61.97,220.24
Vessel C,4000,14.51,3312.2,0.828,3151.0,Moderate,Green Fuel,9.05,53.47,483.68
Vessel D,9000,17.46,7033.6,0.782,672.1,Calm,Fuel A,1.6,84.44,135.42
Vessel C,4000,10.7,2965.4,0.741,3265.6,Moderate,Fuel A,12.72,19.16,243.69
Vessel C,4000,19.79,3198.4,0.8,1033.7,Moderate,Green Fuel,2.18,135.39,294.69
Vessel C,4000,21.6,3743.3,0.936,1647.2,Calm,Fuel A,3.18,157.53,500.47
Vessel B,7000,8.7,3481.6,0.497,609.0,Moderate,Green Fuel,2.92,12.3,35.88
Vessel C,4000,11.48,1812.6,0.453,1368.5,Moderate,Green Fuel,4.97,23.26,115.52
Vessel D,9000,12.09,4153.3,0.461,3143.9,Calm,Fuel B,10.83,25.53,276.6
Vessel C,4000,11.77,2249.0,0.562,3785.8,Moderate,Green Fuel,13.4,28.02,375.48
Vessel C,4000,16.7,1697.4,0.424,3233.0,Moderate,Fuel A,8.07,63.75,514.35
Vessel A,5000,13.75,1380.4,0.276,443.2,Calm,Fuel B,1.34,30.99,41.63
Vessel D,9000,11.23,3438.5,0.382,3539.7,Moderate,Fuel A,13.14,23.31,306.17
Vessel A,5000,20.99,3691.6,0.738,1156.4,Rough,Green Fuel,2.3,184.41,423.32
Vessel D,9000,12.1,3689.5,0.41,3222.2,Moderate,Fuel B,11.09,28.46,315.68
Vessel A,5000,12.35,2763.5,0.553,1986.5,Calm,Fuel B,6.7,25.4,170.23
Vessel D,9000,16.97,4058.2,0.451,2133.3,Calm,Fuel A,5.24,63.93,334.88
Vessel B,7000,17.87,2843.0,0.406,2860.2,Calm,Fuel A,6.67,80.04,533.69
Vessel A,5000,15.26,1825.9,0.365,1100.8,Calm,Fuel B,3.01,43.38,130.39
Vessel D,9000,21.25,6675.3,0.742,1469.8,Moderate,Fuel B,2.88,193.06,556.52
Vessel B,7000,10.39,4549.4,0.65,669.1,Rough,Fuel A,2.68,21.85,58.62
Vessel D,9000,20.19,5096.9,0.566,3642.1,Moderate,Fuel A,7.52,135.18,1016.14
Vessel B,7000,17.88,6551.1,0.936,3205.5,Moderate,Green Fuel,7.47,128.19,957.45
Vessel A,5000,11.13,2759.6,0.552,546.1,Moderate,Fuel A,2.04,21.26,43.47
Vessel D,9000,8.66,2380.5,0.264,3787.9,Calm,Green Fuel,18.22,9.45,172.12
Vessel D,9000,21.15,5302.1,0.589,3780.2,Moderate,Fuel A,7.45,159.11,1185.0
Vessel B,7000,16.5,6636.8,0.948,2245.1,Moderate,Green Fuel,5.67,108.02,612.31
Vessel A,5000,12.05,3711.5,0.742,1508.1,Calm,Green Fuel,5.21,30.73,160.24
Vessel A,5000,17.51,4557.6,0.912,511.2,Moderate,Fuel A,1.22,90.71,110.38
Vessel B,7000,15.76,3235.7,0.462,2732.7,Calm,Fuel A,7.22,53.42,385.93
Vessel C,4000,15.33,2014.9,0.504,3943.7,Calm,Green Fuel,10.72,52.3,560.66
Vessel B,7000,10.37,6106.3,0.872,411.5,Calm,Fuel B,1.65,17.31,28.62
Vessel B,7000,13.46,6652.9,0.95,907.0,Moderate,Green Fuel,2.81,48.72,136.81
Vessel D,9000,13.8,4717.8,0.524,2849.5,Calm,Green Fuel,8.6,42.94,369.38
Vessel B,7000,11.58,5347.8,0.764,570.4,Moderate,Fuel B,2.05,28.44,58.37
Vessel B,7000,13.87,6726.9,0.961,2815.6,Rough,Green Fuel,8.46,70.44,595.84
Vessel B,7000,8.81,5296.1,0.757,1569.6,Moderate,Fuel B,7.42,11.69,86.73
Vessel C,4000,17.15,906.7,0.227,3248.6,Moderate,Fuel B,7.89,56.77,448.05
Vessel A,5000,16.44,1839.4,0.368,3712.0,Moderate,Fuel B,9.41,56.96,535.78
Vessel C,4000,21.22,3665.3,0.916,2731.7,Calm,Fuel B,5.36,148.28,795.45
Vessel A,5000,8.56,1221.6,0.244,3460.0,Calm,Fuel B,16.84,7.54,126.95
Vessel B,7000,11.91,2618.2,0.374,202.8,Calm,Fuel A,0.71,23.4,16.6
Vessel D,9000,12.72,4495.1,0.499,1172.8,Calm,Fuel B,3.84,30.16,115.9
Vessel D,9000,18.59,6713.6,0.746,856.1,Moderate,Green Fuel,1.92,159.24,305.55
Vessel A,5000,8.5,4344.1,0.869,2909.7,Rough,Green Fuel,14.27,11.56,164.92
Vessel A,5000,18.64,4350.6,0.87,2642.4,Calm,Green Fuel,5.91,101.44,599.17
Vessel C,4000,19.01,1273.6,0.318,939.6,Moderate,Fuel A,2.06,78.5,161.69
Vessel D,9000,9.25,7988.4,0.888,951.4,Calm,Fuel A,4.29,15.74,67.44
Vessel A,5000,9.25,1369.5,0.274,2537.9,Moderate,Fuel B,11.43,10.19,116.5
Vessel A,5000,14.08,3770.4,0.754,3544.7,Moderate,Fuel A,10.49,43.89,460.36
Vessel B,7000,13.86,1467.2,0.21,1247.2,Calm,Fuel A,3.75,32.82,123.06
Vessel A,5000,10.29,1238.5,0.248,3237.7,Calm,Fuel A,13.11,13.11,171.83
Vessel B,7000,18.43,1667.6,0.238,1850.2,Calm,Green Fuel,4.18,89.04,372.52
Vessel D,9000,11.06,6436.8,0.715,2440.7,Rough,Fuel B,9.19,26.75,245.87
Vessel C,4000,11.33,2025.6,0.506,985.6,Calm,Fuel B,3.62,18.73,67.9
Vessel C,4000,17.55,1856.7,0.464,2592.6,Rough,Green Fuel,6.16,93.66,576.66
Vessel C,4000,18.24,3179.4,0.795,2634.2,Rough,Fuel B,6.02,110.7,666.18
Vessel C,4000,15.27,2834.0,0.709,222.8,Moderate,Fuel B,0.61,52.96,32.19
Vessel C,4000,10.18,1474.0,0.368,743.4,Calm,Fuel B,3.04,11.6,35.3
Vessel D,9000,9.55,8271.1,0.919,1544.8,Rough,Fuel A,6.74,23.01,155.04
Vessel C,4000,14.25,1836.7,0.459,3164.1,Moderate,Fuel A,9.25,38.41,355.31
Vessel B,7000,10.45,6147.9,0.878,2124.3,Rough,Fuel B,8.47,24.65,208.76
Vessel B,7000,18.29,4779.6,0.683,1436.9,Moderate,Fuel B,3.27,102.71,336.15
Vessel A,5000,16.33,2630.7,0.526,651.5,Rough,Fuel B,1.66,74.27,123.48
Vessel B,7000,15.81,2679.6,0.383,1398.7,Calm,Fuel A,3.69,52.18,192.27
Vessel D,9000,16.61,6947.4,0.772,3557.2,Calm,Green Fuel,8.92,84.64,755.12
Vessel A,5000,8.39,1609.6,0.322,403.8,Moderate,Fuel A,2.0,7.9,15.83
Vessel A,5000,20.7,1345.9,0.269,3697.9,Calm,Green Fuel,7.44,105.55,785.62
Vessel C,4000,9.32,1075.2,0.269,1378.9,Rough,Fuel B,6.16,10.9,67.16
Vessel D,9000,13.96,6108.3,0.679,2977.7,Calm,Fuel B,8.89,44.32,393.94
Vessel C,4000,11.23,1113.3,0.278,933.2,Moderate,Fuel A,3.46,17.37,60.14
Vessel D,9000,17.53,7133.0,0.793,2139.2,Moderate,Fuel B,5.09,100.1,509.09
Vessel A,5000,12.61,4787.5,0.958,1375.0,Moderate,Green Fuel,4.54,41.34,187.75
Vessel A,5000,9.19,2052.9,0.411,790.5,Moderate,Green Fuel,3.59,10.34,37.07
Vessel C,4000,20.64,3807.5,0.952,1491.2,Calm,Fuel B,3.01,140.72,423.52
Vessel C,4000,9.3,3624.0,0.906,1664.8,Moderate,Green Fuel,7.46,16.11,120.13
Vessel A,5000,15.25,1373.0,0.275,1169.0,Calm,Fuel B,3.19,37.46,119.62
Vessel D,9000,21.66,6858.7,0.762,2114.9,Calm,Fuel A,4.07,201.19,818.42
Vessel B,7000,14.9,4399.9,0.629,3320.4,Calm,Fuel B,9.29,50.93,473.05
Vessel D,9000,11.23,2148.6,0.239,3964.2,Moderate,Fuel A,14.71,19.41,285.56
Vessel D,9000,11.63,2928.0,0.325,777.1,Calm,Green Fuel,2.78,22.81,63.47
Vessel B,7000,19.98,4190.8,0.599,2763.5,Rough,Fuel A,5.76,171.45,988.16
Vessel C,4000,10.71,3022.5,0.756,3864.0,Moderate,Green Fuel,15.04,23.23,349.39
Vessel C,4000,13.48,2520.1,0.63,1085.1,Moderate,Fuel A,3.35,38.51,129.12
Vessel C,4000,12.7,1921.3,0.48,3220.9,Calm,Green Fuel,10.57,26.53,280.43
Vessel C,4000,10.88,2131.8,0.533,1247.9,Calm,Green Fuel,4.78,17.88,85.41
Vessel C,4000,10.75,1474.1,0.369,620.3,Rough,Green Fuel,2.4,20.02,48.12
Vessel A,5000,9.74,4188.7,0.838,1458.8,Moderate,Green Fuel,6.24,17.87,111.48
Vessel A,5000,14.39,2394.0,0.479,771.3,Rough,Green Fuel,2.23,60.01,133.99
Vessel A,5000,19.43,1184.3,0.237,2519.9,Moderate,Fuel B,5.4,90.12,487.0
Vessel D,9000,9.58,7197.7,0.8,888.7,Calm,Fuel A,3.87,15.85,61.28
Vessel B,7000,12.69,2919.8,0.417,3556.1,Rough,Fuel B,11.68,37.54,438.31
Vessel B,7000,21.4,6323.5,0.903,2492.3,Calm,Fuel B,4.85,159.77,775.18
Vessel A,5000,13.5,4399.1,0.88,1671.9,Moderate,Fuel B,5.16,37.49,193.41
Vessel B,7000,10.88,3917.7,0.56,3546.9,Moderate,Green Fuel,13.59,25.6,347.85
Vessel A,5000,13.22,3856.1,0.771,3801.6,Moderate,Fuel B,11.98,35.75,428.28
Vessel D,9000,9.43,3967.4,0.441,3325.5,Moderate,Green Fuel,14.7,15.34,225.49
Vessel C,4000,20.57,3568.8,0.892,1519.7,Calm,Green Fuel,3.08,143.68,442.27
Vessel C,4000,16.68,1564.2,0.391,3260.4,Moderate,Fuel B,8.15,69.89,569.35
Vessel D,9000,11.14,4458.0,0.495,2452.4,Moderate,Fuel A,9.17,22.81,209.16
Vessel D,9000,17.51,5218.2,0.58,1233.6,Moderate,Fuel B,2.94,89.97,264.14
Vessel C,4000,8.04,2431.9,0.608,287.9,Rough,Fuel A,1.49,9.61,14.35
Vessel C,4000,17.76,838.0,0.21,3109.2,Moderate,Green Fuel,7.3,69.89,509.88
Vessel C,4000,17.47,3772.3,0.943,1688.6,Calm,Fuel A,4.03,84.42,340.05
Vessel B,7000,18.62,3907.3,0.558,2329.4,Moderate,Fuel B,5.21,103.05,537.18
Vessel B,7000,9.1,4280.0,0.611,3535.0,Moderate,Fuel B,16.18,13.19,213.41
Vessel A,5000,21.61,2193.1,0.439,521.8,Calm,Fuel A,1.01,138.5,139.32
Vessel A,5000,14.16,3139.8,0.628,3434.8,Calm,Fuel B,10.11,38.38,387.95
Vessel C,4000,17.14,3936.6,0.984,1129.1,Calm,Fuel B,2.74,76.5,209.93
Vessel C,4000,21.97,3594.0,0.898,226.1,Moderate,Fuel A,0.43,176.01,75.47
Vessel C,4000,19.57,3131.6,0.783,3319.9,Calm,Green Fuel,7.07,118.92,840.6
Vessel D,9000,14.4,6581.0,0.731,1314.9,Calm,Green Fuel,3.8,62.66,238.34
Vessel B,7000,13.86,6926.3,0.989,1384.5,Calm,Fuel B,4.16,46.13,192.01
Vessel A,5000,13.41,4476.5,0.895,3937.5,Calm,Green Fuel,12.23,43.06,526.8
Vessel B,7000,12.84,6147.6,0.878,320.9,Calm,Fuel A,1.04,35.84,37.32
Vessel C,4000,15.0,1480.6,0.37,2889.4,Moderate,Fuel B,8.03,43.69,350.65
Vessel D,9000,21.88,8215.6,0.913,2284.0,Moderate,Fuel B,4.35,209.24,910.23
Vessel C,4000,20.73,1549.4,0.387,3086.0,Calm,Fuel B,6.2,90.33,560.23
Vessel A,5000,13.22,2694.3,0.539,883.3,Moderate,Fuel A,2.78,33.96,94.5
Vessel D,9000,16.51,7039.2,0.782,2559.4,Moderate,Fuel A,6.46,94.28,609.11
Vessel C,4000,17.3,3556.1,0.889,3933.9,Rough,Green Fuel,9.48,117.61,1114.36
Vessel D,9000,8.86,8494.3,0.944,1933.1,Moderate,Green Fuel,9.09,16.89,153.53
Vessel D,9000,16.44,5925.2,0.658,1407.5,Moderate,Green Fuel,3.57,85.53,305.04
Vessel A,5000,16.83,1975.9,0.395,3557.7,Calm,Green Fuel,8.81,60.35,531.58
Vessel C,4000,18.13,2945.1,0.736,450.1,Calm,Fuel B,1.03,78.41,81.12
Vessel C,4000,20.93,3724.8,0.931,1336.5,Moderate,Fuel A,2.66,171.04,455.15
Vessel C,4000,10.43,2975.0,0.744,3187.7,Calm,Fuel A,12.73,15.86,201.89
Vessel B,7000,16.32,1599.4,0.228,3852.6,Moderate,Fuel A,9.84,62.72,616.97
Vessel B,7000,11.43,6936.2,0.991,1550.7,Calm,Green Fuel,5.65,32.4,183.15
Vessel C,4000,21.41,2647.9,0.662,3068.8,Moderate,Fuel B,5.97,140.97,841.74
Vessel A,5000,14.19,4788.1,0.958,1761.5,Moderate,Fuel A,5.17,52.54,271.74
Vessel C,4000,17.7,1515.8,0.379,1072.2,Moderate,Fuel A,2.52,68.23,172.17
Vessel D,9000,19.87,7743.3,0.86,2585.7,Rough,Green Fuel,5.42,204.57,1109.13
Vessel B,7000,12.33,2966.8,0.424,1925.6,Calm,Green Fuel,6.51,28.3,184.21
Vessel C,4000,21.5,3576.9,0.894,2202.7,Calm,Green Fuel,4.27,166.66,711.34
Vessel B,7000,18.91,4902.3,0.7,1677.8,Calm,Fuel B,3.7,99.27,367.0
Vessel D,9000,15.14,8852.1,0.984,1666.5,Calm,Fuel A,4.59,70.13,321.74
Vessel D,9000,9.95,8734.7,0.971,1840.6,Rough,Fuel A,7.71,28.47,219.44
Vessel D,9000,12.61,7589.5,0.843,468.1,Rough,Fuel A,1.55,46.61,72.07
Vessel A,5000,8.13,4100.1,0.82,758.2,Calm,Green Fuel,3.89,8.11,31.51
Vessel C,4000,16.64,3639.0,0.91,1729.2,Moderate,Green Fuel,4.33,87.69,379.71
Vessel B,7000,13.31,5541.5,0.792,3451.9,Calm,Green Fuel,10.8,43.07,465.31
Vessel B,7000,13.36,1519.3,0.217,1779.2,Calm,Fuel B,5.55,26.48,146.96
Vessel D,9000,19.27,7631.0,0.848,2311.2,Calm,Green Fuel,5.0,141.66,708.01
Vessel B,7000,15.36,6756.9,0.965,1460.1,Moderate,Green Fuel,3.96,78.95,312.78
Vessel D,9000,11.22,4151.8,0.461,2777.1,Rough,Fuel B,10.32,25.25,260.52
Vessel C,4000,15.62,1226.3,0.307,3076.4,Calm,Fuel A,8.21,42.68,350.26
Vessel A,5000,18.37,1298.7,0.26,3784.7,Calm,Fuel A,8.59,75.66,649.58
Vessel B,7000,10.96,3006.8,0.43,2318.0,Moderate,Green Fuel,8.81,20.39,179.74
Vessel A,5000,20.86,3330.1,0.666,2473.9,Rough,Green Fuel,4.94,187.35,925.66
Vessel A,5000,13.42,4264.8,0.853,436.9,Calm,Fuel A,1.36,37.85,51.35
Vessel D,9000,17.99,2208.6,0.245,2828.7,Moderate,Green Fuel,6.55,85.48,559.88
Vessel C,4000,20.22,1700.3,0.425,1226.6,Calm,Fuel B,2.53,96.61,244.22
Vessel D,9000,21.63,4675.5,0.519,2552.3,Calm,Green Fuel,4.92,163.01,801.39
Vessel B,7000,10.7,5668.7,0.81,1062.4,Calm,Fuel A,4.14,19.71,81.58
Vessel C,4000,12.61,1648.4,0.412,2412.2,Rough,Green Fuel,7.97,33.96,270.74
Vessel C,4000,12.9,1075.8,0.269,2835.9,Calm,Green Fuel,9.16,27.59,252.66
Vessel B,7000,12.59,3128.2,0.447,2605.6,Calm,Green Fuel,8.63,29.6,255.29
Vessel B,7000,14.69,6501.6,0.929,1236.1,Rough,Green Fuel,3.51,74.57,261.38
Vessel A,5000,18.47,3813.6,0.763,3602.2,Moderate,Fuel B,8.12,105.86,860.12
Vessel A,5000,13.93,2176.3,0.435,2515.9,Calm,Fuel A,7.53,34.18,257.23
Vessel D,9000,19.36,8534.9,0.948,1526.2,Rough,Fuel B,3.29,180.34,592.45
Vessel A,5000,19.51,1721.9,0.344,1899.0,Moderate,Green Fuel,4.06,104.86,425.22
Vessel C,4000,10.48,3376.4,0.844,1691.8,Rough,Fuel B,6.73,23.33,156.96
Vessel D,9000,16.06,6673.0,0.741,3599.7,Moderate,Green Fuel,9.34,93.49,872.95
Vessel A,5000,18.71,3282.4,0.656,3903.3,Moderate,Green Fuel,8.69,124.5,1082.04
Vessel A,5000,15.51,1150.0,0.23,485.2,Moderate,Fuel B,1.3,43.49,56.68
Vessel C,4000,12.52,2380.5,0.595,1760.6,Calm,Green Fuel,5.86,29.61,173.54
Vessel C,4000,10.73,2331.0,0.583,359.3,Calm,Fuel B,1.4,14.53,20.27
Vessel D,9000,14.64,6339.0,0.704,1606.8,Moderate,Green Fuel,4.57,67.68,309.42
Vessel A,5000,20.14,2363.3,0.473,3351.6,Moderate,Fuel B,6.93,111.16,770.65
Vessel C,4000,9.32,1895.1,0.474,437.4,Calm,Fuel A,1.95,10.17,19.87
Vessel C,4000,18.11,3849.6,0.962,3755.0,Moderate,Fuel B,8.64,97.1,839.11
Vessel B,7000,18.62,1751.9,0.25,2398.7,Moderate,Fuel A,5.37,74.83,401.62
Vessel C,4000,12.74,1327.4,0.332,2789.9,Calm,Fuel B,9.13,23.27,212.34
Vessel B,7000,12.33,3586.5,0.512,2068.6,Calm,Green Fuel,6.99,32.84,229.63
Vessel C,4000,20.04,874.3,0.219,3696.5,Calm,Fuel B,7.69,76.44,587.48
Vessel D,9000,11.78,6578.7,0.731,2127.1,Calm,Green Fuel,7.52,33.01,248.28
Vessel A,5000,12.09,4392.3,0.878,2454.2,Rough,Fuel A,8.46,36.64,310.01
Vessel D,9000,10.4,5058.1,0.562,3166.5,Calm,Fuel A,12.69,19.49,247.28
Vessel C,4000,13.9,1885.0,0.471,2246.5,Moderate,Green Fuel,6.73,38.54,259.5
Vessel D,9000,15.29,7679.6,0.853,805.0,Rough,Fuel B,2.19,90.27,198.01
Vessel D,9000,19.98,4742.8,0.527,990.9,Rough,Green Fuel,2.07,170.68,352.66
Vessel D,9000,16.63,6679.9,0.742,2344.1,Moderate,Fuel A,5.87,85.43,501.58
Vessel C,4000,19.47,3013.7,0.753,657.6,Calm,Fuel A,1.41,104.84,147.55
Vessel D,9000,9.42,7000.7,0.778,1690.0,Rough,Green Fuel,7.47,21.0,157.0
Vessel A,5000,13.4,3346.3,0.669,1395.8,Calm,Green Fuel,4.34,37.17,161.37
Vessel B,7000,10.32,5342.6,0.763,3392.9,Calm,Green Fuel,13.7,17.63,241.51
Vessel B,7000,12.17,2024.7,0.289,2254.3,Moderate,Green Fuel,7.72,25.78,198.95
Vessel A,5000,18.31,3259.6,0.652,608.8,Calm,Fuel A,1.39,85.21,118.06
Vessel B,7000,8.35,1766.6,0.252,2751.8,Moderate,Green Fuel,13.73,8.35,114.66
Vessel C,4000,15.91,2856.2,0.714,1884.0,Rough,Green Fuel,4.93,76.16,375.7
Vessel D,9000,8.54,2858.9,0.318,2604.8,Calm,Green Fuel,12.71,9.71,123.44
Vessel A,5000,13.56,4854.0,0.971,3472.5,Moderate,Fuel A,10.67,50.89,542.87
Vessel B,7000,9.47,1942.8,0.278,1114.7,Moderate,Fuel B,4.9,10.59,51.95
Vessel B,7000,16.63,5964.0,0.852,1903.8,Moderate,Fuel A,4.77,83.7,399.35
Vessel D,9000,9.63,5303.8,0.589,1219.2,Moderate,Green Fuel,5.27,18.69,98.55
Vessel C,4000,16.82,1499.8,0.375,3710.0,Moderate,Fuel A,9.19,62.24,572.09
Vessel D,9000,17.93,8700.1,0.967,642.2,Rough,Green Fuel,1.49,156.39,233.43
Vessel A,5000,14.07,1779.3,0.356,1150.8,Rough,Green Fuel,3.41,51.03,173.84
Vessel B,7000,16.75,1891.3,0.27,2497.1,Calm,Fuel B,6.21,55.99,347.69
Vessel C,4000,13.49,2245.9,0.561,803.5,Rough,Green Fuel,2.48,45.83,113.74
Vessel D,9000,12.62,3890.6,0.432,2639.2,Calm,Green Fuel,8.71,33.96,295.76
Vessel A,5000,8.67,2329.2,0.466,756.7,Calm,Green Fuel,3.64,9.16,33.32
Vessel D,9000,21.6,6771.0,0.752,2461.4,Calm,Fuel A,4.75,165.08,783.96
Vessel A,5000,21.24,4381.3,0.876,2466.5,Moderate,Fuel B,4.84,143.11,692.52
Vessel B,7000,16.28,6332.3,0.905,2958.5,Moderate,Fuel B,7.57,91.8,695.16
Vessel D,9000,13.75,5416.3,0.602,2751.6,Rough,Fuel A,8.34,56.28,469.29
Vessel A,5000,11.0,2359.2,0.472,2456.5,Moderate,Fuel B,9.3,19.69,183.14
Vessel D,9000,13.33,6841.8,0.76,3662.7,Calm,Fuel B,11.45,37.39,427.93
Vessel B,7000,16.88,3236.5,0.462,304.2,Calm,Fuel B,0.75,66.23,49.73
Vessel C,4000,17.92,2544.0,0.636,364.2,Rough,Green Fuel,0.85,105.26,89.14
Vessel B,7000,8.46,6729.6,0.961,564.3,Moderate,Green Fuel,2.78,13.89,38.59
Vessel A,5000,17.19,4140.7,0.828,3666.4,Moderate,Fuel B,8.89,85.0,755.45
Vessel A,5000,20.08,3200.4,0.64,3123.5,Calm,Fuel A,6.48,114.92,744.87
Vessel C,4000,8.58,1607.9,0.402,2776.1,Rough,Fuel A,13.49,9.83,132.6
Vessel D,9000,16.94,8132.2,0.904,2810.2,Moderate,Fuel A,6.91,99.02,684.57
Vessel A,5000,14.03,4375.1,0.875,3175.3,Calm,Green Fuel,9.43,45.16,425.9
Vessel D,9000,13.09,4025.0,0.447,3585.1,Moderate,Green Fuel,11.41,38.44,438.8
Vessel B,7000,9.07,4478.3,0.64,2361.8,Moderate,Fuel B,10.85,12.96,140.73
Vessel B,7000,18.31,2272.4,0.325,1429.9,Calm,Fuel A,3.25,87.61,285.05
Vessel B,7000,19.48,6447.9,0.921,1895.3,Calm,Fuel A,4.05,140.13,567.98
Vessel C,4000,18.32,3132.3,0.783,2920.4,Calm,Green Fuel,6.64,90.44,600.79
Vessel D,9000,14.43,8743.3,0.971,598.5,Moderate,Fuel A,1.73,64.05,110.69
Vessel B,7000,14.39,1854.0,0.265,2959.7,Moderate,Fuel B,8.57,39.57,339.13
Vessel C,4000,19.85,2959.7,0.74,402.3,Calm,Fuel B,0.84,104.05,87.86
Vessel A,5000,16.54,4388.9,0.878,1179.9,Rough,Green Fuel,2.97,104.71,311.26
Vessel D,9000,17.87,1982.6,0.22,1029.2,Calm,Green Fuel,2.4,69.44,166.66
Vessel C,4000,16.82,2924.2,0.731,2703.8,Rough,Green Fuel,6.7,95.99,642.8
Vessel B,7000,15.03,5034.9,0.719,3336.4,Rough,Fuel A,9.25,88.48,818.59
Vessel C,4000,19.54,1681.2,0.42,589.8,Moderate,Green Fuel,1.26,111.29,139.97
Vessel C,4000,17.87,3172.6,0.793,2281.6,Rough,Fuel A,5.32,111.69,594.26
Vessel D,9000,10.15,6125.0,0.681,3018.1,Moderate,Fuel A,12.39,19.35,239.74
Vessel A,5000,8.1,1499.9,0.3,230.1,Rough,Green Fuel,1.18,8.72,10.32
Vessel B,7000,8.5,5209.2,0.744,1793.2,Calm,Green Fuel,8.79,10.76,94.58
Vessel B,7000,11.92,5093.6,0.728,1718.1,Moderate,Fuel B,6.0,29.71,178.43
Vessel A,5000,13.41,2861.3,0.572,341.6,Rough,Green Fuel,1.06,47.99,50.92
Vessel B,7000,10.75,1403.8,0.201,272.0,Calm,Green Fuel,1.05,15.54,16.38
Vessel A,5000,18.19,4518.3,0.904,2741.9,Rough,Fuel A,6.28,134.18,842.99
Vessel C,4000,17.78,2734.3,0.684,734.9,Moderate,Green Fuel,1.72,95.19,163.91
Vessel B,7000,16.65,2651.8,0.379,3797.1,Calm,Fuel A,9.5,59.48,565.19
Vessel D,9000,16.54,3127.0,0.347,3888.7,Moderate,Fuel A,9.79,66.46,650.98
Vessel B,7000,8.56,2966.9,0.424,2528.2,Calm,Fuel B,12.31,8.42,103.63
Vessel D,9000,20.95,1968.3,0.219,252.6,Moderate,Fuel B,0.5,126.21,63.41
Vessel C,4000,14.19,3046.0,0.762,1913.4,Moderate,Fuel A,5.62,44.95,252.48
Vessel C,4000,15.78,2481.5,0.62,1633.1,Rough,Fuel A,4.31,65.36,281.84
Vessel C,4000,15.09,3297.9,0.824,2358.0,Moderate,Fuel A,6.51,59.85,389.62
Vessel B,7000,16.67,2936.4,0.419,1594.6,Rough,Fuel A,3.99,82.48,328.69
Vessel C,4000,21.33,2053.0,0.513,3763.4,Rough,Fuel A,7.35,150.89,1109.07
Vessel B,7000,14.89,1813.6,0.259,1807.2,Moderate,Green Fuel,5.06,50.7,256.42
Vessel C,4000,11.84,3512.7,0.878,662.4,Moderate,Fuel A,2.33,29.7,69.25
Vessel A,5000,13.02,2891.1,0.578,1403.0,Rough,Fuel B,4.49,36.04,161.83
Vessel D,9000,14.43,2587.3,0.287,3169.0,Rough,Fuel A,9.15,56.05,512.96
Vessel A,5000,21.65,2249.1,0.45,2558.8,Moderate,Fuel A,4.92,142.68,702.52
Vessel D,9000,13.86,2898.5,0.322,3263.7,Moderate,Green Fuel,9.81,44.31,434.81
Vessel B,7000,10.71,3739.2,0.534,2142.5,Moderate,Green Fuel,8.34,21.65,180.53
Vessel C,4000,12.07,1534.5,0.384,681.8,Calm,Fuel B,2.35,21.32,50.18
Vessel A,5000,19.12,2183.6,0.437,667.8,Rough,Fuel B,1.46,117.96,171.63
Vessel B,7000,10.45,6555.1,0.936,376.4,Calm,Green Fuel,1.5,21.93,32.91
Vessel A,5000,12.95,3735.8,0.747,997.3,Calm,Fuel B,3.21,31.5,101.11
Vessel C,4000,17.33,2288.3,0.572,2724.3,Calm,Fuel A,6.55,69.54,455.58
Vessel B,7000,18.1,3277.2,0.468,2850.9,Calm,Fuel A,6.56,90.48,593.78
Vessel C,4000,16.63,3373.7,0.843,952.4,Calm,Green Fuel,2.39,81.05,193.42
Vessel B,7000,19.55,1927.2,0.275,2670.1,Moderate,Fuel B,5.69,101.67,578.52
Vessel A,5000,12.23,1657.7,0.332,3577.9,Moderate,Fuel B,12.19,23.23,283.17
Vessel D,9000,11.65,5133.4,0.57,3816.9,Rough,Fuel B,13.65,34.13,465.93
Vessel B,7000,8.49,1835.7,0.262,697.5,Calm,Fuel A,3.42,8.21,28.08
Vessel A,5000,10.38,1986.0,0.397,2464.2,Moderate,Fuel A,9.89,16.41,162.28
Vessel D,9000,12.73,4629.3,0.514,3345.3,Rough,Green Fuel,10.95,46.45,508.57
Vessel A,5000,19.79,3070.3,0.614,622.1,Moderate,Fuel A,1.31,128.8,168.71
Vessel B,7000,13.62,4529.5,0.647,1232.1,Calm,Green Fuel,3.77,43.4,163.56
Vessel A,5000,8.95,2348.8,0.47,2884.3,Moderate,Fuel A,13.43,9.14,122.75
Vessel D,9000,11.78,4482.3,0.498,3920.8,Moderate,Fuel A,13.87,28.39,393.78
Vessel D,9000,14.64,7990.6,0.888,711.1,Calm,Fuel B,2.02,54.46,110.22
Vessel B,7000,9.55,6103.9,0.872,492.9,Moderate,Fuel A,2.15,15.33,32.97
Vessel D,9000,18.22,7315.1,0.813,237.0,Rough,Fuel B,0.54,141.65,76.75
Vessel A,5000,21.59,3262.6,0.653,3336.3,Calm,Fuel B,6.44,144.48,930.44
Vessel C,4000,20.33,1437.3,0.359,3580.1,Calm,Fuel A,7.34,89.68,657.93
Vessel D,9000,16.28,6838.5,0.76,3001.9,Moderate,Fuel B,7.68,81.77,628.13
Vessel B,7000,20.3,1522.1,0.217,2153.1,Calm,Fuel B,4.42,88.33,390.36
Vessel B,7000,9.41,6136.0,0.877,2711.1,Moderate,Fuel A,12.0,16.86,202.37
Vessel A,5000,18.25,2513.8,0.503,2468.8,Calm,Green Fuel,5.64,89.68,505.37
Vessel D,9000,11.53,2526.9,0.281,3661.8,Rough,Fuel A,13.23,26.95,356.65
Vessel A,5000,18.6,1265.8,0.253,2796.3,Calm,Fuel B,6.27,62.56,391.97
Vessel A,5000,9.26,4032.7,0.807,3101.0,Moderate,Fuel A,13.95,12.4,172.97
Vessel B,7000,10.13,6231.2,0.89,2871.3,Moderate,Fuel B,11.81,17.71,209.08
Vessel C,4000,12.68,886.8,0.222,2036.3,Rough,Fuel A,6.69,28.33,189.61
Vessel C,4000,19.95,1013.3,0.253,604.4,Calm,Fuel B,1.26,84.76,106.99
Vessel D,9000,11.04,5811.7,0.646,3875.0,Calm,Green Fuel,14.63,23.07,337.48
Vessel A,5000,17.43,4665.0,0.933,1445.2,Rough,Fuel A,3.45,110.75,382.64
Vessel C,4000,18.84,3695.5,0.924,340.2,Moderate,Green Fuel,0.75,131.9,99.27
Vessel A,5000,13.84,2850.6,0.57,467.0,Moderate,Fuel A,1.41,38.87,54.66
Vessel C,4000,13.17,2552.8,0.638,3807.6,Calm,Green Fuel,12.05,35.67,429.74
Vessel B,7000,15.85,5900.0,0.843,3354.5,Moderate,Fuel A,8.82,79.52,701.35
Vessel A,5000,11.1,2543.7,0.509,1165.1,Moderate,Green Fuel,4.37,22.28,97.48
Vessel D,9000,9.73,3655.4,0.406,3018.5,Rough,Fuel B,12.93,17.71,228.95
Vessel D,9000,20.1,7197.2,0.8,2531.4,Calm,Green Fuel,5.25,164.76,864.38
Vessel D,9000,14.5,2234.1,0.248,3930.3,Calm,Green Fuel,11.3,44.37,501.22
Vessel D,9000,17.06,5834.7,0.648,2099.3,Moderate,Fuel B,5.13,91.02,466.56
Vessel D,9000,21.68,8966.5,0.996,710.2,Moderate,Green Fuel,1.37,258.83,353.38
Vessel D,9000,20.03,8346.1,0.927,2792.3,Rough,Fuel A,5.81,196.28,1139.91
Vessel B,7000,11.26,4078.3,0.583,1278.3,Moderate,Fuel B,4.73,21.22,100.39
Vessel B,7000,17.26,5803.3,0.829,2112.0,Moderate,Fuel B,5.1,92.49,471.55
Vessel B,7000,17.71,5160.5,0.737,1287.6,Moderate,Fuel B,3.03,94.5,286.3
Vessel B,7000,9.69,3946.4,0.564,2733.9,Moderate,Green Fuel,11.76,15.63,183.84
Vessel D,9000,16.78,2302.8,0.256,3243.7,Calm,Fuel A,8.06,61.83,498.14
Vessel A,5000,19.18,3172.7,0.635,3033.4,Rough,Fuel B,6.59,130.96,862.82
Vessel C,4000,12.28,1654.5,0.414,2849.3,Rough,Green Fuel,9.67,30.94,299.23
Vessel A,5000,15.33,2770.0,0.554,973.1,Moderate,Fuel B,2.64,53.54,141.59
Vessel C,4000,14.9,1998.9,0.5,222.3,Calm,Fuel A,0.62,42.14,26.18
Vessel B,7000,16.1,1729.3,0.247,3157.3,Moderate,Fuel A,8.17,53.52,437.34
Vessel C,4000,14.32,3675.1,0.919,3668.3,Calm,Fuel B,10.67,43.05,459.51
Vessel C,4000,10.82,2651.2,0.663,1745.7,Calm,Green Fuel,6.72,19.57,131.57
Vessel D,9000,13.7,2221.4,0.247,1246.1,Moderate,Green Fuel,3.79,39.23,148.71
Vessel C,4000,16.58,3743.6,0.936,800.0,Calm,Fuel B,2.01,66.14,132.99
Vessel A,5000,14.5,4164.7,0.833,2021.8,Calm,Fuel B,5.81,48.57,282.19
Vessel A,5000,15.22,4862.3,0.972,735.0,Calm,Fuel B,2.01,60.86,122.45
Vessel B,7000,8.19,3218.3,0.46,3486.0,Calm,Green Fuel,17.74,8.81,156.3
Vessel C,4000,8.86,2184.7,0.546,3734.5,Calm,Fuel B,17.57,9.62,168.91
Vessel C,4000,13.54,2388.1,0.597,3390.5,Calm,Fuel A,10.43,31.5,328.61
Vessel D,9000,9.14,8742.6,0.971,1729.2,Calm,Green Fuel,7.88,15.98,125.93
Vessel D,9000,18.93,2031.8,0.226,1098.8,Moderate,Fuel A,2.42,79.3,191.82
Vessel B,7000,19.72,3568.8,0.51,2433.0,Moderate,Fuel B,5.14,110.77,569.59
Vessel A,5000,9.47,2805.6,0.561,852.0,Calm,Green Fuel,3.75,11.49,43.08
Vessel A,5000,9.53,4529.8,0.906,1014.5,Moderate,Fuel B,4.44,15.03,66.66
Vessel B,7000,20.56,5781.2,0.826,1703.0,Moderate,Green Fuel,3.45,175.35,605.17
Vessel A,5000,14.9,4458.6,0.892,514.4,Calm,Fuel B,1.44,55.25,79.46
Vessel A,5000,8.24,1589.7,0.318,2952.4,Calm,Fuel A,14.93,6.73,100.44
Vessel C,4000,14.99,1593.8,0.398,3446.2,Calm,Fuel A,9.58,40.47,387.8
Vessel B,7000,18.22,3716.9,0.531,3613.6,Calm,Green Fuel,8.26,97.8,807.96
Vessel D,9000,11.78,7789.1,0.865,1659.1,Calm,Green Fuel,5.87,30.28,177.74
Vessel B,7000,17.29,3147.6,0.45,3861.7,Moderate,Fuel B,9.3,76.39,710.77
Vessel C,4000,20.38,1883.7,0.471,3970.8,Moderate,Green Fuel,8.12,124.65,1011.79
Vessel C,4000,21.68,1024.7,0.256,2527.2,Moderate,Fuel B,4.86,110.57,537.0
Vessel A,5000,10.02,3897.6,0.78,3849.2,Calm,Green Fuel,16.01,16.31,261.24
Vessel D,9000,14.82,8433.2,0.937,3261.3,Moderate,Fuel A,9.17,65.81,603.45
Vessel A,5000,10.64,2022.6,0.405,1558.3,Moderate,Green Fuel,6.1,16.24,99.13
Vessel D,9000,10.31,7203.1,0.8,423.7,Moderate,Fuel B,1.71,19.37,33.19
Vessel A,5000,20.05,3496.7,0.699,805.7,Rough,Fuel B,1.67,158.52,265.41
Vessel A,5000,12.57,3020.7,0.604,1737.0,Rough,Fuel B,5.76,35.75,205.79
Vessel C,4000,20.57,3156.3,0.789,3403.5,Calm,Green Fuel,6.9,148.47,1023.73
Vessel B,7000,21.3,5185.0,0.741,406.0,Rough,Fuel A,0.79,202.43,160.74
Vessel D,9000,8.35,8682.0,0.965,588.4,Calm,Green Fuel,2.94,11.76,34.53
Vessel A,5000,12.31,2548.4,0.51,3653.9,Calm,Fuel A,12.37,23.98,296.54
Vessel D,9000,13.66,8336.2,0.926,715.3,Moderate,Fuel B,2.18,55.31,120.7
Vessel D,9000,12.71,5922.7,0.658,3177.1,Calm,Fuel A,10.42,33.35,347.39
Vessel C,4000,19.88,2516.5,0.629,3868.5,Moderate,Fuel B,8.11,113.77,922.53
Vessel C,4000,9.62,1801.1,0.45,2611.0,Moderate,Fuel B,11.31,10.7,121.0
Vessel A,5000,13.21,1171.3,0.234,719.6,Moderate,Fuel B,2.27,26.98,61.25
Vessel A,5000,9.03,1447.2,0.289,3507.7,Rough,Fuel A,16.18,11.39,184.35
Vessel B,7000,18.62,4766.5,0.681,829.3,Rough,Fuel B,1.86,123.25,228.77
Vessel A,5000,8.13,1787.0,0.357,2539.5,Calm,Green Fuel,13.02,7.6,98.87
Vessel A,5000,17.12,1675.9,0.335,3393.2,Moderate,Fuel B,8.26,64.36,531.51
Vessel D,9000,12.24,6950.5,0.772,865.0,Moderate,Green Fuel,2.94,37.39,110.12
Vessel B,7000,17.25,5187.7,0.741,3917.2,Calm,Fuel B,9.46,83.01,785.32
Vessel D,9000,9.85,8820.4,0.98,3058.4,Calm,Fuel A,12.94,17.09,221.18
Vessel D,9000,19.39,3366.3,0.374,3215.0,Calm,Fuel B,6.91,113.48,783.77
Vessel C,4000,11.44,1297.6,0.324,3545.7,Calm,Fuel B,12.91,17.5,226.04
Vessel C,4000,14.34,1195.5,0.299,1764.8,Moderate,Green Fuel,5.13,39.92,204.74
Vessel A,5000,13.24,1533.3,0.307,1540.1,Moderate,Green Fuel,4.85,28.31,137.19
Vessel C,4000,19.57,1619.0,0.405,1205.5,Calm,Fuel A,2.57,79.2,203.33
Vessel B,7000,12.07,4716.8,0.674,3662.1,Moderate,Fuel B,12.64,26.87,339.61
Vessel D,9000,16.77,4923.2,0.547,830.6,Calm,Fuel B,2.06,72.25,149.13
Vessel C,4000,20.36,1276.1,0.319,2935.9,Rough,Fuel A,6.01,121.32,728.77
Vessel B,7000,14.48,5422.2,0.775,2188.0,Moderate,Fuel B,6.3,56.45,355.39
Vessel B,7000,12.47,6768.7,0.967,3126.7,Moderate,Fuel A,10.44,34.41,359.43
Vessel B,7000,13.09,1579.8,0.226,2203.0,Moderate,Fuel B,7.01,32.12,225.15
Vessel C,4000,17.39,2040.3,0.51,786.0,Calm,Fuel A,1.88,63.58,119.72
Vessel D,9000,15.26,6280.7,0.698,2189.1,Moderate,Fuel B,5.98,71.91,429.73
Vessel D,9000,20.39,5414.2,0.602,803.1,Moderate,Fuel A,1.64,146.98,241.26
Vessel B,7000,10.74,6626.1,0.947,3920.7,Calm,Fuel A,15.22,23.64,359.64
Vessel B,7000,20.1,6969.8,0.996,2259.0,Calm,Fuel B,4.68,157.87,739.28
Vessel A,5000,18.26,3138.4,0.628,1099.8,Calm,Green Fuel,2.51,94.99,238.35
Vessel B,7000,8.27,2728.9,0.39,2032.9,Moderate,Fuel B,10.24,8.4,86.0
Vessel C,4000,15.75,3025.7,0.756,2837.5,Calm,Green Fuel,7.51,64.98,487.94
Vessel A,5000,12.22,1852.2,0.37,2885.8,Calm,Green Fuel,9.84,24.69,242.8
Vessel C,4000,11.96,2887.1,0.722,3213.6,Moderate,Fuel A,11.19,27.16,304.0
Vessel A,5000,13.85,3851.2,0.77,741.0,Calm,Fuel A,2.23,39.25,87.48
Vessel C,4000,16.16,3719.0,0.93,2988.5,Calm,Green Fuel,7.71,73.05,563.06
Vessel B,7000,11.13,2630.4,0.376,2224.9,Calm,Fuel A,8.33,18.53,154.28
Vessel C,4000,13.42,967.1,0.242,440.2,Moderate,Fuel A,1.37,28.3,38.66
Vessel B,7000,8.81,1735.1,0.248,1364.9,Calm,Fuel A,6.45,7.51,48.46
Vessel D,9000,16.14,3868.7,0.43,2562.9,Moderate,Green Fuel,6.62,74.53,493.14
Vessel D,9000,11.82,3299.8,0.367,2857.0,Calm,Green Fuel,10.07,25.61,257.98
Vessel D,9000,18.02,6449.2,0.717,2605.6,Rough,Green Fuel,6.02,152.72,919.99
Vessel C,4000,13.85,1460.7,0.365,3726.6,Calm,Fuel B,11.21,27.16,304.4
Vessel A,5000,17.55,4602.5,0.92,1131.4,Calm,Fuel B,2.69,92.54,248.61
Vessel A,5000,18.47,2179.4,0.436,672.4,Moderate,Fuel B,1.52,81.44,123.5
Vessel A,5000,11.28,2107.5,0.422,2718.2,Calm,Green Fuel,10.04,20.5,205.86
Vessel B,7000,18.08,4119.2,0.588,3334.1,Calm,Green Fuel,7.68,93.99,722.09
Vessel C,4000,8.43,2869.1,0.717,3828.4,Moderate,Fuel B,18.93,9.3,176.08
Vessel D,9000,19.94,1997.9,0.222,3954.4,Calm,Fuel A,8.26,106.98,884.11
Vessel C,4000,16.68,2092.0,0.523,1672.1,Calm,Fuel B,4.18,61.6,257.25
Vessel C,4000,8.19,1930.8,0.483,1374.8,Calm,Green Fuel,6.99,7.67,53.59
Vessel B,7000,10.28,5769.3,0.824,2860.6,Moderate,Fuel A,11.59,22.4,259.66
Vessel D,9000,20.32,7731.6,0.859,3521.4,Calm,Green Fuel,7.22,172.09,1242.41
Vessel C,4000,19.63,3559.8,0.89,957.9,Moderate,Fuel B,2.03,113.33,230.41
Vessel A,5000,10.79,1044.6,0.209,492.5,Calm,Fuel B,1.9,13.1,24.91
Vessel A,5000,16.99,2645.9,0.529,2494.2,Calm,Fuel A,6.12,65.98,403.7
Vessel D,9000,12.5,1808.9,0.201,2155.2,Calm,Fuel A,7.19,26.59,191.07
Vessel A,5000,14.09,4310.0,0.862,3722.9,Moderate,Fuel B,11.01,51.13,563.02
Vessel C,4000,9.29,2876.5,0.719,1949.8,Moderate,Green Fuel,8.74,13.93,121.74
Vessel C,4000,16.41,3141.2,0.785,1225.5,Calm,Fuel B,3.11,59.61,185.52
Vessel B,7000,9.38,5267.6,0.753,3231.8,Rough,Fuel A,14.36,17.74,254.81
Vessel C,4000,19.66,3042.1,0.761,1208.8,Calm,Green Fuel,2.56,119.43,305.89
Vessel D,9000,12.4,4115.9,0.457,274.7,Calm,Fuel A,0.92,27.83,25.68
Vessel B,7000,19.35,2785.6,0.398,1782.5,Rough,Fuel A,3.84,121.25,465.38
Vessel A,5000,19.9,2322.8,0.465,2541.2,Calm,Fuel A,5.32,108.52,577.3
Vessel C,4000,14.25,3603.3,0.901,3141.6,Calm,Green Fuel,9.19,47.56,436.95
Vessel A,5000,18.78,3113.2,0.623,3645.9,Moderate,Fuel A,8.09,102.62,830.07
Vessel C,4000,10.7,2474.8,0.619,2792.9,Calm,Fuel B,10.87,16.09,174.96
Vessel C,4000,13.83,1767.8,0.442,2825.1,Calm,Fuel A,8.51,31.22,265.69
Vessel C,4000,17.67,1092.2,0.273,2636.4,Rough,Green Fuel,6.22,96.8,601.92
Vessel A,5000,8.99,2718.3,0.544,2840.1,Calm,Fuel B,13.16,9.43,124.15
Vessel A,5000,19.57,1988.2,0.398,3252.6,Calm,Fuel A,6.92,87.31,604.57
Vessel B,7000,9.58,6328.9,0.904,3731.4,Calm,Fuel A,16.22,17.47,283.38
Vessel D,9000,17.15,2571.8,0.286,3475.1,Moderate,Green Fuel,8.44,75.56,638.01
Vessel B,7000,10.66,6701.3,0.957,3187.6,Moderate,Fuel A,12.46,24.3,302.87
Vessel C,4000,20.6,1376.5,0.344,552.0,Calm,Fuel A,1.12,110.19,123.02
Vessel D,9000,19.38,3973.9,0.442,596.3,Calm,Green Fuel,1.28,117.84,151.09
Vessel B,7000,19.46,6962.9,0.995,1928.4,Rough,Green Fuel,4.13,189.04,780.61
Vessel B,7000,21.69,1780.7,0.254,1376.8,Calm,Fuel B,2.64,124.69,329.76
Vessel D,9000,9.14,8354.4,0.928,2364.4,Calm,Fuel B,10.78,13.63,146.89
Vessel D,9000,15.97,6618.1,0.735,631.6,Moderate,Fuel B,1.65,82.17,135.4
Vessel D,9000,17.64,7923.1,0.88,3130.8,Moderate,Green Fuel,7.4,124.78,922.74
Vessel C,4000,14.59,1399.1,0.35,2491.9,Moderate,Fuel A,7.12,41.36,294.32
Vessel D,9000,19.35,8361.4,0.929,2739.2,Calm,Fuel B,5.9,134.35,792.42
Vessel B,7000,17.88,3610.7,0.516,2711.9,Calm,Green Fuel,6.32,97.02,613.17
Vessel B,7000,11.8,4182.4,0.597,669.4,Calm,Fuel A,2.36,24.82,58.65
Vessel D,9000,18.87,3951.8,0.439,1815.6,Moderate,Green Fuel,4.01,112.63,451.44
Vessel D,9000,15.39,6983.6,0.776,307.0,Rough,Green Fuel,0.83,85.79,71.31
Vessel D,9000,14.81,5671.5,0.63,2209.2,Moderate,Fuel B,6.22,56.67,352.24
Vessel D,9000,11.5,6237.9,0.693,1461.1,Moderate,Green Fuel,5.3,33.58,177.87
Vessel D,9000,13.33,7501.2,0.833,1736.2,Calm,Fuel B,5.43,43.46,235.86
Vessel B,7000,15.93,6024.2,0.861,2386.4,Moderate,Fuel B,6.24,72.73,454.03
Vessel D,9000,20.78,6104.0,0.678,331.1,Rough,Green Fuel,0.66,201.76,133.93
Vessel D,9000,11.1,8529.3,0.948,2857.0,Calm,Fuel B,10.72,24.97,267.72
Vessel D,9000,15.31,8379.3,0.931,1589.3,Calm,Fuel B,4.33,57.87,250.3
Vessel A,5000,9.89,4569.1,0.914,1295.6,Moderate,Fuel A,5.46,19.27,105.22
Vessel C,4000,14.02,3957.6,0.989,1562.2,Moderate,Fuel B,4.64,46.38,215.42
Vessel A,5000,11.94,4203.5,0.841,1434.2,Calm,Fuel A,5.01,28.1,140.7
Vessel D,9000,16.63,8262.2,0.918,2850.5,Rough,Fuel B,7.14,109.63,782.76
Vessel C,4000,20.18,3644.2,0.911,3788.7,Calm,Fuel A,7.82,139.19,1088.58
Vessel C,4000,21.91,2224.0,0.556,834.5,Moderate,Fuel A,1.59,143.46,227.66
Vessel A,5000,14.21,4258.5,0.852,2404.9,Calm,Fuel B,7.05,41.95,295.78
Vessel C,4000,10.71,3205.6,0.801,1428.0,Moderate,Fuel B,5.55,20.7,114.97
Vessel C,4000,15.06,862.8,0.216,363.0,Moderate,Fuel B,1.0,38.18,38.35
Vessel C,4000,10.56,3391.2,0.848,3821.9,Rough,Green Fuel,15.08,24.11,363.51
Vessel A,5000,15.16,4515.9,0.903,1439.2,Moderate,Fuel A,3.96,65.34,258.51
Vessel C,4000,15.71,3518.9,0.88,2361.3,Rough,Fuel A,6.26,71.73,449.14
Vessel D,9000,19.77,6687.4,0.743,631.2,Calm,Fuel B,1.33,129.34,172.1
Vessel B,7000,15.62,2935.4,0.419,2383.3,Calm,Fuel A,6.36,54.74,348.12
Vessel B,7000,9.97,4395.2,0.628,230.0,Calm,Fuel A,0.96,17.01,16.36
Vessel C,4000,11.25,897.4,0.224,746.5,Rough,Fuel B,2.76,20.22,55.88
Vessel B,7000,21.27,4563.9,0.652,2319.6,Calm,Fuel A,4.54,157.29,714.84
Vessel B,7000,13.97,6132.3,0.876,1515.0,Moderate,Fuel B,4.52,52.44,237.01
Vessel D,9000,14.02,1847.4,0.205,1573.5,Rough,Green Fuel,4.68,52.13,243.72
Vessel A,5000,14.68,4988.1,0.998,3901.1,Moderate,Fuel A,11.07,56.93,630.25
Vessel B,7000,11.31,1991.1,0.284,1838.4,Calm,Green Fuel,6.77,18.38,124.48
Vessel D,9000,9.48,8831.1,0.981,304.9,Rough,Fuel B,1.34,20.84,27.92
Vessel A,5000,21.35,1854.8,0.371,2968.0,Moderate,Fuel A,5.79,123.06,712.91
Vessel C,4000,18.28,3755.2,0.939,2097.8,Moderate,Fuel A,4.78,105.26,503.34
Vessel C,4000,8.15,3221.4,0.805,308.8,Rough,Fuel A,1.58,9.8,15.49
Vessel D,9000,9.99,8634.5,0.959,1388.4,Rough,Fuel A,5.79,24.18,139.99
Vessel A,5000,19.78,1934.7,0.387,461.5,Calm,Green Fuel,0.97,104.1,101.18
Vessel C,4000,13.71,3298.0,0.824,612.9,Moderate,Green Fuel,1.86,48.02,89.43
Vessel D,9000,9.35,5239.2,0.582,2173.1,Rough,Green Fuel,9.69,19.28,186.75
Vessel B,7000,11.58,3456.2,0.494,2162.1,Rough,Fuel B,7.78,25.13,195.54
Vessel C,4000,20.32,3632.2,0.908,1209.4,Moderate,Fuel A,2.48,142.57,353.54
Vessel A,5000,10.74,1230.5,0.246,1833.5,Moderate,Green Fuel,7.11,17.0,120.9
Vessel A,5000,11.75,4439.5,0.888,1113.4,Calm,Green Fuel,3.95,31.49,124.39
Vessel D,9000,9.43,2117.0,0.235,1952.0,Moderate,Fuel A,8.62,13.21,113.9
Vessel C,4000,8.45,3426.2,0.857,642.9,Moderate,Fuel B,3.17,9.38,29.71
Vessel C,4000,15.26,837.4,0.209,3974.0,Moderate,Fuel B,10.85,42.43,460.55
Vessel A,5000,20.97,1390.4,0.278,786.6,Rough,Green Fuel,1.56,144.44,225.71
Vessel B,7000,21.95,6436.0,0.919,1929.0,Calm,Fuel B,3.66,181.19,663.4
Vessel C,4000,14.47,2473.8,0.618,955.3,Calm,Green Fuel,2.75,42.4,116.66
Vessel A,5000,12.44,4885.6,0.977,1287.8,Calm,Green Fuel,4.31,38.54,166.21
Vessel D,9000,19.4,3227.6,0.359,558.8,Moderate,Fuel A,1.2,114.62,137.6
Vessel C,4000,12.91,1145.8,0.286,1542.9,Calm,Fuel B,4.98,26.03,129.57
Vessel B,7000,15.88,3484.4,0.498,589.6,Calm,Green Fuel,1.55,60.96,94.31
Vessel A,5000,20.45,3113.1,0.623,2297.8,Moderate,Fuel A,4.68,141.93,664.56
Vessel D,9000,16.94,6330.5,0.703,1483.1,Moderate,Fuel A,3.65,96.62,352.44
Vessel D,9000,13.64,7170.0,0.797,1758.1,Calm,Green Fuel,5.37,51.44,276.19
Vessel C,4000,13.65,3371.6,0.843,2461.1,Moderate,Fuel A,7.51,37.51,281.82
Vessel B,7000,8.06,5168.4,0.738,1144.2,Moderate,Fuel A,5.91,10.16,60.11
Vessel B,7000,20.09,6563.8,0.938,1961.3,Moderate,Fuel B,4.07,161.48,657.0
Vessel B,7000,9.45,3315.4,0.474,2741.9,Calm,Fuel A,12.09,13.43,162.3
Vessel A,5000,15.02,1746.4,0.349,2275.2,Calm,Fuel A,6.31,42.52,268.41
Vessel D,9000,13.63,1953.8,0.217,401.6,Moderate,Green Fuel,1.23,40.96,50.27
Vessel D,9000,16.99,4670.6,0.519,919.7,Calm,Green Fuel,2.26,87.13,196.59
Vessel C,4000,17.16,2504.7,0.626,3137.2,Calm,Green Fuel,7.62,67.4,513.52
Vessel A,5000,11.48,1767.4,0.353,1280.3,Calm,Green Fuel,4.65,21.84,101.52
Vessel C,4000,14.69,998.0,0.25,2066.3,Moderate,Green Fuel,5.86,42.05,246.5
Vessel C,4000,11.11,1864.1,0.466,826.0,Calm,Fuel B,3.1,15.81,48.98
Vessel C,4000,21.73,3971.8,0.993,3844.4,Calm,Green Fuel,7.37,184.7,1361.22
Vessel D,9000,17.4,7009.5,0.779,1489.6,Calm,Fuel B,3.57,86.41,308.3
Vessel D,9000,16.13,5308.9,0.59,530.6,Moderate,Green Fuel,1.37,77.88,106.76
Vessel D,9000,19.1,4515.7,0.502,1865.6,Calm,Green Fuel,4.07,104.66,425.89
Vessel C,4000,20.98,2936.2,0.734,359.4,Moderate,Fuel B,0.71,144.6,103.23
Vessel C,4000,20.8,1688.6,0.422,3900.3,Moderate,Fuel B,7.81,107.24,837.82
Vessel D,9000,9.36,4820.2,0.536,2404.3,Moderate,Fuel B,10.7,14.45,154.64
Vessel D,9000,19.73,5354.1,0.595,2649.3,Calm,Green Fuel,5.6,129.31,723.58
Vessel A,5000,8.54,2955.6,0.591,1176.3,Calm,Fuel A,5.74,9.3,53.36
Vessel B,7000,15.59,3375.9,0.482,592.5,Rough,Fuel B,1.58,58.83,93.17
Vessel C,4000,12.6,3990.8,0.998,2637.8,Calm,Green Fuel,8.72,32.91,286.97
Vessel D,9000,21.13,4033.0,0.448,2067.8,Calm,Fuel A,4.08,133.12,542.72
Vessel C,4000,12.37,2190.1,0.548,1161.9,Moderate,Fuel A,3.91,29.07,113.78
Vessel C,4000,8.43,2740.7,0.685,1982.7,Calm,Fuel A,9.8,7.31,71.69
Vessel A,5000,20.58,1871.2,0.374,1012.4,Moderate,Fuel B,2.05,109.58,224.63
Vessel D,9000,9.51,5461.3,0.607,3445.9,Moderate,Fuel A,15.1,15.14,228.57
Vessel B,7000,14.51,5028.2,0.718,3366.9,Moderate,Fuel A,9.67,58.98,570.27
Vessel A,5000,21.51,1607.2,0.321,1756.8,Calm,Fuel B,3.4,113.79,387.16
Vessel D,9000,13.9,6203.3,0.689,437.3,Moderate,Fuel A,1.31,46.22,60.58
Vessel A,5000,13.49,3964.0,0.793,783.1,Calm,Fuel B,2.42,37.06,89.63
Vessel D,9000,11.78,2232.1,0.248,655.9,Moderate,Fuel A,2.32,22.14,51.38
Vessel B,7000,21.26,6143.7,0.878,2083.0,Moderate,Green Fuel,4.08,210.23,858.43
Vessel C,4000,18.93,3769.7,0.942,1730.6,Calm,Green Fuel,3.81,115.93,441.6
Vessel C,4000,15.22,2941.7,0.735,3708.2,Moderate,Fuel A,10.15,56.14,569.76
Vessel A,5000,15.38,2307.2,0.461,3919.1,Moderate,Fuel B,10.62,52.33,555.61
Vessel A,5000,13.13,1436.9,0.287,2842.2,Calm,Fuel B,9.02,19.91,179.55
Vessel D,9000,15.04,3144.1,0.349,549.3,Moderate,Fuel B,1.52,49.24,74.94
Vessel D,9000,20.0,6023.8,0.669,2370.5,Moderate,Fuel B,4.94,153.47,757.86
Vessel C,4000,10.08,2636.8,0.659,406.7,Calm,Fuel B,1.68,13.44,22.61
Vessel A,5000,16.43,1128.4,0.226,1594.8,Calm,Fuel A,4.04,50.06,202.47
Vessel C,4000,21.75,3473.3,0.868,1047.3,Moderate,Green Fuel,2.01,192.13,385.57
Vessel D,9000,13.41,7084.0,0.787,1868.5,Moderate,Fuel B,5.81,45.16,262.17
Vessel C,4000,19.49,2757.1,0.689,1083.2,Calm,Fuel B,2.32,88.94,205.99
Vessel C,4000,17.1,3999.9,1.0,2659.1,Moderate,Fuel B,6.48,97.24,630.13
Vessel D,9000,19.68,5561.3,0.618,1145.8,Rough,Fuel A,2.43,158.39,384.22
Vessel C,4000,9.09,3038.7,0.76,963.7,Rough,Green Fuel,4.42,16.78,74.14
Vessel A,5000,12.83,4419.6,0.884,3096.0,Rough,Fuel B,10.05,45.48,457.28
Vessel C,4000,14.47,2537.2,0.634,1249.3,Rough,Green Fuel,3.6,58.08,208.89
Vessel B,7000,9.63,5492.9,0.785,3578.1,Calm,Green Fuel,15.48,16.75,259.25
Vessel D,9000,14.73,7609.8,0.846,492.4,Moderate,Green Fuel,1.39,70.84,98.69
Vessel A,5000,11.14,3416.9,0.683,3809.7,Moderate,Fuel A,14.25,23.12,329.43
Vessel A,5000,9.88,4348.0,0.87,3348.8,Moderate,Fuel A,14.12,18.28,258.23
Vessel A,5000,20.15,4355.5,0.871,1824.4,Calm,Fuel B,3.77,131.34,495.37
Vessel B,7000,16.83,1728.5,0.247,2442.1,Calm,Fuel A,6.05,65.74,397.52
Vessel D,9000,9.63,1903.7,0.212,3338.4,Rough,Fuel A,14.44,15.81,228.33
Vessel C,4000,21.5,2509.2,0.627,3428.8,Moderate,Green Fuel,6.64,161.88,1075.58
Vessel D,9000,13.11,7676.0,0.853,2402.5,Calm,Green Fuel,7.64,49.39,377.26
Vessel B,7000,8.8,1525.6,0.218,3945.9,Calm,Green Fuel,18.68,10.97,204.81
Vessel C,4000,19.29,1118.4,0.28,1779.2,Moderate,Fuel B,3.84,84.53,324.84
Vessel A,5000,17.9,4895.5,0.979,1884.5,Calm,Fuel B,4.39,91.44,401.03
Vessel C,4000,15.95,2996.0,0.749,476.5,Calm,Fuel B,1.24,53.08,66.07
Vessel C,4000,9.87,1465.7,0.366,326.7,Rough,Fuel B,1.38,14.56,20.08
Vessel C,4000,10.88,2542.3,0.636,1947.3,Calm,Fuel A,7.46,19.23,143.4
Vessel B,7000,18.58,5970.3,0.853,2796.7,Calm,Fuel A,6.27,111.35,698.35
Vessel B,7000,17.88,6843.8,0.978,3754.5,Calm,Fuel B,8.75,96.51,844.44
Vessel B,7000,14.03,3028.4,0.433,3243.6,Rough,Green Fuel,9.63,57.24,551.44
Vessel D,9000,12.94,7249.9,0.806,2234.3,Moderate,Green Fuel,7.19,46.01,330.87
Vessel D,9000,10.98,4331.5,0.481,265.1,Calm,Fuel B,1.01,17.06,17.16
Vessel C,4000,13.15,2418.5,0.605,930.7,Moderate,Green Fuel,2.95,38.21,112.68
Vessel C,4000,14.1,3196.1,0.799,644.9,Calm,Green Fuel,1.91,40.22,76.66
Vessel A,5000,15.21,4055.6,0.811,1128.2,Calm,Fuel A,3.09,56.85,175.66
Vessel A,5000,10.23,4863.8,0.973,1023.1,Moderate,Fuel A,4.17,20.04,83.56
Vessel D,9000,20.25,2261.0,0.251,2316.3,Rough,Green Fuel,4.77,157.5,750.81
Vessel A,5000,11.78,4939.2,0.988,615.3,Calm,Fuel B,2.18,28.06,61.09
Vessel C,4000,18.14,3338.1,0.835,3063.9,Calm,Fuel B,7.04,83.58,588.11
Vessel B,7000,21.38,3692.1,0.527,1823.6,Calm,Fuel A,3.55,149.32,530.64
Vessel D,9000,20.87,4369.8,0.486,3794.7,Moderate,Fuel B,7.57,138.73,1050.78
Vessel B,7000,17.03,2641.3,0.377,610.7,Calm,Fuel A,1.49,68.32,102.07
Vessel A,5000,13.04,4127.9,0.826,2347.6,Moderate,Fuel B,7.5,33.87,254.08
Vessel A,5000,15.9,4569.2,0.914,503.6,Rough,Fuel A,1.32,74.96,98.93
Vessel A,5000,19.55,4363.8,0.873,2631.3,Moderate,Fuel A,5.61,126.21,707.67
Vessel B,7000,12.82,5425.6,0.775,1089.8,Calm,Fuel A,3.54,31.02,109.92
Vessel C,4000,10.01,1188.4,0.297,1038.4,Calm,Fuel A,4.32,11.71,50.63
Vessel D,9000,15.88,7322.3,0.814,2678.1,Calm,Green Fuel,7.03,79.78,560.64
Vessel A,5000,20.31,2341.1,0.468,3344.1,Moderate,Fuel B,6.86,126.43,867.54
Vessel D,9000,8.96,6027.7,0.67,1093.3,Moderate,Fuel A,5.09,13.97,71.03
Vessel B,7000,16.12,4844.1,0.692,3594.5,Rough,Fuel B,9.29,94.45,877.76
Vessel A,5000,14.17,2591.4,0.518,417.5,Calm,Fuel B,1.23,39.22,48.15
Vessel D,9000,15.67,7371.3,0.819,1780.0,Calm,Fuel B,4.73,57.22,270.87
Vessel B,7000,21.79,6306.7,0.901,692.2,Moderate,Fuel A,1.32,210.12,278.15
Vessel C,4000,10.35,3638.0,0.909,1713.7,Moderate,Fuel A,6.9,20.66,142.53
Vessel C,4000,14.18,3381.8,0.845,252.4,Calm,Fuel A,0.74,42.04,31.18
Vessel C,4000,10.07,1712.4,0.428,2633.1,Rough,Green Fuel,10.9,18.1,197.24
Vessel A,5000,15.67,1873.1,0.375,976.1,Calm,Green Fuel,2.6,45.1,117.09
Vessel A,5000,20.15,3694.9,0.739,3365.6,Calm,Fuel B,6.96,127.59,887.96
Vessel C,4000,21.2,2952.8,0.738,1949.6,Moderate,Green Fuel,3.83,168.17,644.34
Vessel C,4000,8.87,2764.2,0.691,3386.1,Moderate,Fuel B,15.91,10.64,169.36
Vessel B,7000,19.18,5605.7,0.801,1544.7,Moderate,Green Fuel,3.36,142.04,476.57
Vessel C,4000,11.02,2961.0,0.74,2041.9,Moderate,Fuel A,7.72,19.58,151.15
Vessel D,9000,21.03,2705.0,0.301,2896.1,Moderate,Fuel B,5.74,129.75,744.48
Vessel A,5000,15.66,4503.7,0.901,3607.8,Moderate,Fuel A,9.6,79.91,767.2
Vessel A,5000,17.39,1934.8,0.387,3215.0,Calm,Fuel B,7.7,67.89,522.85
Vessel D,9000,9.93,2433.9,0.27,3150.1,Moderate,Fuel A,13.22,13.83,182.78
Vessel B,7000,20.82,3354.1,0.479,2691.0,Moderate,Green Fuel,5.39,166.78,898.19
Vessel A,5000,10.08,4056.0,0.811,712.4,Moderate,Fuel B,2.94,17.93,52.78
Vessel D,9000,9.09,2301.8,0.256,653.1,Moderate,Fuel A,2.99,9.71,29.06
Vessel A,5000,10.93,1032.3,0.206,3992.2,Moderate,Fuel B,15.21,16.14,245.55
Vessel A,5000,14.25,1402.0,0.28,3855.4,Calm,Fuel A,11.28,35.48,400.15
Vessel C,4000,20.03,2032.0,0.508,963.9,Rough,Green Fuel,2.0,156.45,313.66
Vessel B,7000,16.88,1693.1,0.242,2810.0,Rough,Green Fuel,6.94,95.51,662.49
Vessel C,4000,12.81,2595.9,0.649,479.0,Moderate,Fuel B,1.56,30.26,47.16
Vessel D,9000,13.09,7716.4,0.857,2227.9,Rough,Green Fuel,7.09,58.14,412.43
Vessel A,5000,10.1,4543.2,0.909,2997.1,Rough,Fuel B,12.36,21.13,261.16
Vessel D,9000,12.6,4634.5,0.515,2446.9,Moderate,Fuel A,8.09,33.83,273.66
Vessel D,9000,17.15,5684.4,0.632,2802.9,Moderate,Green Fuel,6.81,102.17,695.75
Vessel D,9000,13.74,5630.3,0.626,361.4,Moderate,Fuel B,1.1,51.17,56.07
Vessel A,5000,10.9,2365.3,0.473,3266.9,Calm,Fuel A,12.49,16.07,200.79
Vessel C,4000,10.48,1738.7,0.435,2385.1,Moderate,Fuel B,9.48,14.12,133.83
Vessel C,4000,8.42,1793.7,0.448,2305.7,Rough,Fuel A,11.41,9.18,104.77
Vessel D,9000,14.14,3225.8,0.358,1528.3,Calm,Green Fuel,4.5,43.76,197.07
Vessel D,9000,17.03,3315.9,0.368,208.3,Rough,Fuel B,0.51,92.45,47.11
Vessel A,5000,15.67,3426.6,0.685,2995.1,Moderate,Green Fuel,7.97,68.19,543.11
Vessel B,7000,9.19,2003.8,0.286,1271.2,Calm,Green Fuel,5.76,10.96,63.15
Vessel D,9000,13.74,8111.6,0.901,3419.0,Rough,Green Fuel,10.37,70.02,726.15
Vessel B,7000,21.59,6309.8,0.901,2136.8,Calm,Fuel B,4.12,179.2,739.14
Vessel D,9000,11.9,7736.6,0.86,2819.4,Rough,Fuel A,9.87,35.86,353.94
Vessel C,4000,16.5,3227.9,0.807,301.2,Moderate,Green Fuel,0.76,83.18,63.27
Vessel C,4000,16.74,1415.5,0.354,3301.0,Calm,Green Fuel,8.22,51.58,423.91
Vessel D,9000,9.74,6833.7,0.759,1413.0,Rough,Fuel B,6.05,20.82,125.83
Vessel D,9000,21.23,4573.8,0.508,3579.1,Rough,Green Fuel,7.02,229.72,1613.37
Vessel A,5000,20.55,4919.3,0.984,654.8,Rough,Green Fuel,1.33,238.4,316.51
Vessel B,7000,17.26,6026.8,0.861,2635.2,Calm,Fuel A,6.36,90.84,578.06
Vessel D,9000,21.86,3268.7,0.363,3722.3,Rough,Fuel A,7.1,202.34,1435.85
Vessel B,7000,11.76,5282.0,0.755,1791.0,Moderate,Fuel B,6.35,27.97,177.52
Vessel D,9000,13.33,4372.3,0.486,1945.4,Calm,Green Fuel,6.08,39.42,239.76
Vessel D,9000,10.53,2848.7,0.317,2332.9,Moderate,Fuel A,9.24,16.73,154.53
Vessel D,9000,13.01,5143.2,0.571,1893.0,Moderate,Fuel A,6.06,42.59,258.26
Vessel B,7000,13.58,2128.5,0.304,1206.4,Calm,Green Fuel,3.7,37.34,138.17
Vessel C,4000,15.48,1230.8,0.308,379.1,Calm,Fuel B,1.02,38.59,39.38
Vessel C,4000,17.36,2852.1,0.713,1738.5,Calm,Fuel A,4.17,79.38,331.26
Vessel D,9000,13.07,2724.7,0.303,2885.0,Calm,Green Fuel,9.19,32.85,302.05
Vessel B,7000,15.41,3348.1,0.478,678.4,Rough,Fuel B,1.83,58.78,107.82
Vessel C,4000,14.64,1723.1,0.431,3841.1,Moderate,Fuel A,10.93,42.38,463.21
Vessel C,4000,10.76,1945.5,0.486,1148.2,Moderate,Fuel A,4.45,15.57,69.26
Vessel D,9000,8.79,5219.8,0.58,3448.5,Calm,Fuel A,16.35,9.35,152.96
Vessel C,4000,12.92,2520.1,0.63,378.6,Moderate,Fuel A,1.22,30.3,37.0
Vessel C,4000,16.22,3862.4,0.966,362.3,Moderate,Fuel A,0.93,68.41,63.66
Vessel D,9000,13.54,5251.4,0.583,3011.9,Calm,Fuel A,9.27,41.56,385.14
Vessel D,9000,9.1,8205.2,0.912,3027.3,Moderate,Fuel A,13.86,15.2,210.74
Vessel B,7000,16.85,3491.3,0.499,1965.0,Rough,Fuel B,4.86,87.24,423.86
Vessel C,4000,8.39,3091.3,0.773,2200.9,Calm,Fuel A,10.93,8.26,90.32
Vessel A,5000,9.41,1955.1,0.391,312.5,Calm,Fuel A,1.38,9.96,13.78
Vessel A,5000,19.8,1311.3,0.262,2358.6,Rough,Fuel A,4.96,123.3,611.95
Vessel B,7000,15.44,4749.7,0.679,2655.6,Moderate,Green Fuel,7.17,64.54,462.61
Vessel C,4000,8.9,2545.7,0.636,2518.6,Calm,Green Fuel,11.79,10.89,128.36
Vessel A,5000,21.12,1052.3,0.21,916.2,Calm,Green Fuel,1.81,116.35,210.32
Vessel B,7000,8.41,5096.3,0.728,899.4,Moderate,Green Fuel,4.45,11.94,53.16
Vessel D,9000,9.71,4525.7,0.503,1300.4,Calm,Fuel A,5.58,12.34,68.86
Vessel A,5000,11.34,3541.4,0.708,3835.2,Rough,Fuel A,14.09,29.38,413.95
Vessel C,4000,17.08,2606.8,0.652,2977.0,Calm,Fuel A,7.26,66.15,480.34
Vessel C,4000,8.29,2424.5,0.606,1215.2,Moderate,Fuel B,6.11,8.12,49.59
Vessel D,9000,21.87,6164.4,0.685,3947.6,Calm,Fuel A,7.52,172.26,1295.68
Vessel D,9000,13.43,3860.5,0.429,924.7,Moderate,Fuel B,2.87,41.63,119.4
Vessel D,9000,13.37,8567.3,0.952,3963.6,Rough,Fuel B,12.35,61.24,756.28
Vessel D,9000,9.63,2432.4,0.27,517.2,Moderate,Fuel B,2.24,12.28,27.47
Vessel B,7000,17.64,5638.5,0.806,2404.2,Calm,Fuel B,5.68,90.6,514.59
Vessel C,4000,21.21,2330.1,0.583,3848.2,Moderate,Fuel A,7.56,133.69,1010.43
Vessel D,9000,10.33,7862.9,0.874,569.2,Calm,Fuel A,2.3,21.0,48.21
Vessel A,5000,20.31,2973.6,0.595,1068.8,Calm,Green Fuel,2.19,130.91,287.05
Vessel A,5000,21.53,1329.4,0.266,2900.8,Rough,Fuel A,5.61,147.88,830.32
Vessel A,5000,14.57,3970.7,0.794,2776.6,Rough,Fuel A,7.94,74.49,591.52
Vessel C,4000,12.43,3379.2,0.845,401.7,Calm,Fuel A,1.35,29.88,40.26
Vessel B,7000,8.91,4255.2,0.608,1573.3,Rough,Fuel A,7.36,14.65,107.79
Vessel C,4000,15.21,1713.6,0.428,1288.1,Rough,Fuel A,3.53,62.29,219.77
Vessel A,5000,9.0,3975.3,0.795,1701.2,Moderate,Fuel A,7.88,13.68,107.72
Vessel D,9000,19.41,1823.6,0.203,3650.1,Calm,Fuel A,7.84,93.52,732.82
Vessel A,5000,10.06,3755.5,0.751,893.4,Calm,Fuel B,3.7,13.61,50.35
Vessel D,9000,17.66,7433.0,0.826,3753.1,Calm,Green Fuel,8.85,104.58,926.05
Vessel D,9000,8.14,5074.3,0.564,1806.3,Calm,Green Fuel,9.25,9.55,88.31
Vessel B,7000,13.95,3830.4,0.547,1994.2,Moderate,Fuel B,5.95,43.41,258.51
Vessel A,5000,11.63,3713.3,0.743,3561.1,Moderate,Fuel B,12.76,24.48,312.34
Vessel C,4000,11.24,2048.7,0.512,1979.4,Moderate,Fuel B,7.34,18.03,132.32
Vessel D,9000,19.61,3620.2,0.402,3212.7,Moderate,Fuel B,6.82,113.29,773.18
Vessel A,5000,17.08,2838.8,0.568,3386.5,Moderate,Green Fuel,8.26,78.78,650.8
Vessel D,9000,8.83,1814.3,0.202,2779.6,Rough,Green Fuel,13.11,13.2,173.06
Vessel C,4000,14.82,1285.1,0.321,2106.3,Rough,Green Fuel,5.92,51.06,302.41
Vessel A,5000,16.11,2279.0,0.456,1289.9,Calm,Green Fuel,3.34,55.99,186.76
Vessel B,7000,19.9,5489.3,0.784,753.0,Moderate,Fuel A,1.58,159.91,252.09
Vessel C,4000,13.87,1224.8,0.306,1274.8,Calm,Fuel A,3.83,29.25,112.04
Vessel D,9000,19.11,1904.3,0.212,870.6,Rough,Fuel B,1.9,113.42,215.32
Vessel A,5000,12.01,4409.0,0.882,762.8,Moderate,Green Fuel,2.65,34.0,90.01
Vessel D,9000,19.98,7069.7,0.786,3925.1,Calm,Fuel A,8.18,147.75,1209.14
Vessel A,5000,14.68,1617.2,0.323,2645.0,Moderate,Fuel A,7.51,41.84,314.04
Vessel B,7000,21.54,4122.9,0.589,2870.4,Rough,Green Fuel,5.55,191.15,1061.24
Vessel B,7000,19.49,3515.6,0.502,3459.3,Rough,Fuel A,7.4,139.1,1028.64
Vessel B,7000,15.62,2225.6,0.318,1214.5,Rough,Green Fuel,3.24,70.49,228.29
Vessel D,9000,14.36,7719.6,0.858,1253.7,Moderate,Fuel A,3.64,59.48,216.3
Vessel D,9000,9.41,6685.2,0.743,3836.1,Calm,Fuel A,16.99,13.24,224.9
Vessel C,4000,8.19,3801.0,0.95,2362.0,Moderate,Fuel A,12.01,8.76,105.26
Vessel C,4000,15.05,3832.8,0.958,2437.1,Rough,Fuel A,6.75,70.66,476.8
Vessel D,9000,13.11,8850.1,0.983,736.5,Calm,Fuel B,2.34,40.75,95.38
Vessel A,5000,13.12,3483.7,0.697,3872.6,Rough,Fuel B,12.29,45.01,553.32
Vessel D,9000,8.11,6309.1,0.701,3083.2,Moderate,Fuel A,15.85,9.77,154.79
Vessel D,9000,14.9,3606.6,0.401,482.6,Calm,Green Fuel,1.35,57.85,78.06
Vessel C,4000,12.66,3767.3,0.942,2599.0,Moderate,Fuel A,8.55,32.2,275.44
Vessel B,7000,12.77,5456.2,0.779,2285.6,Calm,Fuel B,7.46,34.86,259.93
Vessel A,5000,20.21,4688.6,0.938,3949.3,Moderate,Fuel A,8.14,132.15,1076.17
Vessel B,7000,13.89,5880.7,0.84,3606.1,Calm,Green Fuel,10.81,54.22,586.37
Vessel D,9000,16.95,7980.2,0.887,785.8,Rough,Green Fuel,1.93,136.67,264.07
Vessel B,7000,11.84,5472.9,0.782,1761.9,Calm,Fuel B,6.2,26.09,161.75
Vessel D,9000,9.41,7653.1,0.85,3795.3,Rough,Fuel B,16.81,20.24,340.14
Vessel D,9000,15.95,1844.4,0.205,2113.4,Calm,Fuel B,5.52,47.79,263.76
Vessel C,4000,19.19,2330.2,0.583,3322.6,Calm,Fuel B,7.21,96.87,698.77
Vessel A,5000,16.01,1394.8,0.279,3698.0,Calm,Fuel B,9.62,49.4,475.27
Vessel A,5000,8.87,2614.7,0.523,1504.5,Moderate,Green Fuel,7.06,10.99,77.62
Vessel C,4000,13.68,2548.0,0.637,2652.2,Calm,Fuel B,8.08,35.17,284.16
Vessel A,5000,18.55,4637.7,0.928,2823.4,Moderate,Fuel B,6.34,104.06,659.9
Vessel A,5000,17.0,3697.3,0.739,855.9,Moderate,Green Fuel,2.1,73.54,154.29
Vessel B,7000,20.56,4874.1,0.696,988.3,Moderate,Fuel A,2.0,153.38,307.21
Vessel B,7000,19.73,4101.0,0.586,1444.3,Rough,Fuel B,3.05,144.71,441.33
Vessel A,5000,18.31,1555.5,0.311,2959.1,Rough,Fuel A,6.73,99.0,666.51
Vessel B,7000,9.05,2168.9,0.31,1576.2,Moderate,Green Fuel,7.26,11.78,85.54
Vessel B,7000,8.68,6292.9,0.899,1121.4,Rough,Green Fuel,5.38,17.47,94.0
Vessel B,7000,8.67,4479.1,0.64,3057.5,Rough,Green Fuel,14.7,16.34,240.2
Vessel D,9000,17.05,2529.5,0.281,2738.0,Moderate,Green Fuel,6.69,75.72,506.52
Vessel D,9000,17.44,7677.1,0.853,3702.2,Moderate,Green Fuel,8.84,117.74,1041.38
Vessel D,9000,10.43,7688.6,0.854,1407.6,Calm,Green Fuel,5.63,23.93,134.63
Vessel D,9000,20.9,6042.1,0.671,3968.5,Moderate,Green Fuel,7.91,177.57,1405.04
Vessel A,5000,18.98,1138.5,0.228,2812.3,Calm,Green Fuel,6.17,79.54,491.08
Vessel C,4000,21.4,2181.1,0.545,3053.7,Calm,Fuel B,5.94,120.17,714.35
Vessel C,4000,18.28,2694.1,0.674,2219.2,Moderate,Green Fuel,5.06,97.82,494.72
Vessel D,9000,16.97,7010.8,0.779,2127.7,Calm,Green Fuel,5.23,94.33,492.91
Vessel B,7000,13.28,1807.1,0.258,3655.0,Moderate,Fuel A,11.47,31.2,357.76
Vessel A,5000,16.0,2080.5,0.416,3230.2,Rough,Green Fuel,8.41,74.18,623.81
Vessel A,5000,21.45,4375.4,0.875,242.8,Rough,Green Fuel,0.47,233.31,110.01
Vessel D,9000,19.76,8305.2,0.923,597.8,Rough,Green Fuel,1.26,194.48,245.12
Vessel B,7000,12.07,1818.5,0.26,1652.7,Calm,Fuel A,5.7,21.13,120.54
Vessel D,9000,18.06,7765.2,0.863,1118.7,Calm,Fuel A,2.58,103.58,267.39
Vessel C,4000,15.37,1688.7,0.422,1298.1,Moderate,Fuel A,3.52,47.21,166.06
Vessel C,4000,21.15,1641.0,0.41,468.2,Calm,Fuel B,0.92,107.59,99.26
Vessel C,4000,17.53,2262.7,0.566,482.4,Moderate,Fuel A,1.15,76.43,87.62
Vessel C,4000,13.58,3241.6,0.81,1594.9,Rough,Fuel A,4.89,45.8,224.05
Vessel C,4000,9.95,3070.1,0.768,474.4,Moderate,Green Fuel,1.99,16.99,33.74
Vessel B,7000,14.24,2110.1,0.301,1060.7,Calm,Fuel A,3.1,33.49,103.91
Vessel B,7000,11.38,1866.3,0.267,2602.2,Rough,Green Fuel,9.52,27.5,261.9
Vessel A,5000,13.03,2603.5,0.521,1551.3,Calm,Fuel B,4.96,27.27,135.32
Vessel A,5000,14.81,4874.2,0.975,2270.4,Calm,Fuel B,6.39,51.57,329.4
Vessel A,5000,13.15,3376.1,0.675,1123.2,Moderate,Fuel B,3.56,37.14,132.14
Vessel D,9000,12.69,6535.1,0.726,1185.4,Calm,Green Fuel,3.89,35.1,136.66
Vessel C,4000,9.24,2727.5,0.682,1135.3,Calm,Green Fuel,5.12,11.43,58.47
Vessel B,7000,20.32,5976.5,0.854,1506.2,Rough,Green Fuel,3.09,197.64,610.43
Vessel C,4000,14.43,3167.4,0.792,739.4,Moderate,Green Fuel,2.14,51.35,109.63
Vessel C,4000,18.4,1361.9,0.34,3135.0,Calm,Fuel B,7.1,67.47,479.08
Vessel C,4000,21.18,2055.8,0.514,2687.4,Rough,Fuel A,5.29,135.88,718.5
Vessel C,4000,20.76,3632.4,0.908,2732.1,Calm,Green Fuel,5.48,143.67,787.92
Vessel B,7000,16.09,6144.9,0.878,645.4,Rough,Fuel B,1.67,92.56,154.7
Vessel C,4000,13.63,3998.4,1.0,2994.8,Calm,Green Fuel,9.16,46.72,427.84
Vessel C,4000,15.07,1935.4,0.484,2590.4,Moderate,Fuel A,7.16,46.75,334.83
Vessel A,5000,12.28,3758.4,0.752,585.0,Calm,Fuel B,1.99,26.92,53.46
Vessel D,9000,14.04,7447.3,0.827,3989.1,Moderate,Fuel A,11.84,51.34,607.91
Vessel A,5000,12.29,4373.3,0.875,1048.0,Moderate,Fuel A,3.55,29.99,106.55
Vessel C,4000,14.46,3434.0,0.859,2509.3,Moderate,Green Fuel,7.23,52.84,382.06
Vessel A,5000,16.6,4311.6,0.862,801.4,Moderate,Green Fuel,2.01,90.52,182.04
Vessel A,5000,12.58,1344.1,0.269,273.9,Calm,Green Fuel,0.91,22.86,20.75
Vessel A,5000,9.43,3403.6,0.681,2433.9,Moderate,Fuel A,10.75,13.1,140.76
Vessel A,5000,12.69,1309.7,0.262,2538.7,Calm,Fuel B,8.34,23.96,199.75
Vessel B,7000,18.06,3496.4,0.499,3768.9,Rough,Green Fuel,8.69,130.41,1133.72
Vessel B,7000,17.26,3031.0,0.433,2576.2,Rough,Green Fuel,6.22,95.21,592.15
Vessel B,7000,14.66,2598.4,0.371,1246.7,Moderate,Fuel A,3.54,48.46,171.75
Vessel B,7000,16.84,1906.5,0.272,286.7,Rough,Green Fuel,0.71,83.87,59.48
Vessel B,7000,10.04,1627.9,0.233,515.4,Calm,Fuel A,2.14,12.86,27.51
Vessel B,7000,18.75,4199.0,0.6,3342.6,Rough,Green Fuel,7.43,151.11,1122.69
Vessel C,4000,13.11,3944.7,0.986,3962.9,Moderate,Green Fuel,12.6,46.69,588.12
Vessel A,5000,18.19,4266.5,0.853,3563.7,Calm,Green Fuel,8.16,105.1,857.87
Vessel B,7000,17.71,1739.3,0.248,1245.4,Rough,Green Fuel,2.93,98.4,288.36
Vessel C,4000,13.77,1006.8,0.252,2372.3,Moderate,Fuel B,7.18,29.54,211.97
Vessel A,5000,13.62,2330.4,0.466,2835.3,Rough,Fuel B,8.68,40.83,354.23
Vessel D,9000,14.15,5431.2,0.603,2466.6,Calm,Fuel A,7.26,47.88,347.83
Vessel B,7000,15.66,5403.4,0.772,2934.6,Rough,Fuel B,7.81,86.5,675.58
Vessel B,7000,21.19,4595.0,0.656,638.2,Calm,Fuel A,1.25,129.45,162.45
Vessel B,7000,11.3,1535.8,0.219,3520.5,Calm,Green Fuel,12.98,16.11,209.05
Vessel B,7000,8.62,2459.1,0.351,2111.5,Moderate,Fuel A,10.21,8.96,91.51
Vessel C,4000,13.5,1122.6,0.281,3411.5,Calm,Fuel B,10.53,24.12,253.88
Vessel A,5000,18.49,1299.1,0.26,1375.6,Rough,Green Fuel,3.1,101.57,314.86
Vessel A,5000,21.33,4760.7,0.952,3686.9,Rough,Fuel B,7.2,212.84,1532.89
Vessel D,9000,19.89,2320.3,0.258,2085.4,Moderate,Fuel A,4.37,108.27,473.05
Vessel A,5000,19.63,4416.7,0.883,2189.3,Moderate,Fuel B,4.65,117.39,545.58
Vessel C,4000,21.12,2644.5,0.661,1527.8,Moderate,Fuel B,3.01,136.23,410.52
Vessel B,7000,14.51,1449.3,0.207,1086.8,Moderate,Fuel A,3.12,36.08,112.6
Vessel D,9000,16.03,8724.8,0.969,796.9,Rough,Fuel A,2.07,94.41,195.6
Vessel C,4000,21.18,2386.5,0.597,1361.1,Calm,Fuel B,2.68,115.91,310.38
Vessel D,9000,16.66,5850.7,0.65,3228.2,Moderate,Green Fuel,8.07,85.52,690.56
Vessel A,5000,17.48,4006.3,0.801,1578.6,Calm,Fuel B,3.76,88.61,333.49
Vessel D,9000,12.94,7450.3,0.828,3289.0,Rough,Green Fuel,10.59,63.03,667.68
Vessel C,4000,12.89,3357.6,0.839,1168.0,Moderate,Fuel B,3.78,34.61,130.66
Vessel D,9000,20.18,2083.5,0.232,2052.9,Moderate,Fuel A,4.24,119.84,507.95
Vessel D,9000,12.03,4717.8,0.524,348.9,Moderate,Fuel A,1.21,27.81,33.6
Vessel A,5000,19.51,1056.7,0.211,3020.4,Moderate,Fuel A,6.45,98.65,636.38
Vessel C,4000,8.31,2549.4,0.637,2889.6,Moderate,Fuel B,14.5,8.47,122.74
Vessel A,5000,21.99,4547.7,0.91,2127.2,Calm,Green Fuel,4.03,184.38,743.23
Vessel D,9000,8.86,5615.4,0.624,2033.6,Moderate,Fuel B,9.57,12.21,116.81
Vessel C,4000,20.15,3871.0,0.968,3600.4,Rough,Green Fuel,7.44,178.94,1332.04
Vessel C,4000,17.5,2607.1,0.652,2338.9,Calm,Fuel B,5.57,68.54,381.58
Vessel C,4000,17.07,3973.5,0.993,1958.6,Calm,Fuel A,4.78,89.19,426.47
Vessel D,9000,8.71,8967.6,0.996,1089.9,Moderate,Green Fuel,5.21,15.14,78.91
Vessel C,4000,15.07,1568.8,0.392,1957.5,Calm,Fuel A,5.41,40.12,217.08
Vessel A,5000,12.87,4345.4,0.869,320.6,Calm,Green Fuel,1.04,37.11,38.53
Vessel D,9000,8.13,4079.9,0.453,1142.8,Moderate,Fuel A,5.85,9.27,54.27
Vessel D,9000,18.81,3719.0,0.413,835.1,Calm,Fuel A,1.85,93.62,173.18
Vessel C,4000,15.44,3737.0,0.934,2440.8,Moderate,Fuel B,6.59,60.66,399.45
Vessel B,7000,10.48,2633.7,0.376,3997.7,Calm,Fuel A,15.89,14.86,236.15
Vessel B,7000,13.01,6993.4,0.999,3797.3,Calm,Fuel A,12.16,38.31,465.8
Vessel A,5000,8.5,3105.3,0.621,3892.7,Calm,Fuel B,19.08,7.93,151.22
Vessel B,7000,20.98,5379.7,0.769,3155.4,Rough,Fuel B,6.27,208.24,1305.03
Vessel A,5000,17.01,4926.6,0.985,3804.2,Calm,Fuel A,9.32,86.95,810.37
Vessel B,7000,12.57,2811.2,0.402,1382.8,Moderate,Fuel B,4.58,29.13,133.52
Vessel C,4000,11.24,3345.9,0.836,2323.2,Moderate,Fuel A,8.61,22.73,195.79
Vessel D,9000,18.64,4078.6,0.453,2184.1,Calm,Fuel A,4.88,107.2,523.41
Vessel A,5000,17.7,1569.2,0.314,2030.9,Moderate,Green Fuel,4.78,81.12,387.91
Vessel D,9000,20.52,5276.3,0.586,2910.5,Calm,Fuel B,5.91,131.06,774.47
Vessel D,9000,20.5,5826.5,0.647,3306.5,Moderate,Fuel A,6.72,147.5,991.09
Vessel C,4000,18.43,2543.1,0.636,1988.3,Calm,Fuel B,4.5,77.1,346.64
Vessel B,7000,10.52,4174.0,0.596,826.6,Calm,Fuel A,3.28,18.31,59.97
Vessel A,5000,8.13,1371.5,0.274,1031.3,Calm,Fuel B,5.29,5.81,30.74
Vessel D,9000,17.89,6447.3,0.716,2824.6,Rough,Fuel A,6.58,133.55,878.57
Vessel C,4000,20.06,2949.5,0.737,2603.5,Calm,Green Fuel,5.41,129.79,701.85
Vessel A,5000,8.31,2747.5,0.549,400.7,Moderate,Fuel A,2.01,7.93,15.92
Vessel D,9000,9.66,5886.0,0.654,2809.2,Rough,Fuel A,12.12,20.27,245.69
Vessel C,4000,16.62,3431.3,0.858,3378.5,Moderate,Fuel B,8.47,76.38,647.14
Vessel A,5000,17.81,1241.0,0.248,3602.1,Calm,Green Fuel,8.43,69.04,581.77
Vessel A,5000,11.99,3494.7,0.699,1439.6,Moderate,Green Fuel,5.0,32.31,161.61
Vessel C,4000,9.1,3457.6,0.864,1549.5,Moderate,Green Fuel,7.09,13.76,97.61
Vessel B,7000,12.04,6896.0,0.985,1591.5,Moderate,Fuel B,5.51,37.42,206.08
Vessel B,7000,15.27,6645.5,0.949,3840.0,Moderate,Fuel A,10.48,68.77,720.42
Vessel A,5000,18.2,4004.0,0.801,915.4,Calm,Green Fuel,2.1,102.28,214.32
Vessel A,5000,20.85,3181.5,0.636,2250.8,Calm,Green Fuel,4.5,145.46,654.14
Vessel B,7000,21.56,4208.9,0.601,3075.8,Calm,Fuel A,5.94,145.95,867.58
Vessel B,7000,14.52,3992.8,0.57,2329.6,Rough,Fuel A,6.68,63.54,424.76
Vessel B,7000,13.93,3133.4,0.448,1872.3,Rough,Fuel B,5.6,51.24,287.04
Vessel C,4000,9.84,1549.6,0.387,1633.3,Moderate,Fuel B,6.91,12.05,83.33
Vessel A,5000,11.66,2141.8,0.428,766.9,Calm,Green Fuel,2.74,22.08,60.47
Vessel D,9000,18.53,2044.7,0.227,451.0,Moderate,Fuel B,1.01,86.83,88.03
Vessel A,5000,15.24,2388.0,0.478,1557.9,Moderate,Fuel A,4.26,50.28,214.21
Vessel D,9000,8.03,2353.5,0.262,3583.9,Moderate,Green Fuel,18.6,8.8,163.75
Vessel C,4000,12.34,2004.1,0.501,3313.3,Moderate,Fuel B,11.19,24.24,271.2
Vessel D,9000,16.05,3737.9,0.415,2043.4,Moderate,Fuel B,5.3,61.13,324.23
Vessel B,7000,10.97,6615.9,0.945,1451.4,Moderate,Fuel B,5.51,25.64,141.33
Vessel D,9000,17.51,8842.9,0.983,550.4,Moderate,Green Fuel,1.31,126.86,166.16
Vessel D,9000,19.29,5149.9,0.572,2087.3,Moderate,Fuel B,4.51,127.13,573.27
Vessel C,4000,14.53,914.7,0.229,531.7,Moderate,Green Fuel,1.52,38.67,58.96
Vessel B,7000,12.2,3822.4,0.546,3640.6,Rough,Fuel B,12.43,36.49,453.66
Vessel D,9000,18.41,7278.4,0.809,424.2,Moderate,Fuel B,0.96,130.92,125.72
Vessel A,5000,10.32,1821.4,0.364,3032.1,Calm,Fuel B,12.24,13.17,161.17
Vessel B,7000,18.73,6820.0,0.974,3592.7,Rough,Green Fuel,7.99,187.32,1496.93
Vessel C,4000,19.03,1290.3,0.323,2277.2,Calm,Fuel A,4.99,75.27,375.37
Vessel A,5000,19.35,2981.3,0.596,3507.2,Moderate,Green Fuel,7.55,119.31,901.05
Vessel A,5000,19.07,2466.5,0.493,3739.0,Calm,Fuel B,8.17,74.08,605.31
Vessel A,5000,17.31,2700.3,0.54,1248.6,Calm,Green Fuel,3.01,80.29,241.34
Vessel C,4000,19.81,942.8,0.236,277.6,Calm,Green Fuel,0.58,87.24,50.92
Vessel B,7000,19.0,3464.6,0.495,914.9,Moderate,Fuel B,2.01,115.4,231.51
Vessel B,7000,12.36,6481.2,0.926,2860.6,Moderate,Fuel A,9.64,44.06,424.87
Vessel D,9000,21.57,3943.5,0.438,3614.7,Calm,Fuel A,6.98,145.44,1015.42
Vessel A,5000,8.56,2014.5,0.403,2657.0,Moderate,Fuel B,12.94,8.16,105.57
Vessel B,7000,10.51,1688.1,0.241,483.5,Rough,Fuel B,1.92,18.19,34.87
Vessel B,7000,13.09,2534.0,0.362,833.8,Moderate,Fuel A,2.65,30.98,82.25
Vessel A,5000,17.77,1495.7,0.299,486.0,Rough,Green Fuel,1.14,102.39,116.65
Vessel B,7000,20.77,2179.6,0.311,258.7,Calm,Green Fuel,0.52,126.46,65.62
Vessel C,4000,12.35,2642.0,0.661,2505.2,Calm,Green Fuel,8.45,28.25,238.75
Vessel B,7000,16.93,6888.2,0.984,3847.1,Moderate,Green Fuel,9.47,110.33,1044.86
Vessel A,5000,10.07,3768.8,0.754,2639.3,Moderate,Fuel B,10.92,15.57,170.03
Vessel D,9000,20.45,6981.0,0.776,642.4,Rough,Fuel B,1.31,174.56,228.49
Vessel C,4000,8.93,2862.0,0.715,3115.2,Rough,Fuel A,14.54,14.58,212.02
Vessel A,5000,14.74,4441.1,0.888,969.5,Calm,Fuel B,2.74,56.4,154.56
Vessel B,7000,11.45,3602.8,0.515,2223.8,Rough,Green Fuel,8.09,31.08,251.46
Vessel C,4000,18.84,3425.7,0.856,1117.2,Calm,Fuel A,2.47,100.7,248.85
Vessel D,9000,8.32,5750.5,0.639,2973.3,Calm,Green Fuel,14.88,11.36,169.06
Vessel D,9000,13.16,8414.2,0.935,2483.3,Rough,Fuel B,7.86,55.5,436.37
Vessel C,4000,12.17,2540.2,0.635,1118.6,Calm,Green Fuel,3.83,24.78,94.92
Vessel A,5000,9.53,1157.5,0.232,2169.9,Calm,Fuel B,9.48,9.98,94.65
Vessel D,9000,15.1,8374.9,0.931,1714.6,Moderate,Green Fuel,4.73,82.71,391.25
Vessel D,9000,18.87,2025.2,0.225,2134.7,Moderate,Fuel A,4.71,96.14,453.29
Vessel B,7000,11.37,2667.2,0.381,3333.7,Moderate,Fuel B,12.21,21.68,264.79
Vessel B,7000,15.6,2194.8,0.314,2835.2,Moderate,Green Fuel,7.57,58.97,446.67
Vessel A,5000,10.53,4042.0,0.808,3590.3,Calm,Fuel A,14.21,17.91,254.57
Vessel A,5000,21.74,2167.5,0.433,3409.2,Rough,Fuel B,6.53,158.04,1032.52
Vessel D,9000,15.03,2365.9,0.263,821.5,Moderate,Fuel A,2.28,49.07,111.76
Vessel C,4000,8.37,1371.9,0.343,864.0,Moderate,Fuel A,4.3,7.61,32.74
Vessel A,5000,8.17,3844.5,0.769,2152.8,Moderate,Fuel A,10.98,9.34,102.53
Vessel D,9000,17.56,3437.6,0.382,907.8,Calm,Fuel B,2.15,80.12,172.56
Vessel B,7000,12.4,6939.4,0.991,3800.8,Calm,Fuel B,12.77,39.88,509.31
Vessel C,4000,21.68,882.3,0.221,3417.2,Moderate,Green Fuel,6.57,132.16,868.11
Vessel C,4000,12.36,1399.3,0.35,1753.6,Moderate,Green Fuel,5.91,25.3,149.6
Vessel D,9000,13.7,2812.2,0.312,2387.3,Moderate,Green Fuel,7.26,43.14,313.29
Vessel A,5000,16.5,4721.4,0.944,1646.9,Calm,Green Fuel,4.16,82.68,343.76
Vessel B,7000,14.59,4333.7,0.619,361.5,Calm,Green Fuel,1.03,44.28,45.73
Vessel B,7000,10.3,2733.5,0.39,1908.4,Calm,Fuel B,7.72,13.99,107.97
Vessel C,4000,12.43,1896.7,0.474,2265.3,Calm,Green Fuel,7.6,26.07,198.03
Vessel D,9000,17.47,7138.5,0.793,2132.7,Moderate,Fuel A,5.09,107.6,547.35
Vessel C,4000,10.07,2702.9,0.676,1281.3,Calm,Green Fuel,5.3,15.18,80.5
Vessel B,7000,15.61,6218.3,0.888,632.4,Rough,Fuel B,1.69,82.41,139.07
Vessel C,4000,17.53,3605.3,0.901,2924.5,Moderate,Fuel A,6.95,97.53,678.02
Vessel B,7000,19.94,6069.4,0.867,1954.7,Calm,Green Fuel,4.08,152.89,624.53
Vessel D,9000,18.22,2527.9,0.281,2291.0,Rough,Fuel B,5.24,97.11,508.66
Vessel B,7000,16.54,5750.6,0.822,1764.4,Moderate,Green Fuel,4.44,81.37,361.6
Vessel B,7000,21.88,4706.2,0.672,3125.9,Moderate,Green Fuel,5.95,207.12,1232.71
Vessel A,5000,19.89,3442.5,0.688,2883.5,Rough,Fuel A,6.04,147.66,891.8
Vessel C,4000,14.95,2550.1,0.638,691.1,Rough,Fuel A,1.93,63.51,122.31
Vessel A,5000,20.59,2145.0,0.429,1256.3,Calm,Fuel B,2.54,114.25,290.49
Vessel B,7000,21.89,3557.3,0.508,1365.7,Calm,Fuel A,2.6,155.49,404.17
Vessel B,7000,21.17,2851.8,0.407,2663.5,Rough,Fuel A,5.24,170.82,895.57
Vessel A,5000,17.43,4316.9,0.863,2812.5,Rough,Fuel A,6.72,115.91,779.38
Vessel B,7000,8.48,3472.4,0.496,1551.1,Rough,Fuel B,7.62,10.89,83.01
Vessel D,9000,16.17,3141.5,0.349,2776.1,Rough,Fuel B,7.15,73.24,523.99
Vessel B,7000,9.21,2203.1,0.315,1588.9,Rough,Green Fuel,7.19,13.88,99.78
Vessel A,5000,9.31,2052.1,0.41,2254.4,Calm,Fuel A,10.09,11.44,115.38
Vessel B,7000,13.8,6460.9,0.923,1144.3,Calm,Fuel B,3.46,42.9,148.27
Vessel A,5000,14.13,3041.8,0.608,394.4,Rough,Fuel B,1.16,51.49,59.89
Vessel B,7000,18.68,4609.7,0.659,1537.8,Rough,Fuel A,3.43,133.87,459.22
Vessel A,5000,9.54,4372.3,0.874,1093.2,Calm,Fuel B,4.78,11.92,56.94
Vessel A,5000,16.48,2116.9,0.423,976.2,Calm,Fuel A,2.47,61.17,150.93
Vessel C,4000,18.11,1161.3,0.29,2388.7,Calm,Green Fuel,5.5,65.28,358.85
Vessel A,5000,20.63,2246.3,0.449,2609.6,Rough,Green Fuel,5.27,146.61,772.58
Vessel D,9000,17.85,3958.7,0.44,2821.1,Calm,Green Fuel,6.59,81.99,539.99
Vessel A,5000,21.65,2379.7,0.476,3051.9,Rough,Green Fuel,5.87,221.59,1301.78
Vessel D,9000,9.55,4578.7,0.509,791.2,Calm,Green Fuel,3.45,15.85,54.7
Vessel D,9000,21.88,3634.6,0.404,899.8,Moderate,Green Fuel,1.71,199.64,342.1
Vessel D,9000,16.18,8602.3,0.956,3370.4,Rough,Green Fuel,8.68,123.32,1070.44
Vessel A,5000,17.54,2984.4,0.597,2311.3,Calm,Green Fuel,5.49,79.88,438.68
Vessel D,9000,15.58,8806.3,0.978,1548.6,Moderate,Fuel A,4.14,83.33,345.02
Vessel D,9000,16.05,2772.3,0.308,1619.3,Moderate,Fuel B,4.2,63.65,267.5
Vessel C,4000,14.09,2148.8,0.537,2134.7,Calm,Green Fuel,6.31,42.67,269.41
Vessel A,5000,8.9,4355.2,0.871,1314.0,Calm,Fuel B,6.15,10.88,66.95
Vessel A,5000,12.83,4209.4,0.842,2385.5,Moderate,Fuel B,7.75,36.15,280.13
Vessel B,7000,12.9,2685.3,0.384,3372.7,Moderate,Fuel B,10.89,31.6,344.19
Vessel D,9000,13.58,7812.0,0.868,1381.0,Moderate,Fuel A,4.24,50.11,212.28
Vessel D,9000,17.95,8254.2,0.917,3236.5,Calm,Green Fuel,7.51,130.48,980.03
Vessel B,7000,16.56,5250.3,0.75,3655.5,Calm,Green Fuel,9.2,76.79,706.18
Vessel D,9000,19.84,1972.0,0.219,2850.8,Moderate,Fuel B,5.99,103.55,619.94
Vessel C,4000,12.38,1679.9,0.42,2600.4,Calm,Green Fuel,8.75,26.84,234.85
Vessel D,9000,15.52,7787.9,0.865,3719.6,Rough,Green Fuel,9.99,101.76,1016.26
Vessel C,4000,17.87,2294.0,0.574,451.6,Moderate,Green Fuel,1.05,86.01,90.58
Vessel A,5000,8.22,3476.5,0.695,3348.7,Moderate,Green Fuel,16.97,9.45,160.34
Vessel C,4000,19.65,2920.0,0.73,2775.1,Calm,Fuel A,5.89,108.36,637.71
Vessel B,7000,18.24,3007.9,0.43,2845.9,Rough,Fuel B,6.5,100.11,650.68
Vessel B,7000,14.83,4170.3,0.596,3281.9,Moderate,Fuel B,9.22,56.24,518.68
Vessel B,7000,16.33,1515.5,0.216,1501.2,Calm,Fuel B,3.83,53.05,203.19
Vessel B,7000,16.5,2212.0,0.316,2490.4,Calm,Green Fuel,6.29,65.17,409.84
Vessel D,9000,16.36,3018.2,0.335,2021.5,Moderate,Fuel A,5.15,67.57,347.89
Vessel A,5000,12.06,4949.2,0.99,2617.0,Rough,Fuel B,9.04,36.24,327.8
Vessel B,7000,11.66,3729.8,0.533,277.9,Calm,Fuel B,0.99,23.42,23.26
Vessel A,5000,13.39,2639.3,0.528,2635.8,Calm,Fuel A,8.2,33.25,272.72
Vessel B,7000,10.29,3659.3,0.523,572.3,Rough,Fuel A,2.32,20.97,48.62
Vessel C,4000,12.5,3798.5,0.95,2489.4,Moderate,Fuel A,8.3,33.56,278.57
Vessel C,4000,11.98,3044.6,0.761,1341.7,Moderate,Fuel B,4.67,25.39,118.49
Vessel D,9000,20.54,7700.5,0.856,3931.8,Moderate,Fuel B,7.98,168.04,1340.33
Vessel A,5000,11.23,1142.1,0.228,779.8,Rough,Green Fuel,2.89,21.95,63.52
Vessel B,7000,18.63,4038.0,0.577,3472.7,Rough,Fuel A,7.77,123.29,957.51
Vessel A,5000,12.66,3647.2,0.729,2730.0,Moderate,Fuel B,8.99,34.8,312.67
Vessel B,7000,10.94,4841.0,0.692,575.6,Calm,Green Fuel,2.19,24.53,53.78
Vessel C,4000,12.09,2167.7,0.542,3385.1,Calm,Green Fuel,11.67,23.63,275.66
Vessel A,5000,18.6,2089.3,0.418,3425.2,Moderate,Green Fuel,7.67,103.09,791.1
Vessel B,7000,17.15,1841.2,0.263,301.4,Calm,Fuel A,0.73,64.97,47.57
Vessel C,4000,9.59,3623.2,0.906,3101.3,Moderate,Green Fuel,13.47,18.68,251.62
Vessel A,5000,13.74,2270.5,0.454,1629.4,Moderate,Fuel B,4.94,38.72,191.29
Vessel C,4000,14.58,1567.2,0.392,2717.5,Rough,Green Fuel,7.77,51.98,403.77
Vessel A,5000,18.44,1303.9,0.261,577.3,Calm,Green Fuel,1.3,76.78,100.19
Vessel B,7000,19.96,4637.3,0.662,3613.1,Calm,Fuel B,7.54,128.49,968.99
Vessel D,9000,9.63,7151.2,0.795,1831.4,Rough,Green Fuel,7.92,23.95,189.78
Vessel C,4000,20.92,1751.6,0.438,955.2,Rough,Green Fuel,1.9,158.92,302.39
Vessel B,7000,17.78,2467.3,0.352,1462.5,Calm,Green Fuel,3.43,85.62,293.46
Vessel A,5000,10.32,1102.7,0.221,3083.3,Moderate,Fuel B,12.45,12.37,154.0
Vessel B,7000,12.15,3080.5,0.44,3582.8,Moderate,Fuel B,12.29,25.03,307.58
Vessel D,9000,17.34,2618.2,0.291,2636.9,Calm,Fuel B,6.34,66.0,418.31
Vessel A,5000,10.59,1417.6,0.284,1680.7,Calm,Green Fuel,6.61,14.86,98.3
Vessel A,5000,17.71,4303.5,0.861,3919.9,Rough,Fuel B,9.22,109.37,1008.86
Vessel D,9000,13.56,8890.2,0.988,3365.6,Rough,Fuel B,10.34,64.76,669.64
Vessel C,4000,9.92,2940.6,0.735,3252.6,Rough,Fuel A,13.67,18.76,256.44
Vessel D,9000,21.77,4572.3,0.508,2146.4,Rough,Fuel A,4.11,219.05,899.83
Vessel D,9000,19.71,5748.9,0.639,3990.1,Calm,Green Fuel,8.44,134.15,1131.7
Vessel D,9000,11.67,6365.2,0.707,1616.3,Calm,Green Fuel,5.77,29.91,172.52
Vessel A,5000,19.19,3220.1,0.644,282.4,Moderate,Green Fuel,0.61,130.32,79.94
Vessel D,9000,11.9,6976.1,0.775,1042.9,Moderate,Fuel A,3.65,31.72,115.8
Vessel B,7000,17.43,2880.9,0.412,392.0,Rough,Fuel B,0.94,96.75,90.68
Vessel A,5000,14.57,2276.6,0.455,2014.0,Rough,Green Fuel,5.76,54.32,312.82
Vessel C,4000,13.19,1424.9,0.356,722.9,Moderate,Green Fuel,2.28,31.26,71.41
Vessel B,7000,20.66,1885.6,0.269,3711.7,Rough,Fuel B,7.49,145.95,1092.77
Vessel C,4000,12.13,3664.7,0.916,1769.3,Calm,Fuel B,6.08,28.18,171.2
Vessel D,9000,13.55,2087.3,0.232,1337.8,Calm,Fuel B,4.11,30.38,124.99
Vessel A,5000,21.21,4636.5,0.927,2386.8,Moderate,Fuel B,4.69,155.53,729.23
Vessel B,7000,17.45,4190.8,0.599,666.2,Rough,Fuel A,1.59,101.77,161.91
Vessel A,5000,9.99,3078.9,0.616,1191.7,Calm,Fuel B,4.97,14.81,73.59
Vessel A,5000,11.23,3495.5,0.699,2112.2,Moderate,Fuel B,7.84,21.46,168.22
Vessel A,5000,11.54,1894.4,0.379,376.4,Rough,Fuel B,1.36,22.05,29.97
Vessel B,7000,13.87,6162.3,0.88,3476.7,Rough,Fuel A,10.45,64.71,675.88
Vessel D,9000,19.92,5945.3,0.661,280.7,Calm,Fuel A,0.59,116.39,68.32
Vessel A,5000,14.02,1285.1,0.257,2799.5,Calm,Fuel B,8.32,32.78,272.69
Vessel B,7000,17.15,6027.5,0.861,1385.0,Rough,Fuel B,3.37,115.89,389.99
Vessel C,4000,10.29,1905.8,0.476,2487.1,Moderate,Fuel A,10.07,15.2,153.17
Vessel B,7000,15.87,5820.1,0.831,274.2,Calm,Green Fuel,0.72,75.13,54.09
Vessel C,4000,10.75,2767.2,0.692,740.1,Rough,Green Fuel,2.87,20.95,60.09
Vessel C,4000,20.1,1372.1,0.343,2257.0,Rough,Fuel A,4.68,104.68,489.68
Vessel D,9000,13.4,5621.3,0.625,239.4,Moderate,Fuel B,0.74,44.02,32.76
Vessel D,9000,19.22,8362.0,0.929,1338.4,Calm,Green Fuel,2.9,148.16,429.79
Vessel B,7000,20.15,1904.8,0.272,3900.0,Calm,Fuel A,8.06,105.28,848.9
Vessel D,9000,19.04,6804.4,0.756,3725.1,Calm,Fuel B,8.15,116.64,950.91
Vessel B,7000,19.09,6710.1,0.959,1194.9,Calm,Green Fuel,2.61,141.52,369.01
Vessel B,7000,20.53,5605.3,0.801,2617.6,Moderate,Fuel A,5.31,163.07,866.26
Vessel C,4000,19.42,1076.5,0.269,2613.9,Calm,Fuel A,5.61,81.31,456.09
Vessel B,7000,13.3,3486.2,0.498,757.2,Moderate,Fuel B,2.37,37.89,89.86
Vessel D,9000,13.02,1946.5,0.216,386.2,Moderate,Green Fuel,1.24,31.42,38.84
Vessel D,9000,14.34,3799.8,0.422,2452.6,Moderate,Fuel A,7.13,48.46,345.39
Vessel C,4000,17.06,3741.7,0.935,1730.6,Calm,Fuel A,4.23,79.47,335.96
Vessel D,9000,17.51,7683.5,0.854,1983.7,Calm,Fuel A,4.72,94.19,444.54
Vessel B,7000,10.72,3762.8,0.538,2237.5,Moderate,Fuel B,8.7,19.31,168.05
Vessel B,7000,16.91,3910.6,0.559,3041.3,Calm,Green Fuel,7.5,81.48,610.78
Vessel D,9000,12.81,2647.1,0.294,3160.8,Moderate,Green Fuel,10.28,33.66,346.23
Vessel B,7000,19.13,2513.6,0.359,740.1,Calm,Green Fuel,1.61,107.05,172.58
Vessel D,9000,10.72,4489.5,0.499,2156.0,Moderate,Fuel B,8.38,20.49,171.77
Vessel D,9000,17.52,3181.9,0.354,833.4,Calm,Green Fuel,1.98,82.09,162.68
Vessel D,9000,8.1,4782.5,0.531,1994.5,Calm,Fuel A,10.26,8.53,87.5
Vessel C,4000,17.01,1123.7,0.281,1783.9,Moderate,Fuel B,4.37,56.08,244.98
Vessel C,4000,9.03,3455.0,0.864,1215.9,Calm,Fuel B,5.61,11.05,62.02
Vessel D,9000,14.46,4579.7,0.509,2956.6,Calm,Fuel B,8.52,46.51,396.34
Vessel A,5000,18.85,2011.7,0.402,2943.3,Calm,Fuel B,6.51,85.06,553.42
Vessel C,4000,12.17,3429.8,0.857,683.2,Calm,Fuel B,2.34,26.94,62.99
Vessel C,4000,20.37,2170.7,0.543,1169.9,Calm,Fuel A,2.39,110.43,264.28
Vessel B,7000,13.22,6728.3,0.961,601.5,Rough,Fuel B,1.9,55.15,104.57
Vessel C,4000,14.4,1111.0,0.278,923.3,Moderate,Fuel B,2.67,36.4,97.24
Vessel B,7000,18.77,5524.0,0.789,3423.9,Calm,Fuel B,7.6,106.95,813.05
Vessel C,4000,11.04,3079.4,0.77,3293.7,Moderate,Fuel B,12.43,19.87,247.0
Vessel D,9000,9.16,5556.3,0.617,1235.7,Moderate,Green Fuel,5.62,16.71,93.88
Vessel D,9000,11.13,4462.2,0.496,300.1,Calm,Green Fuel,1.12,24.48,27.5
Vessel D,9000,11.45,7469.2,0.83,3797.3,Moderate,Green Fuel,13.82,34.97,483.13
Vessel A,5000,15.66,3955.1,0.791,2011.3,Rough,Fuel A,5.35,74.09,396.41
Vessel D,9000,8.1,6836.7,0.76,2587.2,Calm,Fuel A,13.31,9.85,131.2
Vessel C,4000,18.58,2910.2,0.728,3752.8,Calm,Fuel A,8.41,90.72,763.28
Vessel A,5000,20.02,4491.7,0.898,1438.1,Moderate,Fuel B,2.99,155.17,464.51
Vessel A,5000,14.82,2755.0,0.551,592.1,Moderate,Fuel B,1.66,43.43,72.31
Vessel D,9000,16.1,3959.7,0.44,3744.3,Moderate,Fuel B,9.69,69.79,676.39
Vessel B,7000,19.22,2425.9,0.347,2187.0,Moderate,Fuel A,4.74,98.77,468.34
Vessel D,9000,9.75,7454.7,0.828,2104.5,Moderate,Fuel B,8.99,16.95,152.48
Vessel B,7000,21.84,2804.1,0.401,838.7,Calm,Green Fuel,1.6,162.68,260.25
Vessel C,4000,12.27,2154.6,0.539,3549.0,Calm,Green Fuel,12.05,23.9,287.94
Vessel D,9000,15.27,5874.1,0.653,3598.9,Calm,Green Fuel,9.82,65.17,640.17
Vessel D,9000,10.13,1979.7,0.22,2717.0,Moderate,Fuel A,11.18,13.48,150.74
Vessel A,5000,8.15,1204.8,0.241,3720.2,Rough,Green Fuel,19.03,8.72,165.85
Vessel B,7000,8.15,2982.4,0.426,579.6,Moderate,Green Fuel,2.96,8.56,25.37
Vessel C,4000,12.67,2048.5,0.512,2037.7,Calm,Fuel A,6.7,24.18,162.01
Vessel A,5000,13.47,1307.7,0.262,1405.1,Calm,Fuel A,4.35,27.83,120.97
Vessel B,7000,8.31,4078.2,0.583,2866.6,Moderate,Green Fuel,14.37,9.89,142.19
Vessel D,9000,9.05,5086.4,0.565,1253.2,Moderate,Fuel A,5.77,13.02,75.11
Vessel B,7000,14.73,2345.9,0.335,3799.7,Moderate,Fuel B,10.75,44.65,479.81
Vessel C,4000,20.81,3459.3,0.865,2731.1,Moderate,Fuel A,5.47,156.67,856.76
Vessel D,9000,15.98,8530.3,0.948,1664.2,Calm,Fuel B,4.34,73.14,317.32
Vessel B,7000,20.48,6135.5,0.876,999.8,Moderate,Fuel B,2.03,163.11,331.76
Vessel B,7000,10.0,3601.3,0.514,3091.8,Calm,Fuel B,12.88,13.97,180.04
Vessel B,7000,17.64,1841.3,0.263,957.7,Moderate,Fuel B,2.26,74.84,169.28
Vessel D,9000,17.78,2516.3,0.28,3559.2,Calm,Fuel A,8.34,79.45,662.69
Vessel B,7000,19.48,6140.9,0.877,363.2,Rough,Green Fuel,0.78,186.99,145.28
Vessel C,4000,21.98,1694.8,0.424,625.9,Moderate,Fuel A,1.19,123.51,146.55
Vessel C,4000,8.18,3425.5,0.856,1881.8,Calm,Green Fuel,9.59,9.53,91.39
Vessel C,4000,12.41,2220.3,0.555,2672.0,Moderate,Fuel A,8.97,31.81,285.32
Vessel C,4000,19.65,3211.7,0.803,2019.2,Moderate,Fuel B,4.28,120.02,513.89
Vessel A,5000,10.36,3929.3,0.786,3985.0,Calm,Fuel A,16.02,17.32,277.57
Vessel B,7000,14.61,1928.4,0.275,3389.4,Moderate,Fuel B,9.67,42.33,409.13
Vessel A,5000,13.3,4975.2,0.995,2580.4,Moderate,Fuel A,8.09,46.02,372.17
Vessel C,4000,15.27,1974.0,0.494,937.7,Moderate,Green Fuel,2.56,57.83,147.95
Vessel B,7000,12.8,3800.9,0.543,1545.4,Moderate,Fuel B,5.03,29.87,150.26
Vessel B,7000,8.37,1444.6,0.206,555.3,Calm,Fuel A,2.76,7.48,20.66
Vessel B,7000,15.88,5353.9,0.765,2890.5,Rough,Fuel B,7.58,79.76,604.71
Vessel C,4000,14.34,3994.8,0.999,1691.6,Calm,Green Fuel,4.92,53.92,265.06
Vessel C,4000,18.95,968.9,0.242,592.1,Moderate,Fuel B,1.3,80.95,105.38
Vessel B,7000,13.8,6831.7,0.976,1551.1,Moderate,Fuel A,4.68,51.25,239.97
Vessel B,7000,12.13,2888.5,0.413,716.5,Moderate,Green Fuel,2.46,27.98,68.84
Vessel C,4000,21.49,3508.2,0.877,3394.7,Calm,Fuel B,6.58,161.29,1061.67
Vessel D,9000,19.9,3155.9,0.351,1178.7,Moderate,Fuel A,2.47,111.07,274.07
Vessel B,7000,16.29,4657.4,0.665,1800.2,Moderate,Green Fuel,4.6,80.94,372.62
Vessel D,9000,17.32,3032.9,0.337,2535.5,Calm,Green Fuel,6.1,74.91,456.86
Vessel C,4000,17.29,1218.4,0.305,3822.3,Calm,Fuel B,9.21,63.84,588.07
Vessel B,7000,13.3,5958.1,0.851,1022.6,Moderate,Fuel A,3.2,49.77,159.5
Vessel D,9000,17.78,4535.5,0.504,2145.1,Moderate,Green Fuel,5.03,98.01,492.63
Vessel B,7000,18.35,5989.0,0.856,3283.7,Moderate,Fuel B,7.46,122.36,912.28
Vessel D,9000,16.92,5627.0,0.625,527.3,Calm,Fuel A,1.3,81.82,106.26
Vessel D,9000,10.23,5954.4,0.662,338.4,Moderate,Fuel A,1.38,18.2,25.09
Vessel D,9000,9.25,4607.2,0.512,603.3,Moderate,Green Fuel,2.72,13.89,37.77
Vessel B,7000,11.22,4120.8,0.589,964.5,Moderate,Green Fuel,3.58,25.41,90.98
Vessel A,5000,13.99,2874.9,0.575,2644.6,Rough,Fuel B,7.88,48.34,380.65
Vessel C,4000,16.65,1356.3,0.339,1034.7,Calm,Fuel B,2.59,46.53,120.47
Vessel C,4000,15.79,2296.5,0.574,1497.1,Moderate,Fuel A,3.95,53.97,213.16
Vessel C,4000,17.24,2748.4,0.687,3363.2,Moderate,Fuel A,8.13,75.24,611.5
Vessel D,9000,13.69,3180.4,0.353,3890.2,Calm,Fuel A,11.84,37.04,438.52
Vessel D,9000,14.37,8267.0,0.919,1940.3,Moderate,Fuel B,5.63,53.22,299.5
Vessel A,5000,10.93,4165.2,0.833,3083.2,Moderate,Green Fuel,11.75,27.48,322.82
Vessel A,5000,21.04,1179.8,0.236,558.6,Moderate,Fuel A,1.11,117.25,129.68
Vessel B,7000,15.8,4721.3,0.674,2794.4,Calm,Fuel A,7.37,59.75,440.34
Vessel C,4000,19.19,2859.5,0.715,1382.8,Calm,Fuel B,3.0,90.14,270.59
Vessel A,5000,13.04,3447.8,0.69,1923.4,Calm,Fuel B,6.15,33.31,204.73
Vessel A,5000,16.47,1039.2,0.208,312.8,Moderate,Green Fuel,0.79,63.0,49.86
Vessel A,5000,9.43,3667.6,0.734,1041.4,Rough,Fuel A,4.6,16.01,73.67
Vessel A,5000,8.26,4364.6,0.873,543.2,Rough,Fuel A,2.74,12.57,34.45
Vessel A,5000,13.96,2231.9,0.446,532.4,Calm,Fuel B,1.59,32.24,51.25
Vessel B,7000,20.98,2594.8,0.371,255.0,Rough,Fuel B,0.51,161.01,81.55
Vessel A,5000,9.58,2372.0,0.474,1212.4,Moderate,Fuel A,5.27,11.64,61.38
Vessel B,7000,13.66,1693.8,0.242,981.1,Moderate,Fuel B,2.99,32.9,98.42
Vessel C,4000,13.65,3743.2,0.936,2005.7,Moderate,Fuel A,6.12,43.51,266.35
Vessel A,5000,8.02,1441.8,0.288,2851.6,Moderate,Green Fuel,14.82,6.98,103.45
Vessel C,4000,19.79,3677.1,0.919,241.8,Calm,Fuel A,0.51,112.56,57.29
Vessel B,7000,17.11,3365.5,0.481,2626.4,Moderate,Fuel B,6.4,71.32,456.2
Vessel C,4000,19.23,3992.2,0.998,3357.5,Calm,Fuel A,7.27,114.13,830.27
Vessel B,7000,21.58,1470.4,0.21,2486.7,Calm,Fuel A,4.8,124.05,595.67
Vessel C,4000,10.87,2845.1,0.711,2267.0,Moderate,Fuel B,8.69,21.56,187.43
Vessel B,7000,8.11,2814.0,0.402,2949.3,Calm,Green Fuel,15.16,7.63,115.73
Vessel A,5000,15.25,4218.8,0.844,2870.7,Moderate,Fuel A,7.84,67.91,532.64
Vessel A,5000,15.78,2804.9,0.561,2552.3,Calm,Fuel B,6.74,55.63,374.8
Vessel A,5000,17.61,3758.5,0.752,3931.1,Moderate,Fuel A,9.3,93.53,870.15
Vessel C,4000,14.06,2119.8,0.53,3628.6,Calm,Green Fuel,10.75,38.45,413.38
Vessel B,7000,13.3,2601.8,0.372,3444.8,Moderate,Green Fuel,10.79,35.43,382.26
Vessel A,5000,18.5,4619.2,0.924,698.5,Calm,Fuel B,1.57,103.46,162.78
Vessel D,9000,20.15,5730.6,0.637,3840.9,Rough,Fuel A,7.94,161.14,1280.02
Vessel D,9000,18.11,2564.8,0.285,3660.7,Calm,Fuel B,8.42,72.43,609.95
Vessel B,7000,10.32,1910.1,0.273,3651.3,Moderate,Fuel B,14.74,15.52,228.72
Vessel C,4000,12.6,2424.5,0.606,2161.9,Moderate,Green Fuel,7.15,33.63,240.45
Vessel B,7000,18.38,2234.6,0.319,1519.2,Calm,Green Fuel,3.44,87.08,299.85
Vessel D,9000,14.36,2372.5,0.264,1108.1,Calm,Green Fuel,3.22,49.66,159.68
Vessel C,4000,17.11,2654.0,0.664,448.0,Rough,Fuel B,1.09,86.2,94.03
Vessel B,7000,21.01,3003.0,0.429,2132.7,Calm,Fuel A,4.23,132.8,561.82
Vessel A,5000,20.46,4652.6,0.931,2012.9,Calm,Fuel A,4.1,133.27,546.34
Vessel D,9000,19.71,7076.5,0.786,2798.3,Calm,Green Fuel,5.92,161.36,954.54
Vessel C,4000,20.18,2937.8,0.734,2604.9,Moderate,Fuel B,5.38,123.24,662.98
Vessel A,5000,11.05,2917.1,0.583,629.4,Moderate,Fuel A,2.37,22.72,53.94
Vessel A,5000,12.58,3754.7,0.751,1783.8,Calm,Fuel B,5.91,30.83,182.16
Vessel A,5000,21.57,1306.7,0.261,2975.6,Calm,Fuel B,5.75,107.53,618.03
Vessel A,5000,11.78,2396.5,0.479,695.9,Rough,Green Fuel,2.46,28.66,70.53
Vessel A,5000,19.31,3609.1,0.722,3365.4,Rough,Green Fuel,7.26,156.57,1137.01
Vessel B,7000,10.36,2952.6,0.422,3895.7,Calm,Green Fuel,15.67,15.14,237.18
Vessel B,7000,9.09,4914.6,0.702,1575.2,Rough,Fuel A,7.22,16.45,118.73
Vessel B,7000,11.72,2636.8,0.377,448.8,Calm,Green Fuel,1.6,22.76,36.31
Vessel D,9000,19.0,5997.8,0.666,3488.3,Calm,Fuel B,7.65,98.75,755.3
Vessel B,7000,14.67,5970.3,0.853,323.3,Moderate,Green Fuel,0.92,70.67,64.9
Vessel D,9000,12.0,2690.4,0.299,433.8,Calm,Fuel B,1.51,21.22,31.96
Vessel B,7000,17.93,4294.0,0.613,841.7,Calm,Green Fuel,1.96,94.09,184.0
Vessel A,5000,21.14,1112.6,0.223,2295.4,Moderate,Fuel B,4.52,109.73,496.41
Vessel B,7000,15.41,3378.7,0.483,1931.3,Calm,Fuel B,5.22,52.69,275.21
Vessel D,9000,17.32,5297.2,0.589,2857.0,Calm,Fuel B,6.87,78.0,536.06
Vessel A,5000,9.81,4638.4,0.928,281.4,Moderate,Fuel A,1.2,16.97,20.28
Vessel A,5000,8.8,2979.4,0.596,2674.8,Calm,Fuel A,12.66,9.86,124.82
Vessel D,9000,20.29,4828.3,0.536,3092.2,Moderate,Fuel B,6.35,149.44,949.16
Vessel A,5000,11.36,2236.2,0.447,3439.8,Calm,Fuel A,12.61,19.72,248.73
Vessel C,4000,14.43,3979.0,0.995,313.3,Moderate,Fuel A,0.9,52.57,47.54
Vessel D,9000,8.61,8692.7,0.966,3404.8,Rough,Fuel B,16.47,14.99,246.89
Vessel B,7000,15.27,2563.7,0.366,2223.5,Moderate,Fuel B,6.07,55.94,339.32
Vessel A,5000,18.42,1755.3,0.351,3648.2,Rough,Fuel A,8.25,86.03,710.09
Vessel B,7000,11.96,6934.4,0.991,3890.1,Rough,Green Fuel,13.55,43.54,590.21
Vessel B,7000,8.26,5451.7,0.779,3894.5,Rough,Fuel B,19.65,11.51,226.27
Vessel A,5000,14.75,3067.1,0.613,1940.1,Rough,Fuel A,5.48,64.3,352.48
Vessel B,7000,19.79,5046.2,0.721,3240.2,Calm,Fuel B,6.82,112.36,766.68
Vessel C,4000,11.93,847.1,0.212,896.6,Moderate,Fuel B,3.13,17.81,55.74
Vessel D,9000,21.45,3349.6,0.372,3877.8,Calm,Fuel A,7.53,133.45,1005.05
Vessel B,7000,10.56,3629.8,0.519,853.2,Rough,Fuel B,3.37,22.22,74.8
Vessel C,4000,13.61,3807.6,0.952,702.1,Calm,Green Fuel,2.15,50.38,108.29
Vessel A,5000,10.42,1487.0,0.297,696.4,Moderate,Fuel B,2.79,15.64,43.57
Vessel D,9000,10.21,3532.2,0.392,2078.4,Rough,Green Fuel,8.48,19.82,168.03
Vessel A,5000,18.79,1677.8,0.336,2597.1,Calm,Green Fuel,5.76,92.21,531.14
Vessel B,7000,12.56,4622.1,0.66,1035.5,Calm,Green Fuel,3.43,37.83,129.93
Vessel D,9000,17.1,8261.9,0.918,3535.8,Moderate,Fuel A,8.62,112.32,967.82
Vessel B,7000,17.45,4320.4,0.617,1074.5,Moderate,Fuel A,2.57,93.68,240.33
Vessel B,7000,14.39,4153.1,0.593,311.9,Moderate,Fuel A,0.9,48.95,44.22
Vessel C,4000,20.75,1934.8,0.484,504.7,Moderate,Fuel B,1.01,109.66,111.12
Vessel D,9000,12.08,5989.3,0.665,2651.6,Moderate,Fuel A,9.15,34.74,317.84
Vessel A,5000,11.88,2525.4,0.505,2419.0,Calm,Fuel A,8.49,21.59,183.26
Vessel C,4000,11.61,829.9,0.207,3773.4,Moderate,Fuel A,13.54,16.46,222.97
Vessel C,4000,19.58,1452.1,0.363,2927.4,Calm,Fuel B,6.23,84.21,524.68
Vessel A,5000,13.58,4316.2,0.863,3846.0,Moderate,Fuel B,11.8,45.63,538.5
Vessel B,7000,18.93,5131.8,0.733,2377.9,Calm,Green Fuel,5.23,111.14,581.7
Vessel B,7000,13.93,3204.4,0.458,773.3,Calm,Fuel B,2.31,33.74,78.07
Vessel B,7000,18.97,6845.0,0.978,1686.9,Moderate,Fuel A,3.71,130.9,484.99
Vessel C,4000,13.77,3953.8,0.988,3509.7,Calm,Green Fuel,10.62,43.45,461.55
Vessel A,5000,15.1,2974.7,0.595,473.0,Calm,Fuel B,1.31,47.95,62.6
Vessel D,9000,16.49,1908.2,0.212,1083.0,Calm,Fuel B,2.74,52.53,143.78
Vessel D,9000,16.07,7254.9,0.806,1238.8,Moderate,Fuel B,3.21,74.73,239.97
Vessel A,5000,11.33,2844.7,0.569,1749.7,Calm,Fuel B,6.44,19.62,126.29
Vessel B,7000,17.94,1555.3,0.222,1596.9,Rough,Fuel A,3.71,84.58,313.62
Vessel B,7000,9.22,4153.0,0.593,587.1,Calm,Fuel B,2.65,12.38,32.84
Vessel A,5000,14.67,2673.5,0.535,2516.3,Calm,Fuel A,7.15,43.37,309.99
Vessel C,4000,20.67,3218.4,0.805,3595.5,Calm,Green Fuel,7.25,137.67,997.62
Vessel A,5000,12.46,2742.6,0.549,3622.2,Moderate,Fuel B,12.11,28.86,349.42
Vessel B,7000,21.26,2749.8,0.393,2176.5,Calm,Fuel B,4.26,129.07,550.47
Vessel B,7000,13.22,4963.4,0.709,1670.1,Moderate,Fuel B,5.26,39.23,206.44
Vessel B,7000,20.72,1438.7,0.206,995.1,Calm,Fuel B,2.0,108.16,216.45
Vessel A,5000,17.28,4807.2,0.961,1718.4,Moderate,Green Fuel,4.14,101.17,419.22
Vessel D,9000,14.53,3948.9,0.439,2989.2,Calm,Fuel B,8.57,36.88,316.2
Vessel A,5000,12.7,4183.6,0.837,1831.1,Calm,Fuel A,6.01,29.18,175.34
Vessel D,9000,20.12,7697.6,0.855,216.3,Calm,Fuel A,0.45,165.53,74.15
Vessel A,5000,21.57,3692.9,0.739,3428.8,Calm,Green Fuel,6.62,166.66,1104.1
Vessel B,7000,16.25,5415.0,0.774,3390.8,Calm,Fuel A,8.69,69.12,600.88
Vessel A,5000,11.74,4220.4,0.844,271.5,Rough,Green Fuel,0.96,35.63,34.34
Vessel D,9000,17.16,2595.8,0.288,2174.7,Rough,Fuel A,5.28,90.53,477.96
Vessel C,4000,10.5,2549.0,0.637,442.8,Rough,Fuel B,1.76,18.19,31.96
Vessel B,7000,19.27,6641.4,0.949,1654.1,Rough,Fuel B,3.58,157.36,562.89
Vessel A,5000,15.84,4524.5,0.905,710.9,Moderate,Fuel B,1.87,61.98,115.9
Vessel D,9000,19.46,5649.5,0.628,231.3,Moderate,Green Fuel,0.5,135.11,66.94
Vessel D,9000,10.28,6602.9,0.734,1713.1,Moderate,Fuel A,6.94,18.4,127.76
Vessel A,5000,12.26,1646.9,0.329,3502.6,Calm,Fuel A,11.91,18.83,224.28
Vessel B,7000,17.34,6226.8,0.89,3703.8,Moderate,Fuel B,8.9,101.2,900.75
Vessel C,4000,12.46,3774.2,0.944,2008.8,Moderate,Fuel B,6.72,34.43,231.31
Vessel B,7000,10.21,3830.8,0.547,1538.0,Moderate,Green Fuel,6.28,18.43,115.72
Vessel D,9000,20.54,6096.7,0.677,1658.0,Moderate,Fuel A,3.36,184.97,622.02
Vessel B,7000,9.07,5557.5,0.794,1951.7,Calm,Fuel B,8.96,12.08,108.28
Vessel C,4000,16.0,1089.0,0.272,1522.7,Calm,Green Fuel,3.97,48.44,192.09
Vessel C,4000,17.57,2247.1,0.562,573.2,Calm,Green Fuel,1.36,68.93,93.69
Vessel B,7000,15.96,6785.4,0.969,2030.3,Moderate,Green Fuel,5.3,95.73,507.35
Vessel B,7000,19.54,4706.9,0.672,3205.6,Rough,Fuel A,6.83,153.41,1048.38
Vessel D,9000,16.47,6188.2,0.688,303.5,Moderate,Fuel B,0.77,86.65,66.53
Vessel A,5000,14.99,2224.1,0.445,357.3,Rough,Fuel A,0.99,61.28,60.87
Vessel B,7000,14.17,6709.1,0.958,3059.1,Rough,Fuel A,9.0,66.82,601.26
Vessel A,5000,13.36,4288.6,0.858,2946.8,Moderate,Fuel A,9.19,41.18,378.52
Vessel C,4000,11.1,2785.8,0.696,3295.4,Moderate,Green Fuel,12.37,25.13,310.96
Vessel B,7000,12.36,2611.6,0.373,2147.0,Rough,Fuel B,7.24,29.02,210.09
Vessel A,5000,18.82,3860.6,0.772,420.7,Moderate,Fuel A,0.93,116.27,108.27
Vessel A,5000,12.14,4449.2,0.89,3046.4,Moderate,Green Fuel,10.46,32.95,344.67
Vessel D,9000,15.34,7483.3,0.831,3079.7,Moderate,Fuel A,8.37,69.73,583.34
Vessel B,7000,17.28,3770.7,0.539,988.8,Calm,Fuel A,2.38,66.73,159.07
Vessel A,5000,17.08,3337.7,0.668,1411.2,Rough,Green Fuel,3.44,105.42,362.94
Vessel C,4000,19.53,1447.7,0.362,3680.9,Calm,Green Fuel,7.85,105.99,832.3
Vessel B,7000,16.54,5896.3,0.842,1636.5,Rough,Fuel A,4.12,97.24,400.86
Vessel A,5000,21.34,2920.1,0.584,978.4,Moderate,Green Fuel,1.91,161.24,308.1
Vessel B,7000,14.47,3276.6,0.468,1646.0,Rough,Green Fuel,4.74,56.63,268.43
Vessel D,9000,17.66,6769.8,0.752,1345.9,Rough,Fuel A,3.18,117.57,373.32
Vessel D,9000,11.36,2078.3,0.231,2974.6,Calm,Fuel A,10.91,17.04,185.86
Vessel D,9000,10.45,6890.3,0.766,3033.2,Calm,Green Fuel,12.09,23.03,278.48
Vessel D,9000,8.49,7833.9,0.87,3045.4,Moderate,Green Fuel,14.95,13.55,202.47
Vessel D,9000,9.72,5369.3,0.597,2088.8,Moderate,Green Fuel,8.95,18.9,169.15
Vessel A,5000,21.25,2043.9,0.409,3529.9,Moderate,Fuel B,6.92,128.42,888.9
Vessel C,4000,13.76,1969.5,0.492,293.8,Calm,Green Fuel,0.89,36.0,32.02
Vessel A,5000,9.84,3590.0,0.718,2473.4,Moderate,Fuel B,10.48,15.26,159.88
Vessel C,4000,9.65,965.8,0.241,2823.5,Moderate,Fuel A,12.19,10.38,126.5
Vessel D,9000,21.8,2792.8,0.31,228.5,Calm,Fuel B,0.44,139.47,60.91
Vessel D,9000,21.06,3988.5,0.443,1989.0,Moderate,Fuel A,3.94,151.06,594.54
Vessel A,5000,16.62,4886.5,0.977,334.0,Moderate,Green Fuel,0.84,94.8,79.4
Vessel D,9000,10.49,5202.5,0.578,840.2,Rough,Fuel A,3.34,24.42,81.48
Vessel C,4000,11.54,3750.4,0.938,539.1,Calm,Fuel B,1.95,23.29,45.32
Vessel B,7000,21.35,4858.7,0.694,2321.4,Calm,Fuel B,4.53,151.72,687.43
Vessel A,5000,15.15,3900.4,0.78,1250.9,Calm,Fuel A,3.44,50.78,174.65
Vessel B,7000,19.43,5741.5,0.82,3331.9,Calm,Fuel B,7.15,121.56,868.79
Vessel B,7000,18.82,5520.3,0.789,2134.9,Calm,Green Fuel,4.73,115.48,545.68
Vessel A,5000,16.36,1003.3,0.201,1187.3,Calm,Fuel B,3.02,45.34,137.07
Vessel A,5000,9.94,1834.7,0.367,2314.6,Moderate,Fuel B,9.7,13.3,129.0
Vessel B,7000,12.53,4559.2,0.651,2081.6,Calm,Fuel B,6.92,30.38,210.3
Vessel C,4000,18.95,2604.5,0.651,862.9,Calm,Fuel A,1.9,94.09,178.54
Vessel C,4000,19.22,873.5,0.218,426.9,Rough,Fuel B,0.93,99.6,92.16
Vessel D,9000,10.77,7041.5,0.782,287.5,Calm,Fuel B,1.11,19.61,21.81
Vessel A,5000,16.9,1621.4,0.324,1278.0,Moderate,Fuel B,3.15,61.64,194.2
Vessel A,5000,16.98,4748.4,0.95,3097.6,Rough,Fuel A,7.6,107.88,820.22
Vessel B,7000,16.75,5273.3,0.753,850.3,Moderate,Fuel A,2.12,85.96,181.82
Vessel A,5000,14.43,4852.8,0.971,834.3,Calm,Fuel A,2.41,52.0,125.24
Vessel A,5000,13.27,4551.5,0.91,542.8,Rough,Fuel B,1.7,54.51,92.92
Vessel B,7000,21.43,2936.9,0.42,363.3,Rough,Fuel A,0.71,181.62,128.29
Vessel B,7000,12.11,4945.3,0.706,1035.1,Calm,Green Fuel,3.56,31.33,111.56
Vessel A,5000,16.3,2559.7,0.512,852.5,Moderate,Green Fuel,2.18,69.11,150.57
Vessel C,4000,20.14,3423.4,0.856,2253.0,Moderate,Fuel B,4.66,121.35,565.65
Vessel B,7000,15.56,1992.4,0.285,964.5,Calm,Fuel B,2.58,42.18,108.94
Vessel C,4000,9.95,1719.5,0.43,3863.3,Calm,Green Fuel,16.18,13.84,224.02
Vessel C,4000,11.3,2086.4,0.522,2415.8,Calm,Fuel B,8.91,18.33,163.28
Vessel D,9000,16.06,5836.3,0.648,2879.2,Calm,Fuel A,7.47,64.09,478.77
Vessel C,4000,20.34,3740.4,0.935,1594.9,Rough,Green Fuel,3.27,196.4,641.73
Vessel D,9000,9.38,6497.5,0.722,1255.9,Rough,Green Fuel,5.58,19.33,107.86
Vessel B,7000,19.97,5565.5,0.795,2296.7,Rough,Green Fuel,4.79,205.22,983.58
Vessel C,4000,10.7,2399.6,0.6,638.0,Rough,Fuel B,2.48,21.32,52.95
Vessel A,5000,17.77,1683.0,0.337,3679.9,Calm,Green Fuel,8.63,74.47,642.67
Vessel C,4000,8.48,1257.9,0.314,1959.2,Calm,Fuel B,9.63,6.4,61.57
Vessel C,4000,16.47,3638.9,0.91,1741.1,Moderate,Fuel A,4.4,74.4,327.69
Vessel B,7000,15.48,4941.6,0.706,3385.5,Rough,Fuel B,9.11,76.73,699.37
Vessel C,4000,10.83,920.4,0.23,2422.2,Calm,Fuel A,9.32,13.05,121.59
Vessel D,9000,8.75,8337.1,0.926,729.0,Rough,Fuel B,3.47,16.62,57.66
Vessel B,7000,16.41,3167.3,0.452,2804.4,Calm,Fuel B,7.12,59.72,425.18
Vessel C,4000,21.08,2024.4,0.506,2009.4,Calm,Fuel B,3.97,113.43,450.52
Vessel C,4000,12.31,2802.7,0.701,1810.0,Calm,Fuel A,6.13,27.25,166.94
Vessel B,7000,14.84,5067.1,0.724,1745.0,Moderate,Green Fuel,4.9,59.06,289.45
Vessel A,5000,12.51,2185.6,0.437,3472.8,Calm,Fuel B,11.57,24.81,287.05
Vessel B,7000,21.43,2578.5,0.368,1500.9,Moderate,Green Fuel,2.92,158.59,462.91
Vessel D,9000,20.69,8732.5,0.97,2944.3,Rough,Fuel B,5.93,225.72,1338.1
Vessel A,5000,19.83,3136.1,0.627,1135.4,Moderate,Fuel A,2.39,120.27,286.86
Vessel C,4000,12.92,3970.4,0.993,658.7,Calm,Fuel B,2.12,34.97,74.27
Vessel B,7000,16.1,2850.2,0.407,583.6,Rough,Fuel A,1.51,80.38,121.37
Vessel B,7000,19.35,2900.4,0.414,1864.0,Rough,Green Fuel,4.01,150.01,602.17
Vessel D,9000,11.91,1965.7,0.218,2936.9,Rough,Fuel B,10.28,27.75,285.14
Vessel D,9000,13.3,5878.3,0.653,2254.9,Calm,Green Fuel,7.07,44.39,313.69
Vessel A,5000,21.08,4517.1,0.903,3747.1,Moderate,Fuel B,7.41,170.67,1263.98
Vessel C,4000,15.05,3978.4,0.995,1225.4,Moderate,Fuel B,3.39,54.59,185.14
Vessel B,7000,10.53,6623.8,0.946,398.6,Moderate,Fuel A,1.58,22.75,35.87
Vessel D,9000,10.16,8026.8,0.892,3763.7,Rough,Fuel A,15.43,26.27,405.33
Vessel A,5000,13.25,4971.3,0.994,3880.5,Moderate,Fuel B,12.21,43.21,527.35
Vessel D,9000,19.14,5863.5,0.652,2769.5,Moderate,Green Fuel,6.03,136.85,824.97
Vessel B,7000,18.73,6934.5,0.991,738.6,Rough,Fuel A,1.64,138.76,227.95
Vessel A,5000,10.77,1440.5,0.288,2326.0,Rough,Fuel A,9.0,19.31,173.75
Vessel C,4000,11.44,2632.5,0.658,2275.9,Rough,Green Fuel,8.29,28.57,236.79
Vessel D,9000,15.86,1961.6,0.218,3928.7,Rough,Fuel B,10.32,62.02,640.09
Vessel A,5000,12.0,1561.3,0.312,1698.1,Calm,Green Fuel,5.9,22.78,134.29
Vessel C,4000,15.33,3551.3,0.888,2041.2,Moderate,Fuel B,5.55,61.21,339.55
Vessel A,5000,12.89,4796.2,0.959,234.1,Calm,Fuel A,0.76,34.43,26.06
Vessel C,4000,20.67,1011.7,0.253,285.0,Moderate,Green Fuel,0.57,111.92,64.29
Vessel A,5000,19.11,1488.3,0.298,3649.0,Rough,Fuel B,7.96,106.71,848.91
Vessel A,5000,18.02,3136.2,0.627,3318.1,Moderate,Fuel A,7.67,77.88,597.38
Vessel D,9000,16.53,2653.4,0.295,3969.7,Moderate,Fuel A,10.01,68.67,687.08
Vessel B,7000,17.69,1990.2,0.284,2382.7,Moderate,Fuel A,5.61,73.39,411.91
Vessel B,7000,8.28,4310.1,0.616,2892.2,Calm,Fuel A,14.55,8.33,121.17
Vessel B,7000,11.55,2420.3,0.346,2035.1,Calm,Fuel A,7.34,20.99,154.13
Vessel C,4000,19.02,3528.8,0.882,1603.5,Moderate,Fuel A,3.51,134.18,471.25
Vessel C,4000,9.91,2435.4,0.609,1316.8,Calm,Fuel B,5.54,13.29,73.57
Vessel A,5000,18.35,2118.9,0.424,1660.6,Moderate,Green Fuel,3.77,100.44,378.69
Vessel D,9000,13.0,6314.8,0.702,2310.3,Rough,Green Fuel,7.4,53.06,392.79
Vessel A,5000,15.97,2985.8,0.597,1089.8,Rough,Fuel A,2.84,78.37,222.84
Vessel B,7000,8.15,6267.9,0.895,1000.6,Calm,Green Fuel,5.12,9.94,50.89
Vessel D,9000,17.54,6323.0,0.703,1194.4,Calm,Green Fuel,2.84,105.98,300.77
Vessel C,4000,9.14,2450.4,0.613,2278.5,Moderate,Fuel A,10.39,10.59,110.06
Vessel A,5000,15.28,1730.1,0.346,346.2,Calm,Fuel A,0.94,42.48,40.1
Vessel C,4000,9.99,2725.6,0.681,523.7,Rough,Fuel A,2.19,16.81,36.74
Vessel A,5000,19.3,1837.5,0.367,1179.6,Calm,Fuel A,2.55,85.88,218.72
Vessel A,5000,14.72,3589.8,0.718,1756.3,Moderate,Green Fuel,4.97,59.6,296.37
Vessel C,4000,21.81,2320.6,0.58,2153.7,Moderate,Green Fuel,4.11,156.73,644.77
Vessel B,7000,9.13,5613.8,0.802,3615.0,Rough,Fuel A,16.5,16.18,267.02
Vessel B,7000,12.98,2686.7,0.384,208.2,Moderate,Fuel B,0.67,32.09,21.45
Vessel D,9000,13.9,5825.0,0.647,3638.0,Rough,Green Fuel,10.9,62.7,683.62
Vessel D,9000,17.47,2635.6,0.293,929.4,Rough,Green Fuel,2.22,109.9,243.62
Vessel B,7000,11.87,4610.9,0.659,1109.7,Moderate,Green Fuel,3.89,34.06,132.65
Vessel B,7000,17.63,2936.9,0.42,2827.3,Calm,Fuel A,6.68,70.21,469.17
Vessel B,7000,8.17,4377.8,0.625,1400.8,Moderate,Fuel A,7.15,9.87,70.51
Vessel B,7000,20.69,3852.4,0.55,1430.0,Calm,Fuel B,2.88,130.72,376.47
Vessel B,7000,8.81,2063.7,0.295,2076.7,Moderate,Green Fuel,9.82,10.6,104.09
Vessel D,9000,15.77,2005.7,0.223,601.4,Moderate,Fuel B,1.59,50.54,80.32
Vessel C,4000,15.56,2765.7,0.691,601.8,Moderate,Green Fuel,1.61,64.24,103.54
Vessel C,4000,18.58,2807.2,0.702,3484.8,Moderate,Fuel B,7.82,84.47,660.15
Vessel A,5000,10.03,4615.3,0.923,552.5,Moderate,Green Fuel,2.3,20.5,47.05
Vessel B,7000,16.93,4070.4,0.581,528.7,Calm,Green Fuel,1.3,74.1,96.41
Vessel C,4000,21.33,2558.1,0.64,2998.9,Moderate,Green Fuel,5.86,159.39,933.95
Vessel B,7000,18.69,5819.2,0.831,3172.3,Moderate,Fuel A,7.07,119.78,847.08
Vessel C,4000,16.49,2565.4,0.641,3016.2,Moderate,Fuel A,7.62,65.51,499.15
Vessel A,5000,20.73,4079.9,0.816,3374.4,Calm,Fuel B,6.78,124.37,843.65
Vessel D,9000,16.14,8250.7,0.917,271.2,Moderate,Green Fuel,0.7,108.71,76.11
Vessel D,9000,12.31,5117.9,0.569,824.8,Moderate,Fuel B,2.79,32.39,90.41
Vessel C,4000,18.13,3877.0,0.969,966.9,Moderate,Green Fuel,2.22,115.89,257.46
Vessel B,7000,8.56,6407.6,0.915,3985.4,Calm,Fuel A,19.4,10.53,204.4
Vessel D,9000,13.13,7759.5,0.862,3680.5,Calm,Green Fuel,11.68,44.85,523.96
Vessel B,7000,8.61,3493.9,0.499,2686.3,Calm,Fuel A,13.01,9.55,124.17
Vessel C,4000,8.09,822.0,0.205,415.2,Moderate,Fuel A,2.14,5.49,11.74
Vessel A,5000,18.1,4685.1,0.937,3931.9,Rough,Green Fuel,9.05,142.55,1289.98
Vessel D,9000,16.01,8998.6,1.0,536.3,Calm,Fuel A,1.4,76.87,107.26
Vessel A,5000,19.27,4068.6,0.814,471.8,Calm,Green Fuel,1.02,120.49,122.89
Vessel D,9000,12.15,5850.0,0.65,3927.4,Moderate,Fuel B,13.47,31.86,429.24
Vessel D,9000,18.3,3233.0,0.359,2696.5,Moderate,Fuel A,6.14,81.42,499.98
Vessel B,7000,19.23,6612.0,0.945,2254.4,Calm,Green Fuel,4.88,151.42,739.48
Vessel C,4000,9.89,2410.8,0.603,2350.8,Calm,Green Fuel,9.91,14.53,143.93
Vessel C,4000,9.79,2218.3,0.555,615.3,Rough,Fuel A,2.62,13.84,36.25
Vessel D,9000,13.93,2091.7,0.232,674.7,Moderate,Fuel B,2.02,37.87,76.42
Vessel C,4000,14.25,3207.7,0.802,560.7,Calm,Fuel A,1.64,38.98,63.9
Vessel C,4000,16.35,3378.2,0.845,2892.8,Moderate,Fuel B,7.37,65.43,482.47
Vessel A,5000,17.69,3380.4,0.676,3942.3,Moderate,Fuel A,9.28,87.46,812.0
Vessel B,7000,8.11,1939.0,0.277,2869.6,Moderate,Green Fuel,14.74,7.38,108.72
Vessel C,4000,8.41,2113.8,0.528,3178.3,Calm,Green Fuel,15.74,7.77,122.4
Vessel A,5000,12.41,3270.3,0.654,930.5,Calm,Fuel A,3.12,26.43,82.58
Vessel D,9000,18.67,5061.9,0.562,3578.4,Calm,Fuel A,7.98,97.66,779.73
Vessel A,5000,15.61,4431.2,0.886,3576.8,Rough,Fuel B,9.55,73.41,700.93
Vessel B,7000,12.66,3246.9,0.464,237.0,Rough,Green Fuel,0.78,37.07,28.91
Vessel C,4000,18.96,3454.7,0.864,1649.8,Moderate,Green Fuel,3.63,126.63,459.11
Vessel C,4000,8.94,938.4,0.235,2661.8,Moderate,Green Fuel,12.4,9.11,113.04
Vessel A,5000,19.64,3179.9,0.636,1970.1,Calm,Green Fuel,4.18,122.54,512.18
Vessel B,7000,13.14,1622.1,0.232,498.7,Rough,Green Fuel,1.58,35.2,55.66
Vessel C,4000,20.22,1792.5,0.448,1233.9,Rough,Green Fuel,2.54,158.14,402.02
Vessel A,5000,17.48,2965.7,0.593,3196.1,Moderate,Fuel A,7.62,92.8,706.96
Vessel C,4000,21.46,2235.6,0.559,2969.9,Moderate,Fuel B,5.77,121.31,699.58
Vessel B,7000,12.17,3564.5,0.509,3826.9,Rough,Fuel A,13.1,35.5,465.24
Vessel B,7000,19.97,4321.8,0.617,560.0,Calm,Fuel B,1.17,120.67,141.01
Vessel A,5000,10.61,2344.0,0.469,747.4,Moderate,Fuel A,2.93,16.91,49.63
Vessel C,4000,21.82,2006.7,0.502,1747.7,Moderate,Fuel A,3.34,131.82,439.98
Vessel D,9000,10.55,4509.9,0.501,405.0,Rough,Fuel B,1.6,23.1,36.95
Vessel A,5000,20.66,1604.5,0.321,2025.5,Calm,Fuel A,4.08,120.48,492.06
Vessel D,9000,9.75,2137.4,0.237,2393.7,Rough,Fuel A,10.23,15.32,156.75
Vessel B,7000,9.26,6314.0,0.902,2957.5,Rough,Fuel A,13.31,18.72,249.15
Vessel A,5000,19.18,2337.9,0.468,741.7,Calm,Green Fuel,1.61,95.7,154.19
Vessel C,4000,18.86,3202.5,0.801,3181.2,Calm,Fuel B,7.03,108.1,759.64
Vessel D,9000,9.42,2042.2,0.227,1089.7,Calm,Green Fuel,4.82,13.23,63.79
Vessel A,5000,9.74,1735.1,0.347,3652.9,Moderate,Green Fuel,15.63,14.5,226.52
Vessel C,4000,20.03,1730.6,0.433,868.9,Calm,Fuel A,1.81,96.27,174.03
Vessel B,7000,12.03,6536.2,0.934,892.5,Calm,Fuel B,3.09,30.9,95.54
Vessel C,4000,18.82,1275.5,0.319,236.8,Moderate,Fuel B,0.52,82.92,43.47
Vessel C,4000,12.39,2935.4,0.734,1656.1,Calm,Green Fuel,5.57,29.74,165.59
Vessel D,9000,13.24,2924.9,0.325,3673.4,Calm,Fuel B,11.56,30.58,353.53
Vessel C,4000,14.3,1623.5,0.406,2346.8,Calm,Fuel A,6.84,34.73,237.49
Vessel C,4000,10.15,3334.7,0.834,767.5,Calm,Fuel B,3.15,15.65,49.33
Vessel C,4000,16.68,3746.2,0.937,2411.5,Calm,Fuel A,6.02,72.51,436.75
Vessel D,9000,20.98,2362.4,0.262,2966.7,Moderate,Fuel B,5.89,122.29,720.57
Vessel D,9000,18.54,4400.7,0.489,3681.8,Calm,Fuel B,8.27,91.59,757.85
Vessel B,7000,13.91,5040.8,0.72,1767.6,Moderate,Fuel B,5.3,43.18,228.69
Vessel B,7000,15.61,3488.7,0.498,3077.2,Rough,Green Fuel,8.21,74.28,609.97
Vessel C,4000,9.45,2607.9,0.652,2108.2,Calm,Green Fuel,9.29,12.23,113.62
Vessel C,4000,10.1,1062.3,0.266,1681.1,Moderate,Fuel B,6.93,13.73,95.15
Vessel C,4000,20.91,1454.8,0.364,2453.0,Calm,Fuel B,4.89,99.33,485.54
Vessel C,4000,8.19,2102.3,0.526,3296.3,Calm,Fuel A,16.77,7.03,117.9
Vessel B,7000,10.02,5207.4,0.744,3608.9,Calm,Fuel A,15.01,15.66,235.11
Vessel D,9000,18.86,8840.1,0.982,2541.6,Moderate,Fuel B,5.61,143.56,805.95
Vessel C,4000,12.14,2309.7,0.577,1747.6,Rough,Fuel B,6.0,29.58,177.47
Vessel B,7000,21.73,5851.3,0.836,1897.5,Calm,Green Fuel,3.64,190.31,692.52
Vessel C,4000,20.54,1570.1,0.393,2570.8,Moderate,Fuel B,5.22,107.44,560.31
Vessel A,5000,19.01,3259.7,0.652,3863.0,Moderate,Fuel A,8.46,118.76,1005.31
Vessel B,7000,11.11,4841.1,0.692,2065.2,Calm,Fuel B,7.75,19.64,152.15
Vessel D,9000,19.44,2041.4,0.227,3707.1,Moderate,Fuel A,7.94,105.72,839.82
Vessel C,4000,10.74,1725.4,0.431,2055.1,Moderate,Fuel A,7.97,17.38,138.51
Vessel C,4000,9.88,2275.8,0.569,818.0,Moderate,Green Fuel,3.45,14.58,50.3
Vessel A,5000,18.63,2253.9,0.451,2340.5,Moderate,Fuel A,5.23,94.86,496.49
Vessel C,4000,12.86,3516.3,0.879,2055.7,Moderate,Green Fuel,6.66,39.17,260.93
Vessel A,5000,21.29,4771.8,0.954,3514.8,Moderate,Green Fuel,6.88,205.7,1414.87
Vessel A,5000,20.35,1328.0,0.266,1821.2,Calm,Green Fuel,3.73,104.51,389.64
Vessel A,5000,14.39,1190.0,0.238,3676.3,Moderate,Fuel A,10.64,38.17,406.33
Vessel A,5000,10.17,2301.9,0.46,302.5,Calm,Green Fuel,1.24,14.57,18.06
Vessel B,7000,11.11,3537.0,0.505,1115.4,Moderate,Green Fuel,4.18,23.73,99.28
Vessel D,9000,20.97,7873.3,0.875,3293.3,Calm,Fuel A,6.54,178.85,1170.08
Vessel A,5000,14.35,4307.7,0.862,1271.1,Moderate,Fuel B,3.69,49.94,184.27
Vessel B,7000,18.41,4619.4,0.66,3721.6,Moderate,Fuel A,8.42,109.4,921.2
Vessel C,4000,12.09,2043.0,0.511,1695.4,Moderate,Green Fuel,5.84,27.27,159.3
Vessel A,5000,12.72,2983.6,0.597,2643.2,Calm,Fuel A,8.66,29.44,254.83
Vessel B,7000,8.12,5139.7,0.734,3308.7,Moderate,Fuel A,16.98,9.43,160.04
Vessel C,4000,12.78,2071.5,0.518,1497.3,Calm,Fuel A,4.88,26.15,127.62
Vessel A,5000,14.86,2793.2,0.559,628.4,Calm,Fuel B,1.76,40.32,71.06
Vessel B,7000,11.29,6314.6,0.902,3726.7,Calm,Fuel A,13.76,24.39,335.49
Vessel A,5000,12.96,1067.5,0.213,2921.8,Moderate,Fuel B,9.4,25.09,235.74
Vessel C,4000,16.16,1648.7,0.412,1558.0,Calm,Fuel B,4.02,50.9,204.46
Vessel C,4000,17.14,1179.8,0.295,3769.4,Calm,Fuel A,9.16,55.99,513.02
Vessel C,4000,12.49,3356.3,0.839,3278.8,Moderate,Fuel B,10.94,32.94,360.24
Vessel C,4000,14.34,3513.5,0.878,215.5,Calm,Fuel A,0.63,41.99,26.29
Vessel A,5000,19.55,2466.2,0.493,3078.6,Calm,Fuel B,6.56,102.69,673.78
Vessel C,4000,16.37,887.1,0.222,2190.6,Moderate,Fuel A,5.58,59.33,330.79
Vessel C,4000,10.45,1124.5,0.281,2428.1,Calm,Fuel A,9.68,11.96,115.78
Vessel D,9000,17.98,5000.7,0.556,3335.0,Calm,Fuel A,7.73,86.83,671.17
Vessel D,9000,21.77,4477.9,0.498,2280.4,Rough,Green Fuel,4.37,240.33,1049.12
Vessel B,7000,16.75,2353.2,0.336,3636.0,Rough,Green Fuel,9.04,88.92,804.2
Vessel C,4000,11.94,1675.1,0.419,3026.5,Calm,Fuel B,10.56,18.79,198.48
Vessel B,7000,8.88,4885.9,0.698,1946.3,Rough,Fuel B,9.13,13.72,125.31
Vessel B,7000,9.2,2977.8,0.425,3294.5,Moderate,Green Fuel,14.92,12.84,191.51
Vessel D,9000,9.43,4225.2,0.469,3823.0,Calm,Fuel B,16.89,13.15,222.01
Vessel B,7000,13.84,2854.0,0.408,1767.9,Calm,Fuel B,5.32,33.52,178.38
Vessel A,5000,11.62,1900.5,0.38,2944.4,Calm,Green Fuel,10.56,21.46,226.57
Vessel B,7000,8.17,1987.2,0.284,344.5,Calm,Green Fuel,1.76,7.71,13.54
Vessel A,5000,12.64,1871.9,0.374,2633.3,Calm,Fuel B,8.68,25.18,218.64
Vessel C,4000,20.03,3003.0,0.751,2747.2,Rough,Green Fuel,5.71,165.58,946.01
Vessel D,9000,8.49,4079.9,0.453,360.1,Calm,Green Fuel,1.77,10.32,18.22
Vessel D,9000,11.87,3990.3,0.443,2084.1,Moderate,Green Fuel,7.32,32.15,235.2
Vessel B,7000,12.61,3455.0,0.494,3665.3,Moderate,Fuel A,12.11,33.86,410.14
Vessel D,9000,13.44,3667.9,0.408,3121.2,Rough,Fuel B,9.68,41.15,398.19
Vessel D,9000,11.3,7216.8,0.802,1447.8,Moderate,Green Fuel,5.34,32.42,173.02
Vessel B,7000,20.44,4234.1,0.605,3460.7,Moderate,Green Fuel,7.05,158.04,1114.72
Vessel C,4000,18.41,896.3,0.224,807.0,Moderate,Fuel B,1.83,69.81,127.53
Vessel C,4000,17.48,3616.5,0.904,3438.2,Rough,Fuel B,8.2,101.15,829.15
Vessel B,7000,9.05,4524.4,0.646,2778.3,Calm,Fuel B,12.79,10.6,135.65
Vessel C,4000,17.55,2722.1,0.681,860.8,Rough,Fuel B,2.04,97.53,199.37
Vessel B,7000,18.33,6408.7,0.916,3450.2,Moderate,Green Fuel,7.84,130.89,1026.31
Vessel D,9000,12.04,8021.7,0.891,2191.8,Moderate,Fuel B,7.58,32.82,248.9
Vessel D,9000,10.27,8924.0,0.992,767.5,Moderate,Fuel B,3.11,23.71,73.81
Vessel B,7000,8.79,2138.9,0.306,1001.4,Rough,Fuel B,4.75,11.59,55.0
Vessel C,4000,14.77,3620.4,0.905,601.1,Rough,Green Fuel,1.7,63.79,108.17
Vessel B,7000,8.87,4858.1,0.694,3198.2,Calm,Fuel A,15.03,10.56,158.71
Vessel D,9000,12.67,5056.3,0.562,2696.7,Calm,Green Fuel,8.87,36.01,319.4
Vessel C,4000,20.0,3651.9,0.913,2300.9,Rough,Fuel A,4.79,155.9,747.44
Vessel C,4000,13.41,3514.7,0.879,2841.2,Rough,Fuel B,8.83,46.81,413.14
Vessel D,9000,19.8,1974.7,0.219,2981.7,Calm,Green Fuel,6.27,115.05,721.87
Vessel A,5000,19.96,4345.0,0.869,1282.4,Calm,Green Fuel,2.68,139.13,372.4
Vessel C,4000,21.95,3864.3,0.966,1311.4,Calm,Fuel B,2.49,176.09,438.3
Vessel A,5000,12.76,4217.1,0.843,291.7,Moderate,Green Fuel,0.95,40.06,38.17
Vessel A,5000,8.93,3311.1,0.662,969.2,Rough,Fuel B,4.52,11.99,54.24
Vessel B,7000,21.88,6885.3,0.984,754.6,Calm,Green Fuel,1.44,212.29,305.02
Vessel B,7000,10.06,5305.5,0.758,3037.6,Moderate,Fuel A,12.58,19.89,250.27
Vessel D,9000,19.0,8922.2,0.991,2781.6,Calm,Green Fuel,6.1,153.76,938.07
Vessel C,4000,8.62,1501.5,0.375,3219.0,Rough,Fuel B,15.57,9.65,150.14
Vessel A,5000,10.07,3488.8,0.698,2312.2,Moderate,Green Fuel,9.57,19.43,185.91
Vessel D,9000,16.68,3666.8,0.407,638.5,Calm,Green Fuel,1.6,72.23,115.25
Vessel C,4000,19.98,3478.2,0.87,2521.2,Moderate,Green Fuel,5.26,139.16,731.65
Vessel C,4000,9.28,1761.9,0.44,3546.0,Calm,Fuel B,15.92,9.27,147.52
Vessel D,9000,13.68,8302.1,0.922,2794.0,Moderate,Fuel B,8.51,53.6,456.04
Vessel B,7000,20.94,3399.5,0.486,3719.7,Moderate,Fuel B,7.4,153.9,1139.36
Vessel D,9000,16.62,5027.1,0.559,1691.3,Calm,Green Fuel,4.24,84.02,356.25
Vessel A,5000,19.66,4572.4,0.914,2005.1,Rough,Green Fuel,4.25,187.3,796.01
Vessel B,7000,19.8,2901.6,0.415,1786.6,Moderate,Fuel A,3.76,118.85,446.89
Vessel A,5000,19.13,1099.3,0.22,3863.7,Calm,Green Fuel,8.42,87.91,739.86
Vessel D,9000,19.04,8596.1,0.955,1448.2,Calm,Fuel B,3.17,132.26,419.1
Vessel A,5000,20.28,1393.4,0.279,2049.0,Calm,Green Fuel,4.21,93.85,395.13
Vessel C,4000,19.69,1659.1,0.415,2400.6,Rough,Fuel A,5.08,117.15,595.14
Vessel C,4000,19.33,1391.0,0.348,770.0,Moderate,Green Fuel,1.66,90.16,149.64
Vessel D,9000,21.95,8596.1,0.955,427.0,Moderate,Green Fuel,0.81,229.77,186.23
Vessel A,5000,16.51,1842.7,0.369,1577.5,Rough,Green Fuel,3.98,74.62,297.0
Vessel A,5000,19.81,3976.5,0.795,3159.3,Moderate,Fuel B,6.65,114.12,758.43
Vessel B,7000,13.94,6423.5,0.918,334.2,Rough,Green Fuel,1.0,68.03,67.94
Vessel B,7000,18.96,6628.6,0.947,671.0,Calm,Fuel A,1.47,116.66,171.98
Vessel D,9000,19.6,5693.2,0.633,1772.0,Moderate,Green Fuel,3.77,157.02,591.55
Vessel A,5000,15.26,2785.1,0.557,2058.6,Calm,Fuel B,5.62,48.72,273.83
Vessel A,5000,13.61,3372.6,0.675,521.0,Moderate,Fuel A,1.6,41.11,65.6
Vessel A,5000,17.72,2528.2,0.506,2409.5,Moderate,Fuel A,5.67,89.91,509.52
Vessel A,5000,16.72,2757.0,0.551,2057.3,Rough,Fuel A,5.13,81.37,417.08
Vessel B,7000,10.19,4543.4,0.649,3720.6,Calm,Green Fuel,15.21,18.38,279.62
Vessel A,5000,8.1,1533.7,0.307,1582.6,Moderate,Green Fuel,8.15,7.49,60.97
Vessel A,5000,9.73,3837.8,0.768,1480.8,Rough,Fuel B,6.34,18.6,118.0
Vessel D,9000,9.62,5891.8,0.655,457.1,Calm,Green Fuel,1.98,16.32,32.32
Vessel B,7000,11.12,3687.1,0.527,3283.4,Calm,Fuel B,12.3,21.17,260.35
Vessel B,7000,8.64,5817.8,0.831,563.9,Moderate,Green Fuel,2.72,12.2,33.18
Vessel D,9000,18.67,3750.6,0.417,1654.1,Rough,Fuel A,3.69,131.92,486.97
Vessel B,7000,11.35,3864.5,0.552,1716.6,Calm,Green Fuel,6.3,23.6,148.74
Vessel D,9000,12.79,1862.2,0.207,1993.6,Moderate,Fuel A,6.5,28.61,185.85
Vessel C,4000,11.29,3307.2,0.827,2215.6,Calm,Green Fuel,8.18,23.38,191.19
Vessel D,9000,14.07,4901.6,0.545,3662.9,Rough,Fuel A,10.85,57.39,622.48
Vessel A,5000,14.89,2079.7,0.416,2569.0,Calm,Green Fuel,7.19,45.95,330.29
Vessel C,4000,16.89,1579.4,0.395,1320.6,Calm,Fuel B,3.26,47.42,154.46
Vessel C,4000,14.89,2761.5,0.69,2060.7,Calm,Fuel A,5.77,44.64,257.42
Vessel B,7000,15.0,4321.5,0.617,759.1,Moderate,Fuel A,2.11,59.13,124.66
Vessel A,5000,13.98,1011.6,0.202,3754.8,Moderate,Fuel B,11.19,32.53,364.02
Vessel C,4000,17.0,3650.8,0.913,1894.5,Moderate,Fuel B,4.64,91.26,423.69
Vessel B,7000,10.62,3771.6,0.539,1377.5,Rough,Fuel B,5.4,21.22,114.65
Vessel C,4000,15.58,2805.7,0.701,3464.4,Rough,Green Fuel,9.26,79.02,732.13
Vessel A,5000,15.63,2734.1,0.547,1116.3,Moderate,Fuel B,2.98,57.79,171.92
Vessel C,4000,21.21,3790.6,0.948,3807.6,Calm,Fuel A,7.48,144.08,1077.49
Vessel A,5000,9.34,2212.0,0.442,3022.6,Calm,Fuel B,13.49,8.11,109.38
Vessel B,7000,20.07,3588.2,0.513,3521.1,Calm,Fuel A,7.31,112.32,820.88
Vessel A,5000,21.52,2902.5,0.58,3125.7,Moderate,Fuel B,6.05,149.48,904.41
Vessel C,4000,12.63,984.7,0.246,3658.9,Rough,Fuel B,12.07,28.29,341.31
Vessel D,9000,13.55,5993.8,0.666,1838.4,Moderate,Fuel A,5.66,43.54,246.22
Vessel C,4000,8.02,1846.0,0.461,3981.8,Calm,Green Fuel,20.69,7.53,155.83
Vessel A,5000,14.5,4803.9,0.961,580.7,Rough,Fuel B,1.67,63.07,105.26
Vessel D,9000,14.16,8202.3,0.911,3380.4,Calm,Fuel A,9.94,60.94,606.05
Vessel C,4000,11.49,2487.3,0.622,2206.5,Calm,Green Fuel,8.0,21.22,169.81
Vessel B,7000,21.19,1536.6,0.22,2596.4,Calm,Green Fuel,5.1,128.25,654.7
Vessel D,9000,10.52,7634.4,0.848,2613.5,Rough,Fuel A,10.35,28.38,293.79
Vessel C,4000,20.11,1727.6,0.432,1393.5,Moderate,Fuel B,2.89,115.53,333.52
Vessel B,7000,20.09,5265.3,0.752,271.2,Moderate,Green Fuel,0.56,179.01,100.66
Vessel B,7000,16.66,1880.8,0.269,1282.6,Calm,Green Fuel,3.21,58.04,186.22
Vessel B,7000,18.41,4147.0,0.592,3559.6,Calm,Fuel B,8.06,87.13,701.95
Vessel D,9000,17.39,8746.5,0.972,461.8,Rough,Green Fuel,1.11,144.08,159.43
Vessel B,7000,18.45,5651.6,0.807,1596.3,Rough,Fuel B,3.61,136.4,491.72
Vessel A,5000,17.24,4101.8,0.82,3730.1,Rough,Green Fuel,9.02,114.67,1033.96
Vessel A,5000,21.77,1927.6,0.386,888.1,Calm,Green Fuel,1.7,140.24,238.4
Vessel A,5000,10.36,3318.8,0.664,2038.0,Calm,Fuel A,8.19,15.63,128.09
Vessel C,4000,18.75,1807.1,0.452,3617.2,Calm,Fuel B,8.04,87.23,701.17
Vessel A,5000,21.55,4618.8,0.924,2526.6,Moderate,Green Fuel,4.89,198.44,969.59
Vessel A,5000,17.42,4167.5,0.834,3781.6,Moderate,Fuel B,9.05,83.62,756.41
Vessel C,4000,15.12,935.2,0.234,833.9,Rough,Fuel B,2.3,39.87,91.66
Vessel C,4000,18.57,1752.0,0.438,2751.7,Calm,Green Fuel,6.18,94.14,581.35
Vessel C,4000,14.46,2501.8,0.625,2860.0,Calm,Green Fuel,8.24,46.69,384.75
Vessel A,5000,21.19,4934.0,0.987,2646.7,Rough,Fuel A,5.21,214.73,1117.72
Vessel D,9000,8.77,3219.3,0.358,752.4,Moderate,Fuel B,3.57,10.11,36.15
Vessel D,9000,19.49,6872.5,0.764,3497.1,Moderate,Fuel B,7.48,133.47,997.81
Vessel C,4000,8.86,1106.2,0.277,1104.6,Calm,Fuel B,5.2,7.65,39.74
Vessel B,7000,14.52,2196.1,0.314,2727.0,Calm,Green Fuel,7.82,44.41,347.44
Vessel A,5000,16.14,2165.2,0.433,3057.6,Moderate,Fuel B,7.89,55.09,434.81
Vessel C,4000,9.35,3739.1,0.935,2659.0,Moderate,Green Fuel,11.85,15.82,187.46
Vessel D,9000,14.63,5295.4,0.588,448.4,Moderate,Fuel A,1.28,55.14,70.4
Vessel A,5000,20.26,1546.1,0.309,941.4,Moderate,Fuel B,1.94,111.34,215.55
Vessel B,7000,8.17,3373.4,0.482,414.2,Calm,Fuel B,2.11,7.82,16.52
Vessel C,4000,16.27,966.2,0.242,2940.5,Moderate,Fuel A,7.53,50.75,382.1
Vessel A,5000,18.2,1568.2,0.314,669.6,Calm,Fuel A,1.53,77.1,118.21
Vessel C,4000,14.43,2569.3,0.642,998.8,Calm,Fuel A,2.88,41.07,118.43
Vessel B,7000,11.54,2158.5,0.308,2905.3,Moderate,Fuel B,10.49,20.95,219.74
Vessel C,4000,9.82,2766.7,0.692,596.1,Calm,Fuel A,2.53,12.37,31.27
Vessel D,9000,17.06,3782.9,0.42,429.2,Calm,Green Fuel,1.05,74.73,78.31
Vessel D,9000,16.12,6322.6,0.703,1196.5,Calm,Green Fuel,3.09,77.31,239.16
Vessel C,4000,10.36,2997.3,0.749,3560.0,Rough,Green Fuel,14.32,23.14,331.32
Vessel B,7000,18.29,1439.1,0.206,735.4,Rough,Fuel B,1.68,104.69,175.4
Vessel B,7000,12.77,2991.3,0.427,459.3,Moderate,Fuel B,1.5,33.0,49.47
Vessel B,7000,16.96,2676.4,0.382,913.5,Rough,Fuel A,2.24,92.0,206.47
Vessel C,4000,19.99,2423.3,0.606,1082.8,Moderate,Green Fuel,2.26,132.83,299.82
Vessel C,4000,20.45,1201.6,0.3,1007.8,Moderate,Fuel B,2.05,96.46,198.1
Vessel C,4000,21.63,809.1,0.202,3979.1,Moderate,Fuel B,7.66,104.23,798.89
Vessel A,5000,16.85,1875.8,0.375,3007.9,Calm,Green Fuel,7.44,60.39,449.18
Vessel D,9000,13.77,5009.2,0.557,227.8,Calm,Green Fuel,0.69,45.87,31.61
Vessel A,5000,9.83,1967.8,0.394,2243.0,Calm,Green Fuel,9.5,12.72,120.89
Vessel A,5000,19.41,4654.2,0.931,497.7,Calm,Fuel B,1.07,119.49,127.67
Vessel A,5000,9.57,4707.0,0.941,1565.4,Moderate,Fuel B,6.81,15.18,103.42
Vessel C,4000,10.65,1686.3,0.422,3842.3,Rough,Fuel B,15.04,17.96,270.09
Vessel C,4000,18.78,2836.5,0.709,2612.4,Rough,Fuel A,5.8,131.09,759.96
Vessel A,5000,13.34,4718.0,0.944,3079.8,Moderate,Fuel A,9.62,42.93,413.01
Vessel B,7000,10.73,5077.3,0.725,269.0,Calm,Fuel B,1.05,21.18,22.14
Vessel C,4000,21.25,2758.8,0.69,2100.4,Rough,Fuel B,4.12,165.53,681.69
Vessel A,5000,17.21,2336.5,0.467,523.2,Calm,Fuel B,1.27,62.55,79.22
Vessel B,7000,20.37,1488.7,0.213,3383.6,Calm,Fuel B,6.92,92.56,640.62
Vessel D,9000,17.21,6363.9,0.707,2408.7,Calm,Fuel B,5.83,91.64,534.3
Vessel D,9000,16.2,4121.9,0.458,1128.7,Moderate,Green Fuel,2.9,80.31,233.19
Vessel A,5000,18.57,3485.8,0.697,1005.7,Moderate,Green Fuel,2.26,131.6,296.96
Vessel C,4000,8.98,1038.3,0.26,3674.2,Moderate,Fuel B,17.04,7.91,134.8
Vessel D,9000,20.78,6296.7,0.7,3826.9,Calm,Fuel B,7.67,151.67,1163.9
Vessel A,5000,12.49,1965.9,0.393,999.6,Calm,Fuel B,3.33,24.7,82.35
Vessel C,4000,17.97,1054.8,0.264,2569.9,Rough,Green Fuel,5.96,86.26,513.84
Vessel D,9000,9.88,7379.8,0.82,2171.1,Moderate,Fuel A,9.15,17.52,160.32
Vessel C,4000,17.64,3965.6,0.991,238.6,Moderate,Fuel A,0.56,90.54,51.04
Vessel D,9000,12.69,3715.9,0.413,1041.0,Moderate,Fuel B,3.42,30.06,102.75
Vessel B,7000,8.23,1482.9,0.212,2760.0,Calm,Fuel B,13.98,6.66,93.1
Vessel B,7000,12.96,1711.7,0.245,2857.6,Calm,Green Fuel,9.19,31.03,285.09
Vessel C,4000,11.73,2256.8,0.564,1691.3,Rough,Green Fuel,6.01,30.68,184.37
Vessel B,7000,8.6,6963.4,0.995,1433.7,Calm,Fuel B,6.94,11.11,77.12
Vessel C,4000,19.18,2946.5,0.737,2649.6,Calm,Fuel B,5.76,92.4,531.83
Vessel B,7000,19.0,6161.9,0.88,2235.4,Calm,Fuel B,4.9,120.31,589.93
Vessel D,9000,18.81,2642.1,0.294,1872.1,Moderate,Fuel B,4.15,95.61,396.5
Vessel B,7000,17.01,2796.2,0.399,934.8,Moderate,Fuel B,2.29,76.51,175.16
Vessel D,9000,18.34,6276.0,0.697,2234.5,Calm,Green Fuel,5.08,132.31,671.51
Vessel C,4000,21.95,2028.6,0.507,2214.1,Rough,Fuel A,4.2,165.02,693.72
Vessel A,5000,9.33,4902.5,0.98,2387.4,Moderate,Green Fuel,10.66,16.99,181.21
Vessel B,7000,21.2,6525.0,0.932,1762.0,Rough,Green Fuel,3.46,252.59,874.68
Vessel B,7000,11.16,2450.3,0.35,816.1,Rough,Fuel A,3.05,23.41,71.3
Vessel A,5000,9.92,1706.3,0.341,517.7,Moderate,Fuel B,2.18,14.17,30.83
Vessel C,4000,21.16,2903.6,0.726,2171.1,Calm,Fuel B,4.28,133.07,568.89
Vessel A,5000,11.72,4070.0,0.814,627.3,Calm,Fuel A,2.23,27.99,62.4
Vessel A,5000,10.9,4304.0,0.861,2362.9,Moderate,Fuel B,9.04,20.15,182.06
Vessel B,7000,13.35,2736.2,0.391,3492.8,Calm,Green Fuel,10.9,34.69,378.29
Vessel C,4000,13.69,3675.8,0.919,2979.6,Calm,Fuel B,9.07,41.55,376.64
Vessel A,5000,20.87,4798.7,0.96,3347.7,Rough,Fuel A,6.68,190.68,1274.52
Vessel B,7000,11.09,5491.8,0.785,1790.1,Rough,Green Fuel,6.73,34.29,230.7
Vessel A,5000,10.92,3876.8,0.775,2278.1,Moderate,Fuel A,8.7,21.22,184.53
Vessel A,5000,10.17,3493.8,0.699,1324.4,Moderate,Green Fuel,5.42,18.76,101.76
Vessel A,5000,8.79,3998.1,0.8,2199.3,Moderate,Fuel B,10.43,9.84,102.63
Vessel D,9000,19.65,8511.8,0.946,1754.4,Moderate,Green Fuel,3.72,170.74,635.04
Vessel C,4000,21.77,2450.6,0.613,1235.0,Calm,Green Fuel,2.36,157.64,372.58
Vessel C,4000,17.27,1284.1,0.321,614.9,Rough,Green Fuel,1.48,81.05,120.27
Vessel D,9000,16.3,6537.6,0.726,1897.7,Moderate,Fuel B,4.85,81.07,393.23
Vessel A,5000,8.06,2058.2,0.412,3988.3,Rough,Fuel A,20.62,8.32,171.43
Vessel C,4000,19.71,1139.1,0.285,2959.8,Moderate,Green Fuel,6.26,98.83,618.42
Vessel B,7000,17.23,4694.6,0.671,3159.7,Moderate,Green Fuel,7.64,98.52,752.67
Vessel A,5000,14.8,4162.6,0.833,3426.2,Moderate,Green Fuel,9.65,57.75,557.05
Vessel C,4000,14.98,2658.3,0.665,2447.7,Moderate,Fuel A,6.81,45.68,311.0
Vessel A,5000,9.3,1632.4,0.326,1082.2,Rough,Fuel A,4.85,12.34,59.83
Vessel B,7000,18.25,6782.9,0.969,860.7,Moderate,Fuel A,1.96,116.92,229.74
Vessel D,9000,16.4,5450.5,0.606,3873.1,Moderate,Fuel A,9.84,76.23,750.19
Vessel D,9000,18.95,8346.4,0.927,1705.9,Moderate,Green Fuel,3.75,178.72,670.29
Vessel D,9000,17.21,2286.5,0.254,2447.1,Moderate,Fuel A,5.92,79.07,468.41
Vessel A,5000,8.71,2956.6,0.591,3909.9,Rough,Fuel B,18.7,12.16,227.28
Vessel D,9000,20.67,8868.6,0.985,3911.5,Calm,Fuel A,7.89,170.67,1346.02
Vessel C,4000,9.81,2275.3,0.569,1898.6,Rough,Fuel A,8.06,16.27,131.15
Vessel A,5000,10.71,2039.8,0.408,3198.9,Rough,Fuel A,12.44,23.05,286.73
Vessel A,5000,14.07,3121.7,0.624,582.7,Moderate,Green Fuel,1.73,44.89,77.48
Vessel D,9000,15.83,6522.6,0.725,2881.2,Moderate,Green Fuel,7.58,81.41,617.32
Vessel A,5000,21.06,3143.5,0.629,2755.1,Calm,Fuel B,5.45,127.99,697.61
Vessel D,9000,12.76,4712.1,0.524,3383.3,Moderate,Green Fuel,11.05,40.13,443.49
Vessel B,7000,8.28,4242.9,0.606,3721.4,Calm,Fuel A,18.73,8.43,157.81
Vessel A,5000,14.97,2724.4,0.545,2607.6,Calm,Green Fuel,7.26,52.46,380.69
Vessel C,4000,8.04,1500.4,0.375,574.2,Rough,Green Fuel,2.98,9.01,26.81
Vessel B,7000,14.69,2701.9,0.386,549.3,Moderate,Fuel A,1.56,45.69,71.21
Vessel B,7000,19.31,2263.9,0.323,3037.1,Calm,Fuel B,6.55,85.62,561.22
Vessel C,4000,16.77,2930.4,0.733,364.8,Calm,Fuel B,0.91,62.48,56.63
Vessel B,7000,8.92,3053.8,0.436,2006.6,Moderate,Green Fuel,9.38,11.29,105.86
Vessel D,9000,15.36,1823.1,0.203,812.9,Calm,Green Fuel,2.21,52.67,116.18
Vessel B,7000,11.54,4443.8,0.635,3860.4,Calm,Fuel A,13.93,19.34,269.39
Vessel A,5000,17.27,2784.4,0.557,3376.8,Moderate,Fuel A,8.15,83.24,678.29
Vessel C,4000,10.59,1762.9,0.441,459.9,Calm,Green Fuel,1.81,16.18,29.26
Vessel D,9000,15.64,4259.9,0.473,1723.5,Moderate,Fuel B,4.59,67.77,311.09
Vessel C,4000,14.53,1005.5,0.251,2510.8,Moderate,Fuel B,7.2,35.0,252.06
Vessel C,4000,8.24,2787.1,0.697,2169.0,Rough,Fuel A,10.97,10.78,118.31
Vessel C,4000,9.95,1512.1,0.378,828.4,Moderate,Green Fuel,3.47,13.66,47.4
Vessel C,4000,11.69,3850.2,0.963,2609.1,Calm,Green Fuel,9.3,25.92,241.01
Vessel D,9000,19.29,6946.9,0.772,1470.8,Calm,Fuel A,3.18,121.06,384.6
Vessel D,9000,20.02,4100.2,0.456,3119.1,Calm,Green Fuel,6.49,127.02,824.47
Vessel C,4000,15.99,829.9,0.207,1494.7,Moderate,Fuel A,3.89,48.13,187.39
Vessel D,9000,20.54,3318.5,0.369,2708.9,Calm,Fuel B,5.5,107.49,590.75
Vessel B,7000,19.85,4466.8,0.638,1105.4,Moderate,Fuel B,2.32,127.48,295.81
Vessel A,5000,17.61,2718.3,0.544,671.4,Moderate,Fuel A,1.59,79.41,126.12
Vessel C,4000,15.96,3288.3,0.822,1922.2,Moderate,Fuel A,5.02,65.99,331.22
Vessel C,4000,12.88,3037.0,0.759,302.3,Calm,Green Fuel,0.98,33.85,33.09
Vessel B,7000,12.17,1638.3,0.234,2298.0,Moderate,Fuel A,7.86,25.26,198.65
Vessel D,9000,20.81,3662.3,0.407,3090.2,Moderate,Fuel B,6.19,116.63,721.59
Vessel B,7000,12.35,2867.0,0.41,340.3,Calm,Fuel B,1.15,24.23,27.81
Vessel A,5000,8.91,3003.9,0.601,2058.3,Rough,Fuel B,9.63,12.52,120.5
Vessel B,7000,18.4,3378.9,0.483,3269.6,Calm,Green Fuel,7.4,98.63,730.19
Vessel D,9000,16.41,2818.1,0.313,3434.2,Calm,Green Fuel,8.72,62.77,547.45
Vessel D,9000,17.01,2422.5,0.269,2524.9,Moderate,Green Fuel,6.18,77.38,478.54
Vessel C,4000,15.84,2462.0,0.616,3973.8,Moderate,Green Fuel,10.45,63.22,661.0
Vessel A,5000,13.28,4409.8,0.882,3453.4,Moderate,Green Fuel,10.84,45.74,495.64
Vessel C,4000,12.7,1546.6,0.387,1379.3,Calm,Fuel A,4.53,24.38,110.34
Vessel B,7000,19.34,1629.7,0.233,3669.7,Rough,Fuel B,7.91,113.53,897.81
Vessel A,5000,15.29,1403.0,0.281,300.5,Moderate,Green Fuel,0.82,48.86,40.0
Vessel D,9000,14.08,3824.2,0.425,1188.4,Calm,Fuel A,3.52,37.9,133.27
Vessel B,7000,14.02,1915.0,0.274,1481.9,Calm,Fuel B,4.41,30.65,135.02
Vessel C,4000,13.26,3834.6,0.959,2499.2,Moderate,Fuel A,7.85,40.92,321.24
Vessel B,7000,16.84,2656.4,0.379,3594.4,Moderate,Fuel B,8.89,61.99,551.19
Vessel A,5000,19.12,4890.3,0.978,1285.3,Calm,Green Fuel,2.8,142.35,398.75
Vessel C,4000,16.78,3983.2,0.996,3647.7,Moderate,Fuel A,9.06,84.9,769.16
Vessel C,4000,13.58,2414.4,0.604,647.7,Calm,Fuel A,1.99,32.35,64.3
Vessel B,7000,21.74,1628.4,0.233,1682.6,Moderate,Fuel B,3.23,131.85,425.27
Vessel A,5000,11.24,3996.7,0.799,2735.6,Moderate,Green Fuel,10.14,26.57,269.43
Vessel C,4000,8.18,822.4,0.206,3452.5,Moderate,Green Fuel,17.59,6.59,115.93
Vessel D,9000,20.05,5869.8,0.652,1842.9,Calm,Fuel A,3.83,126.38,484.0
Vessel C,4000,19.5,3925.4,0.981,2099.1,Calm,Green Fuel,4.49,131.2,588.52
Vessel C,4000,20.29,844.7,0.211,1387.4,Calm,Green Fuel,2.85,99.53,283.55
Vessel C,4000,13.37,2706.6,0.677,3062.8,Moderate,Green Fuel,9.54,44.83,427.86
Vessel C,4000,17.93,2476.9,0.619,1107.3,Calm,Fuel B,2.57,68.95,177.44
Vessel A,5000,12.28,1626.6,0.325,1152.2,Moderate,Green Fuel,3.91,27.24,106.52
Vessel A,5000,18.9,4442.5,0.889,3001.6,Calm,Fuel B,6.62,107.44,711.07
Vessel B,7000,10.14,3431.4,0.49,3802.2,Moderate,Green Fuel,15.62,18.02,281.61
Vessel A,5000,21.18,4555.3,0.911,3915.6,Rough,Fuel A,7.7,216.65,1668.75
Vessel C,4000,10.74,2955.6,0.739,3784.4,Rough,Fuel B,14.69,21.96,322.56
Vessel C,4000,19.7,3732.6,0.933,1498.3,Calm,Fuel A,3.17,118.47,375.5
Vessel D,9000,14.59,6842.4,0.76,3641.8,Calm,Fuel A,10.4,59.68,620.88
Vessel C,4000,13.11,2052.7,0.513,1113.5,Calm,Fuel B,3.54,28.33,100.27
Vessel C,4000,18.94,2397.4,0.599,3382.0,Calm,Fuel B,7.44,79.61,592.39
Vessel C,4000,17.22,2554.0,0.639,1564.1,Calm,Fuel B,3.78,74.92,283.49
Vessel A,5000,12.41,2342.5,0.468,3867.0,Rough,Fuel A,12.99,31.53,409.4
Vessel D,9000,18.97,3770.4,0.419,1419.9,Rough,Fuel B,3.12,119.85,373.73
Vessel B,7000,16.74,4295.8,0.614,725.9,Rough,Fuel A,1.81,91.15,164.7
Vessel A,5000,20.02,2571.9,0.514,3745.7,Moderate,Fuel B,7.8,120.16,936.84
Vessel D,9000,9.9,5095.4,0.566,3665.3,Moderate,Fuel B,15.42,15.43,237.88
Vessel A,5000,13.46,4374.6,0.875,2184.6,Calm,Fuel B,6.76,37.78,255.6
Vessel C,4000,12.43,2376.0,0.594,2948.5,Moderate,Fuel A,9.89,27.75,274.39
Vessel A,5000,14.04,4845.4,0.969,1813.2,Rough,Fuel A,5.38,64.33,346.16
Vessel C,4000,16.92,1856.3,0.464,2187.0,Rough,Green Fuel,5.39,85.89,462.65
Vessel B,7000,19.39,2214.6,0.316,1040.3,Calm,Fuel A,2.24,86.56,193.51
Vessel D,9000,8.06,4848.1,0.539,1457.5,Moderate,Fuel A,7.54,9.11,68.7
Vessel C,4000,14.64,848.3,0.212,1223.4,Calm,Green Fuel,3.48,32.95,114.71
Vessel C,4000,15.7,1366.8,0.342,3459.5,Rough,Fuel B,9.18,57.32,526.45
Vessel C,4000,20.9,2727.5,0.682,1340.8,Moderate,Fuel B,2.67,116.36,311.05
Vessel A,5000,11.78,1861.9,0.372,1887.4,Calm,Fuel A,6.67,19.02,126.97
Vessel A,5000,17.85,4118.4,0.824,847.7,Calm,Green Fuel,1.98,95.6,189.12
Vessel C,4000,21.15,3389.7,0.847,2975.6,Calm,Fuel A,5.86,154.4,905.07
Vessel A,5000,10.46,2845.0,0.569,1422.3,Moderate,Green Fuel,5.67,18.55,105.14
Vessel B,7000,21.32,6825.0,0.975,876.3,Calm,Green Fuel,1.71,212.61,364.03
Vessel D,9000,21.84,2364.1,0.263,539.1,Moderate,Fuel A,1.03,132.32,136.1
Vessel A,5000,15.2,3387.1,0.677,2827.2,Calm,Fuel A,7.75,52.22,404.65
Vessel C,4000,14.22,1341.4,0.335,3965.4,Rough,Fuel B,11.62,43.08,500.56
Vessel D,9000,14.87,5404.6,0.601,3356.2,Moderate,Fuel B,9.41,60.1,565.33
Vessel C,4000,14.74,1467.9,0.367,275.2,Rough,Fuel A,0.78,50.98,39.65
Vessel C,4000,15.95,3428.6,0.857,3117.4,Calm,Green Fuel,8.14,64.04,521.41
Vessel D,9000,10.97,4523.4,0.503,410.7,Rough,Fuel A,1.56,28.37,44.25
Vessel B,7000,16.55,6418.5,0.917,1556.0,Moderate,Green Fuel,3.92,89.91,352.17
Vessel C,4000,15.34,3024.2,0.756,2320.8,Rough,Green Fuel,6.3,75.27,474.56
Vessel C,4000,15.9,2279.6,0.57,3784.3,Rough,Green Fuel,9.92,76.03,753.85
Vessel D,9000,20.34,2225.5,0.247,1349.0,Calm,Fuel B,2.76,96.23,265.87
Vessel D,9000,11.19,8079.3,0.898,2358.1,Calm,Green Fuel,8.78,27.35,240.1
Vessel B,7000,9.0,3552.1,0.507,3471.0,Calm,Fuel B,16.08,10.27,165.09
Vessel D,9000,18.97,5301.8,0.589,3312.0,Calm,Fuel B,7.28,105.81,769.84
Vessel D,9000,17.49,2019.9,0.224,3562.3,Rough,Fuel A,8.49,93.83,796.26
Vessel B,7000,20.14,6831.0,0.976,681.0,Calm,Green Fuel,1.41,168.11,236.82
Vessel D,9000,13.31,5743.2,0.638,718.3,Rough,Green Fuel,2.25,49.08,110.34
Vessel A,5000,17.08,2390.3,0.478,2812.9,Rough,Fuel A,6.86,86.41,593.12
Vessel B,7000,19.23,5660.7,0.809,1399.7,Calm,Fuel A,3.03,126.01,382.08
Vessel B,7000,20.23,4832.9,0.69,2515.1,Calm,Fuel B,5.18,128.91,667.7
Vessel D,9000,21.26,7755.8,0.862,3369.5,Rough,Fuel A,6.6,224.54,1482.99
Vessel B,7000,14.72,6688.6,0.956,3059.6,Moderate,Fuel B,8.66,64.15,555.72
Vessel A,5000,12.84,4254.9,0.851,2743.9,Moderate,Green Fuel,8.9,41.86,372.69
Vessel D,9000,13.86,1894.2,0.21,1632.4,Calm,Green Fuel,4.91,34.6,169.77
Vessel D,9000,16.06,2594.3,0.288,2824.2,Calm,Fuel B,7.33,53.01,388.46
Vessel B,7000,10.37,4075.4,0.582,2701.2,Rough,Fuel A,10.86,21.15,229.55
Vessel A,5000,15.25,2313.9,0.463,902.4,Moderate,Fuel B,2.47,48.55,119.7
Vessel D,9000,17.15,5243.5,0.583,989.5,Moderate,Fuel A,2.4,83.93,201.82
Vessel C,4000,20.95,1266.2,0.317,2665.6,Calm,Fuel B,5.3,100.15,531.06
Vessel B,7000,19.68,6745.4,0.964,3333.4,Calm,Green Fuel,7.06,170.36,1202.2
Vessel A,5000,18.03,1662.0,0.332,3932.3,Calm,Green Fuel,9.09,65.75,597.48
Vessel A,5000,21.71,2609.0,0.522,745.7,Calm,Fuel A,1.43,134.18,192.03
Vessel D,9000,11.66,6369.2,0.708,287.6,Calm,Fuel B,1.03,24.71,25.4
Vessel A,5000,13.55,3363.8,0.673,2394.2,Calm,Fuel A,7.36,36.76,270.71
Vessel D,9000,8.67,3348.3,0.372,3010.7,Moderate,Green Fuel,14.48,9.26,134.04
Vessel A,5000,9.37,1918.8,0.384,1756.1,Moderate,Fuel A,7.81,10.48,81.89
Vessel A,5000,11.66,4990.1,0.998,300.2,Moderate,Fuel A,1.07,30.14,32.34
Vessel A,5000,8.5,2697.5,0.539,614.5,Rough,Green Fuel,3.01,11.87,35.73
Vessel C,4000,20.06,2701.3,0.675,2701.8,Calm,Green Fuel,5.61,133.15,747.39
Vessel B,7000,19.56,2123.7,0.303,1638.0,Calm,Fuel A,3.49,90.24,314.86
Vessel B,7000,11.52,4217.9,0.603,1255.0,Calm,Green Fuel,4.54,25.52,115.8
Vessel C,4000,10.35,2379.3,0.595,2140.7,Moderate,Green Fuel,8.61,18.17,156.49
Vessel D,9000,10.36,5820.6,0.647,1445.9,Moderate,Green Fuel,5.82,21.81,126.91
Vessel B,7000,19.62,4588.3,0.655,1229.4,Calm,Green Fuel,2.61,120.52,314.64
Vessel B,7000,10.05,3754.1,0.536,3670.6,Calm,Fuel B,15.23,14.32,218.0
Vessel D,9000,14.07,3068.5,0.341,1002.6,Moderate,Fuel B,2.97,40.14,119.22
Vessel A,5000,17.54,4520.5,0.904,3995.6,Calm,Fuel B,9.49,79.97,759.1
Vessel A,5000,20.79,2438.4,0.488,1858.2,Moderate,Fuel B,3.72,140.48,523.16
Vessel D,9000,9.1,2568.2,0.285,2466.5,Calm,Green Fuel,11.29,11.19,126.39
Vessel D,9000,16.98,7432.0,0.826,3588.3,Calm,Fuel B,8.81,89.93,791.97
Vessel C,4000,15.83,1485.8,0.371,548.7,Moderate,Fuel B,1.44,51.23,74.0
Vessel B,7000,10.56,1945.1,0.278,1131.3,Calm,Fuel B,4.46,13.94,62.22
Vessel A,5000,12.21,1264.3,0.253,1359.5,Calm,Fuel B,4.64,20.52,95.16
Vessel C,4000,11.66,2668.3,0.667,3972.0,Calm,Green Fuel,14.2,25.32,359.5
Vessel D,9000,19.47,6552.0,0.728,795.9,Moderate,Green Fuel,1.7,151.51,258.1
Vessel C,4000,18.65,2310.9,0.578,2782.8,Calm,Fuel A,6.22,80.62,501.26
Vessel B,7000,14.27,3286.4,0.469,1953.2,Calm,Fuel A,5.7,42.32,241.3
Vessel B,7000,19.39,2476.1,0.354,2073.2,Moderate,Fuel B,4.46,108.07,481.55
Vessel D,9000,10.41,4215.9,0.468,1624.8,Moderate,Fuel B,6.5,18.57,120.76
Vessel D,9000,12.62,3498.9,0.389,3773.9,Rough,Fuel A,12.46,37.18,463.35
Vessel A,5000,15.07,2697.1,0.539,322.0,Rough,Fuel B,0.89,58.89,52.43
Vessel D,9000,13.15,2004.0,0.223,3345.6,Moderate,Green Fuel,10.6,36.38,385.57
Vessel B,7000,15.25,6034.1,0.862,1597.5,Rough,Green Fuel,4.36,97.49,425.42
Vessel B,7000,9.14,1724.0,0.246,803.7,Moderate,Fuel A,3.66,10.32,37.82
Vessel D,9000,17.23,4571.2,0.508,2804.1,Moderate,Fuel A,6.78,88.82,602.17
Vessel B,7000,13.86,6131.6,0.876,2205.3,Calm,Fuel A,6.63,48.14,319.03
Vessel A,5000,21.54,1025.1,0.205,1893.5,Moderate,Fuel A,3.66,124.39,455.57
Vessel C,4000,18.26,886.8,0.222,2799.5,Rough,Fuel A,6.39,80.33,513.18
Vessel C,4000,8.21,3654.0,0.913,2799.1,Rough,Fuel B,14.2,9.93,141.02
Vessel C,4000,21.05,1307.3,0.327,2154.4,Moderate,Green Fuel,4.27,134.23,572.56
Vessel A,5000,13.68,4807.2,0.961,3101.8,Calm,Green Fuel,9.45,44.25,418.06
Vessel D,9000,8.82,8661.8,0.962,3807.1,Calm,Fuel A,17.98,13.76,247.45
Vessel D,9000,14.22,4022.0,0.447,3600.5,Moderate,Fuel A,10.55,46.19,487.24
Vessel A,5000,19.54,3170.0,0.634,2379.5,Rough,Fuel B,5.07,149.1,756.48
Vessel B,7000,12.84,5527.0,0.79,479.2,Moderate,Green Fuel,1.55,44.9,69.79
Vessel C,4000,14.72,1189.1,0.297,1066.4,Moderate,Fuel A,3.02,39.01,117.8
Vessel A,5000,20.45,3712.3,0.742,1980.3,Calm,Fuel B,4.04,132.84,536.06
Vessel C,4000,14.3,1129.8,0.282,2960.4,Calm,Fuel B,8.63,30.64,264.35
Vessel D,9000,17.81,2436.6,0.271,2850.0,Moderate,Fuel A,6.67,72.7,484.78
Vessel C,4000,11.44,2938.5,0.735,3301.7,Rough,Fuel A,12.03,28.07,337.57
Vessel C,4000,12.71,3427.6,0.857,333.7,Calm,Green Fuel,1.09,32.95,36.06
Vessel A,5000,8.71,2548.4,0.51,1061.3,Moderate,Fuel B,5.08,9.44,47.93
Vessel A,5000,17.11,2565.6,0.513,337.5,Calm,Fuel B,0.82,67.9,55.8
Vessel D,9000,13.06,7204.8,0.801,564.9,Rough,Fuel B,1.8,47.82,86.21
Vessel D,9000,15.59,5764.5,0.641,2408.2,Rough,Fuel B,6.44,75.73,487.57
Vessel D,9000,15.67,5420.1,0.602,1290.5,Calm,Fuel B,3.43,63.55,218.12
Vessel A,5000,11.68,3166.2,0.633,1761.7,Calm,Fuel B,6.28,22.44,140.99
Vessel D,9000,18.29,3118.5,0.346,814.6,Calm,Fuel B,1.86,72.66,134.82
Vessel A,5000,11.79,1488.5,0.298,485.5,Calm,Fuel B,1.72,18.25,31.32
Vessel C,4000,9.98,2441.9,0.61,2416.1,Calm,Fuel B,10.09,12.45,125.57
Vessel B,7000,10.49,2582.7,0.369,3027.1,Calm,Fuel B,12.03,13.93,167.58
Vessel A,5000,15.12,1630.2,0.326,2622.4,Moderate,Fuel B,7.23,43.54,314.74
Vessel D,9000,21.93,2006.0,0.223,1214.6,Rough,Fuel A,2.31,175.91,405.98
Vessel A,5000,16.33,1864.6,0.373,533.5,Moderate,Green Fuel,1.36,62.02,84.44
Vessel D,9000,17.16,8621.8,0.958,463.6,Moderate,Fuel B,1.13,103.07,116.05
Vessel A,5000,18.94,2759.8,0.552,3969.5,Moderate,Green Fuel,8.73,118.54,1035.02
Vessel B,7000,20.07,4849.3,0.693,3926.6,Rough,Green Fuel,8.15,198.2,1616.12
Vessel B,7000,11.57,3379.4,0.483,459.6,Calm,Fuel B,1.65,22.76,37.66
Vessel A,5000,15.49,1021.0,0.204,3606.9,Rough,Fuel A,9.7,52.79,512.31
Vessel C,4000,16.64,2990.4,0.748,3356.2,Moderate,Fuel B,8.4,74.0,621.77
Vessel C,4000,12.36,2171.1,0.543,1929.9,Rough,Fuel B,6.51,31.05,202.02
Vessel A,5000,10.44,1423.9,0.285,3500.0,Calm,Fuel A,13.97,14.04,196.2
Vessel B,7000,20.34,3786.1,0.541,1408.2,Moderate,Fuel B,2.89,144.86,417.94
Vessel D,9000,14.81,3189.3,0.354,2701.7,Moderate,Fuel A,7.6,47.43,360.63
Vessel C,4000,16.97,3254.9,0.814,512.3,Calm,Fuel B,1.26,62.5,78.64
Vessel A,5000,13.59,2000.3,0.4,2476.1,Calm,Green Fuel,7.59,30.55,231.96
Vessel B,7000,10.95,5445.7,0.778,3891.9,Moderate,Fuel A,14.82,23.06,341.67
Vessel A,5000,13.82,3917.7,0.784,1637.6,Moderate,Fuel B,4.94,48.02,237.1
Vessel B,7000,18.98,6755.0,0.965,960.0,Moderate,Green Fuel,2.11,143.9,303.28
Vessel C,4000,20.72,1317.1,0.329,304.2,Rough,Fuel B,0.61,123.42,75.49
Vessel A,5000,21.38,4675.9,0.935,2732.6,Moderate,Green Fuel,5.33,180.09,959.14
Vessel C,4000,13.62,1128.5,0.282,1671.6,Rough,Fuel A,5.12,34.76,177.79
Vessel B,7000,10.13,5895.7,0.842,378.2,Calm,Fuel B,1.56,16.46,25.6
Vessel D,9000,20.36,7271.1,0.808,3681.9,Calm,Fuel A,7.54,149.38,1125.65
Vessel C,4000,10.25,2507.8,0.627,701.0,Moderate,Fuel B,2.85,13.98,39.85
Vessel A,5000,13.43,3147.7,0.63,1870.3,Rough,Fuel A,5.8,45.37,263.34
Vessel C,4000,18.73,3607.4,0.902,1966.1,Moderate,Fuel B,4.37,103.95,454.63
Vessel B,7000,8.08,4590.7,0.656,3524.6,Calm,Fuel A,18.17,7.72,140.33
Vessel B,7000,17.65,5799.2,0.828,1461.8,Moderate,Green Fuel,3.45,101.36,349.7
Vessel A,5000,16.92,2127.2,0.425,3017.3,Moderate,Fuel A,7.43,65.65,487.79
Vessel B,7000,15.63,6605.1,0.944,2955.4,Moderate,Green Fuel,7.88,78.16,615.94
Vessel B,7000,15.95,1441.1,0.206,418.5,Moderate,Fuel A,1.09,50.28,54.96
Vessel A,5000,18.45,3268.7,0.654,882.5,Moderate,Fuel A,1.99,96.22,191.74
Vessel C,4000,12.22,3643.8,0.911,1075.2,Moderate,Fuel A,3.67,30.47,111.72
Vessel D,9000,14.81,5878.9,0.653,3992.3,Calm,Fuel A,11.23,50.71,569.69
Vessel A,5000,9.56,1421.0,0.284,1344.1,Calm,Green Fuel,5.86,11.64,68.23
Vessel D,9000,9.32,5753.7,0.639,1007.9,Moderate,Fuel A,4.5,16.81,75.74
Vessel A,5000,18.89,3601.3,0.72,3619.0,Calm,Fuel A,7.98,95.63,763.54
Vessel A,5000,15.93,3340.0,0.668,497.8,Calm,Fuel B,1.3,55.57,72.37
Vessel B,7000,16.07,5170.3,0.739,2142.6,Moderate,Fuel A,5.56,68.75,381.93
Vessel B,7000,16.32,6944.6,0.992,1370.9,Rough,Fuel B,3.5,104.95,367.34
Vessel C,4000,12.04,3997.7,0.999,2552.6,Calm,Fuel A,8.84,32.9,290.69
Vessel B,7000,11.57,6712.2,0.959,1659.4,Moderate,Fuel A,5.97,29.27,174.84
Vessel B,7000,21.66,2367.5,0.338,367.1,Calm,Green Fuel,0.71,154.04,108.81
Vessel C,4000,21.99,1101.9,0.275,2703.8,Calm,Fuel B,5.12,115.76,593.1
Vessel D,9000,8.12,6493.3,0.721,1641.0,Moderate,Fuel B,8.42,9.95,83.74
Vessel C,4000,13.46,1010.9,0.253,1870.7,Moderate,Green Fuel,5.79,32.57,188.61
Vessel C,4000,11.33,3934.8,0.984,3042.5,Calm,Fuel B,11.19,20.73,232.01
Vessel C,4000,9.62,1427.3,0.357,1591.8,Moderate,Green Fuel,6.89,13.2,90.97
Vessel D,9000,15.79,6632.7,0.737,3411.1,Calm,Green Fuel,9.0,74.74,672.93
Vessel A,5000,9.11,4199.5,0.84,3215.6,Rough,Fuel B,14.71,15.07,221.78
Vessel D,9000,8.95,3570.5,0.397,717.4,Moderate,Fuel A,3.34,11.56,38.61
Vessel A,5000,21.58,1334.0,0.267,3336.3,Calm,Fuel B,6.44,117.94,759.56
Vessel D,9000,20.48,4567.7,0.508,2637.3,Calm,Fuel A,5.36,133.37,715.43
Vessel C,4000,8.68,2114.1,0.529,866.4,Calm,Green Fuel,4.16,8.9,37.02
Vessel D,9000,20.73,2624.7,0.292,2311.3,Moderate,Fuel A,4.65,127.03,590.14
Vessel A,5000,20.73,3515.2,0.703,1448.6,Moderate,Fuel A,2.91,151.3,440.51
Vessel C,4000,18.64,2193.4,0.548,391.0,Calm,Green Fuel,0.87,88.18,77.08
Vessel D,9000,14.37,5484.7,0.609,1560.7,Calm,Fuel B,4.53,52.62,238.13
Vessel A,5000,18.95,1513.3,0.303,3687.3,Moderate,Green Fuel,8.11,89.83,728.24
Vessel D,9000,10.13,4959.9,0.551,393.6,Calm,Fuel A,1.62,16.84,27.26
Vessel C,4000,21.48,906.3,0.227,3897.9,Rough,Fuel B,7.56,130.56,987.2
Vessel A,5000,17.32,3068.2,0.614,570.3,Calm,Fuel B,1.37,75.84,104.08
Vessel A,5000,14.62,2563.2,0.513,1563.6,Calm,Fuel B,4.46,36.99,164.85
Vessel A,5000,8.75,2321.5,0.464,1340.2,Calm,Fuel B,6.39,9.55,60.96
Vessel C,4000,13.2,3004.6,0.751,2368.9,Rough,Fuel A,7.48,44.51,332.83
Vessel D,9000,17.49,5629.8,0.626,1984.0,Moderate,Fuel A,4.73,96.99,458.38
Vessel D,9000,20.21,3873.8,0.43,2420.2,Moderate,Green Fuel,4.99,155.15,774.22
Vessel A,5000,16.7,4757.7,0.952,3254.7,Calm,Fuel B,8.12,79.03,641.97
Vessel A,5000,9.32,1927.7,0.386,2443.8,Moderate,Fuel B,10.92,11.24,122.75
Vessel D,9000,8.24,5280.2,0.587,432.2,Rough,Green Fuel,2.18,11.73,25.62
Vessel B,7000,18.14,4206.8,0.601,1154.1,Moderate,Green Fuel,2.65,111.53,295.69
Vessel B,7000,20.16,4261.4,0.609,1569.4,Calm,Fuel B,3.24,104.86,340.12
Vessel A,5000,11.36,2264.3,0.453,1108.5,Moderate,Fuel B,4.06,18.64,75.75
Vessel C,4000,10.49,2244.9,0.561,1551.3,Rough,Fuel A,6.16,18.69,115.13
Vessel A,5000,16.15,4268.4,0.854,821.6,Moderate,Fuel A,2.12,73.0,154.74
Vessel B,7000,19.49,5252.4,0.75,3535.2,Rough,Green Fuel,7.56,186.15,1407.04
Vessel B,7000,9.86,5521.3,0.789,1097.6,Moderate,Fuel B,4.64,18.03,83.6
Vessel D,9000,17.25,8185.5,0.91,3725.8,Rough,Green Fuel,9.0,138.72,1248.59
Vessel D,9000,20.28,2990.1,0.332,3769.2,Rough,Fuel A,7.74,131.87,1021.29
Vessel D,9000,15.18,8007.9,0.89,1387.6,Moderate,Fuel A,3.81,67.4,256.78
Vessel C,4000,18.91,1301.0,0.325,676.4,Moderate,Green Fuel,1.49,89.81,133.87
Vessel C,4000,8.46,2137.9,0.534,2455.3,Moderate,Green Fuel,12.09,9.42,113.82
Vessel C,4000,14.83,3558.8,0.89,3692.9,Moderate,Fuel B,10.38,53.88,559.05
Vessel D,9000,8.65,4633.4,0.515,1947.7,Calm,Fuel A,9.38,9.66,90.61
Vessel D,9000,19.28,8693.6,0.966,913.7,Calm,Green Fuel,1.97,161.03,317.95
Vessel D,9000,20.48,4398.3,0.489,3415.4,Moderate,Green Fuel,6.95,145.72,1012.75
Vessel B,7000,19.72,6861.0,0.98,3194.0,Calm,Fuel B,6.75,125.52,847.13
Vessel B,7000,19.99,3039.0,0.434,3875.6,Calm,Green Fuel,8.08,123.28,995.83
Vessel B,7000,12.39,2126.8,0.304,874.4,Moderate,Green Fuel,2.94,30.65,90.11
Vessel D,9000,13.99,2819.0,0.313,594.5,Moderate,Fuel B,1.77,38.54,68.26
Vessel A,5000,19.35,3783.2,0.757,2322.8,Rough,Fuel B,5.0,157.67,788.62
Vessel D,9000,21.48,5676.8,0.631,3653.7,Calm,Fuel B,7.09,143.96,1020.32
Vessel A,5000,19.38,3145.7,0.629,703.6,Calm,Fuel B,1.51,106.83,161.59
Vessel C,4000,12.98,3427.5,0.857,1314.6,Calm,Fuel B,4.22,32.66,137.84
Vessel C,4000,21.1,1475.4,0.369,2901.6,Rough,Fuel B,5.73,143.62,822.72
Vessel D,9000,15.77,8495.3,0.944,2325.7,Moderate,Green Fuel,6.14,86.68,532.59
Vessel B,7000,18.55,5461.4,0.78,3988.7,Calm,Green Fuel,8.96,114.68,1027.67
Vessel D,9000,18.6,3318.3,0.369,3084.5,Moderate,Fuel B,6.91,95.22,657.86
Vessel B,7000,13.09,4101.8,0.586,3820.4,Rough,Fuel B,12.16,44.58,542.02
Vessel D,9000,16.36,5234.1,0.582,3105.0,Calm,Fuel B,7.91,64.06,506.54
Vessel D,9000,16.53,6079.5,0.675,3238.6,Calm,Green Fuel,8.16,77.45,632.12
Vessel D,9000,9.43,6654.0,0.739,868.2,Rough,Fuel B,3.84,18.43,70.69
Vessel B,7000,19.49,3053.3,0.436,2851.1,Moderate,Fuel A,6.1,111.57,680.14
Vessel A,5000,8.07,2213.8,0.443,2622.0,Moderate,Green Fuel,13.54,7.37,99.79
Vessel A,5000,18.95,1748.4,0.35,3045.9,Calm,Fuel B,6.7,83.1,556.47
Vessel A,5000,12.89,4276.2,0.855,790.1,Calm,Fuel B,2.55,31.49,80.4
Vessel C,4000,12.79,1026.6,0.257,307.5,Calm,Fuel A,1.0,23.88,23.91
Vessel A,5000,13.77,3286.5,0.657,725.2,Calm,Fuel B,2.19,31.54,69.2
Vessel D,9000,9.64,3930.5,0.437,3660.3,Moderate,Green Fuel,15.82,15.26,241.45
Vessel C,4000,12.37,2087.5,0.522,3627.1,Calm,Fuel A,12.22,24.58,300.36
Vessel D,9000,13.73,4535.7,0.504,1409.0,Calm,Green Fuel,4.28,42.11,180.11
Vessel C,4000,11.42,2820.0,0.705,987.8,Calm,Green Fuel,3.6,22.74,81.95
Vessel C,4000,15.37,1224.2,0.306,1839.2,Calm,Fuel B,4.99,40.48,201.85
Vessel A,5000,15.4,2719.4,0.544,305.0,Moderate,Fuel A,0.83,50.25,41.46
Vessel D,9000,17.73,7577.1,0.842,3409.1,Rough,Fuel A,8.01,137.28,1099.66
Vessel D,9000,21.24,6603.5,0.734,3761.3,Moderate,Green Fuel,7.38,213.3,1574.2
Vessel D,9000,10.15,6404.3,0.712,2199.3,Calm,Fuel A,9.03,17.39,157.02
Vessel A,5000,12.13,4725.3,0.945,1545.4,Rough,Fuel A,5.31,36.93,196.01
Vessel A,5000,19.71,2971.2,0.594,1291.7,Moderate,Fuel B,2.73,111.83,305.41
Vessel A,5000,18.51,3672.8,0.735,1823.0,Moderate,Fuel A,4.1,97.6,400.46
Vessel C,4000,8.43,3976.0,0.994,2078.5,Rough,Green Fuel,10.27,12.86,132.13
Vessel A,5000,16.57,1225.7,0.245,1604.0,Moderate,Fuel A,4.03,62.0,250.01
Vessel C,4000,14.97,1314.9,0.329,1143.9,Calm,Fuel B,3.18,36.0,114.64
Vessel C,4000,20.97,1785.5,0.446,1506.0,Moderate,Fuel B,2.99,127.28,380.95
Vessel C,4000,19.99,2584.2,0.646,692.6,Moderate,Green Fuel,1.44,135.12,195.07
Vessel A,5000,9.79,4859.3,0.972,1429.8,Moderate,Fuel B,6.09,17.92,109.09
Vessel B,7000,18.04,1950.9,0.279,442.9,Moderate,Fuel B,1.02,75.4,77.15
Vessel A,5000,13.94,1992.6,0.399,3340.4,Calm,Green Fuel,9.99,36.81,367.6
Vessel D,9000,13.38,1888.7,0.21,3149.0,Rough,Fuel B,9.81,38.52,377.76
Vessel B,7000,19.8,5834.6,0.834,3929.2,Rough,Fuel A,8.27,163.22,1349.95
Vessel A,5000,15.86,1051.7,0.21,2897.7,Moderate,Fuel B,7.61,44.43,338.22
Vessel B,7000,15.75,6928.6,0.99,2280.6,Calm,Green Fuel,6.03,78.45,473.22
Vessel B,7000,12.27,4979.4,0.711,3948.8,Moderate,Green Fuel,13.41,36.6,490.8
Vessel D,9000,21.52,6099.8,0.678,3953.8,Moderate,Fuel A,7.66,198.01,1515.93
Vessel A,5000,11.82,4508.9,0.902,1595.6,Moderate,Green Fuel,5.62,32.74,184.07
Vessel B,7000,12.41,3779.4,0.54,1282.6,Rough,Fuel A,4.31,35.66,153.6
Vessel B,7000,8.18,6609.4,0.944,1481.7,Rough,Green Fuel,7.54,14.48,109.24
Vessel C,4000,18.99,2092.2,0.523,3527.9,Calm,Fuel B,7.74,84.28,652.24
Vessel B,7000,16.96,1636.9,0.234,1427.2,Moderate,Fuel B,3.51,56.12,196.75
Vessel A,5000,21.85,1102.4,0.22,3987.4,Rough,Fuel B,7.6,150.61,1144.94
Vessel B,7000,15.26,3647.2,0.521,1997.9,Rough,Green Fuel,5.46,65.48,357.24
Vessel D,9000,11.31,4236.8,0.471,2892.5,Calm,Fuel B,10.66,23.19,247.14
Vessel C,4000,16.26,3592.5,0.898,288.5,Rough,Fuel A,0.74,90.85,67.17
Vessel C,4000,8.73,2339.4,0.585,3002.4,Calm,Fuel A,14.33,8.57,122.83
Vessel B,7000,20.16,5078.9,0.726,2386.0,Moderate,Fuel A,4.93,149.61,737.59
Vessel A,5000,11.24,3663.7,0.733,2418.5,Moderate,Green Fuel,8.97,24.84,222.71
Vessel D,9000,21.08,5557.9,0.618,411.3,Calm,Fuel A,0.81,144.78,117.67
Vessel C,4000,8.39,2482.9,0.621,1992.6,Calm,Green Fuel,9.9,8.59,85.06
Vessel D,9000,11.13,8781.4,0.976,1260.7,Rough,Fuel A,4.72,38.74,182.85
Vessel C,4000,21.88,2698.3,0.675,2733.1,Calm,Green Fuel,5.2,169.74,883.47
Vessel D,9000,8.37,5397.6,0.6,332.4,Calm,Fuel B,1.65,9.61,15.89
Vessel C,4000,18.34,3135.1,0.784,3731.5,Calm,Green Fuel,8.48,95.62,810.46
Vessel B,7000,19.28,1428.2,0.204,3413.7,Moderate,Green Fuel,7.38,94.1,694.4
Vessel A,5000,19.25,4776.2,0.955,3235.0,Calm,Fuel A,7.0,130.66,914.72
Vessel D,9000,11.48,2194.1,0.244,2079.2,Moderate,Fuel B,7.55,21.19,159.92
Vessel B,7000,21.53,2446.4,0.349,3582.4,Calm,Fuel B,6.93,121.02,839.09
Vessel A,5000,10.94,1094.1,0.219,1937.9,Moderate,Fuel A,7.38,16.49,121.67
Vessel C,4000,10.92,3831.1,0.958,2888.0,Calm,Fuel A,11.02,20.23,222.9
Vessel A,5000,21.84,3574.8,0.715,3681.4,Calm,Fuel A,7.02,163.98,1151.53
Vessel B,7000,9.22,2307.7,0.33,2325.1,Calm,Fuel B,10.5,9.7,101.92
Vessel D,9000,11.09,7469.9,0.83,904.7,Moderate,Green Fuel,3.4,31.93,108.51
Vessel C,4000,17.71,2096.5,0.524,2290.1,Calm,Fuel B,5.39,66.71,359.4
Vessel C,4000,16.72,1826.9,0.457,1031.0,Moderate,Green Fuel,2.57,67.46,173.36
Vessel C,4000,10.28,2930.9,0.733,797.0,Moderate,Fuel A,3.23,15.28,49.36
Vessel B,7000,13.07,6533.4,0.933,2947.7,Calm,Fuel A,9.39,40.87,383.98
Vessel B,7000,19.11,1870.9,0.267,1032.3,Moderate,Fuel B,2.25,86.34,194.28
Vessel D,9000,13.04,3638.9,0.404,3072.2,Calm,Fuel B,9.81,26.26,257.71
Vessel C,4000,16.47,2970.8,0.743,1994.6,Rough,Green Fuel,5.04,98.06,494.69
Vessel A,5000,15.03,2435.0,0.487,2936.9,Calm,Fuel A,8.14,43.65,355.3
Vessel B,7000,12.86,3745.9,0.535,591.9,Calm,Fuel B,1.92,32.98,63.27
Vessel A,5000,14.76,1084.6,0.217,1816.0,Moderate,Fuel B,5.13,36.62,187.76
Vessel B,7000,8.31,4379.9,0.626,581.5,Moderate,Green Fuel,2.91,10.99,32.03
Vessel C,4000,13.1,3312.2,0.828,462.6,Moderate,Fuel B,1.47,33.22,48.87
Vessel A,5000,11.42,1930.0,0.386,1409.8,Calm,Fuel A,5.14,18.13,93.19
Vessel B,7000,11.56,6478.3,0.925,2610.7,Calm,Fuel B,9.41,27.84,262.05
Vessel C,4000,18.05,1154.9,0.289,2566.6,Moderate,Fuel B,5.92,73.65,436.26
Vessel C,4000,19.2,1924.0,0.481,3356.4,Moderate,Fuel B,7.28,95.37,694.57
Vessel B,7000,15.22,4885.0,0.698,3939.7,Rough,Fuel A,10.79,72.66,783.68
Vessel C,4000,8.56,3207.1,0.802,1309.7,Rough,Fuel A,6.37,12.9,82.2
Vessel A,5000,14.34,4504.5,0.901,588.4,Calm,Fuel B,1.71,44.47,76.04
Vessel B,7000,13.8,2974.5,0.425,2358.9,Moderate,Fuel A,7.12,40.13,285.82
Vessel B,7000,9.58,3187.3,0.455,3192.6,Calm,Fuel B,13.88,11.61,161.19
Vessel B,7000,14.32,5681.8,0.812,3885.5,Moderate,Green Fuel,11.31,59.35,671.01
Vessel A,5000,8.96,1897.3,0.379,1873.2,Rough,Fuel B,8.71,10.92,95.12
Vessel B,7000,20.07,6869.1,0.981,789.1,Rough,Fuel A,1.64,190.23,311.62
Vessel A,5000,8.63,3339.1,0.668,1886.1,Moderate,Fuel B,9.11,10.44,95.02
Vessel A,5000,8.35,3164.1,0.633,3452.2,Calm,Fuel A,17.23,7.53,129.65
Vessel C,4000,9.99,3794.6,0.949,3800.1,Rough,Fuel A,15.84,18.16,287.73
Vessel A,5000,10.45,4664.8,0.933,1161.4,Rough,Fuel A,4.63,25.73,119.21
Vessel C,4000,14.23,2604.9,0.651,205.3,Calm,Fuel B,0.6,40.27,24.21
Vessel C,4000,17.65,3180.4,0.795,3420.5,Moderate,Fuel A,8.08,89.87,725.77
Vessel A,5000,10.34,1191.4,0.238,375.6,Moderate,Fuel B,1.51,15.29,23.14
Vessel D,9000,20.23,3234.3,0.359,797.4,Rough,Green Fuel,1.64,158.76,260.77
Vessel B,7000,20.43,6537.7,0.934,1848.8,Calm,Fuel A,3.77,158.73,598.62
Vessel C,4000,21.44,1437.9,0.359,3177.7,Calm,Green Fuel,6.18,124.36,767.99
Vessel C,4000,15.14,3200.4,0.8,1943.9,Calm,Fuel B,5.35,42.16,225.56
Vessel C,4000,16.89,2851.9,0.713,3713.0,Moderate,Fuel A,9.16,70.79,648.38
Vessel A,5000,21.48,2031.7,0.406,1742.2,Moderate,Fuel B,3.38,138.19,466.99
Vessel D,9000,18.85,3729.1,0.414,285.4,Moderate,Green Fuel,0.63,123.1,77.64
Vessel D,9000,17.29,4473.8,0.497,3301.9,Calm,Green Fuel,7.96,88.69,705.64
Vessel A,5000,19.65,4526.6,0.905,2528.3,Moderate,Green Fuel,5.36,147.41,790.42
Vessel C,4000,14.05,3760.5,0.94,863.5,Calm,Fuel B,2.56,42.25,108.21
Vessel D,9000,20.4,4869.2,0.541,2131.8,Calm,Green Fuel,4.35,143.36,624.31
Vessel B,7000,13.96,6317.9,0.903,2968.4,Moderate,Fuel B,8.86,51.36,454.99
Vessel D,9000,11.14,5943.8,0.66,2182.1,Rough,Fuel B,8.16,32.4,264.52
Vessel C,4000,8.61,3426.8,0.857,1781.9,Rough,Fuel A,8.63,11.44,98.67
Vessel B,7000,19.81,6824.1,0.975,2039.6,Moderate,Fuel B,4.29,154.11,661.14
Vessel A,5000,16.25,2602.4,0.52,2935.7,Rough,Fuel B,7.53,71.94,541.55
Vessel D,9000,19.18,6792.3,0.755,535.2,Rough,Fuel A,1.16,146.63,170.49
Vessel D,9000,21.94,3887.0,0.432,2133.9,Rough,Fuel B,4.05,198.44,804.21
Vessel A,5000,16.89,3781.9,0.756,3564.9,Calm,Green Fuel,8.79,73.32,644.77
Vessel D,9000,14.79,6948.0,0.772,2602.3,Moderate,Fuel B,7.33,61.73,452.65
Vessel B,7000,19.28,3749.3,0.536,2258.4,Calm,Green Fuel,4.88,119.51,583.22
Vessel D,9000,17.59,3170.4,0.352,3914.3,Moderate,Fuel B,9.27,84.61,784.65
Vessel C,4000,20.67,3062.2,0.766,2759.2,Calm,Green Fuel,5.56,146.29,813.78
Vessel A,5000,12.53,3364.9,0.673,1309.8,Rough,Fuel A,4.36,33.97,147.93
Vessel A,5000,19.74,3079.2,0.616,2578.2,Calm,Fuel B,5.44,103.35,562.4
Vessel B,7000,10.47,4507.8,0.644,445.4,Calm,Green Fuel,1.77,18.5,32.79
Vessel B,7000,10.04,2281.0,0.326,934.8,Moderate,Fuel B,3.88,15.39,59.71
Vessel B,7000,12.13,6623.1,0.946,1347.3,Moderate,Fuel B,4.63,35.13,162.56
Vessel B,7000,12.74,5468.7,0.781,1309.4,Moderate,Fuel B,4.28,35.55,152.29
Vessel C,4000,9.58,3129.3,0.782,1127.1,Rough,Green Fuel,4.9,16.8,82.41
Vessel D,9000,18.19,1860.5,0.207,919.3,Calm,Green Fuel,2.11,86.91,182.97
Vessel C,4000,20.72,2366.9,0.592,2562.4,Calm,Green Fuel,5.15,129.6,667.69
Vessel D,9000,12.47,2480.5,0.276,2536.6,Calm,Green Fuel,8.48,29.95,253.85
Vessel A,5000,18.92,2906.1,0.581,2580.2,Moderate,Green Fuel,5.68,109.27,620.93
Vessel A,5000,13.32,4060.8,0.812,740.9,Rough,Fuel A,2.32,52.91,122.67
Vessel C,4000,20.89,1248.6,0.312,1231.3,Moderate,Green Fuel,2.46,123.71,303.83
Vessel A,5000,13.44,4012.6,0.803,2151.0,Moderate,Fuel B,6.67,42.48,283.28
Vessel A,5000,15.61,2796.5,0.559,1173.4,Rough,Green Fuel,3.13,78.39,245.59
Vessel B,7000,13.04,6174.1,0.882,2665.8,Moderate,Green Fuel,8.52,49.67,423.08
Vessel C,4000,19.9,3378.0,0.844,3425.9,Moderate,Fuel A,7.17,117.52,843.21
Vessel A,5000,10.88,3437.4,0.687,807.1,Moderate,Fuel A,3.09,22.42,69.3
Vessel A,5000,11.19,4354.3,0.871,310.3,Calm,Green Fuel,1.16,22.1,25.54
Vessel B,7000,16.49,3492.4,0.499,1024.1,Calm,Fuel A,2.59,67.06,173.53
Vessel C,4000,18.03,1985.9,0.496,1088.2,Calm,Fuel A,2.51,75.38,189.59
Vessel C,4000,14.84,2263.4,0.566,1776.8,Calm,Fuel A,4.99,40.34,201.32
Vessel A,5000,19.49,3504.5,0.701,3970.2,Calm,Fuel A,8.49,106.54,904.13
Vessel B,7000,21.08,5436.5,0.777,3556.2,Calm,Green Fuel,7.03,178.77,1256.69
Vessel B,7000,11.91,6769.8,0.967,3671.5,Moderate,Green Fuel,12.84,31.42,403.57
Vessel B,7000,15.0,1790.7,0.256,2173.0,Moderate,Fuel B,6.04,44.31,267.53
Vessel C,4000,18.68,3286.5,0.822,705.3,Moderate,Fuel A,1.57,97.7,153.73
Vessel A,5000,9.13,4691.3,0.938,2305.6,Rough,Fuel B,10.53,17.4,183.09
Vessel D,9000,14.78,6236.3,0.693,2250.2,Calm,Green Fuel,6.34,64.3,407.88
Vessel B,7000,12.04,2916.1,0.417,1930.8,Calm,Fuel B,6.68,23.25,155.35
Vessel B,7000,17.97,6441.8,0.92,3576.1,Calm,Green Fuel,8.29,103.13,855.18
Vessel D,9000,14.52,8329.4,0.925,441.9,Moderate,Fuel A,1.27,64.58,81.9
Vessel A,5000,11.1,4718.7,0.944,3139.9,Calm,Fuel B,11.78,22.81,268.83
Vessel D,9000,21.56,4225.9,0.47,3680.8,Rough,Green Fuel,7.11,229.06,1629.68
Vessel B,7000,9.25,3709.4,0.53,2876.6,Moderate,Fuel B,12.96,12.45,161.34
Vessel C,4000,17.0,2404.2,0.601,3822.6,Moderate,Green Fuel,9.37,78.54,735.77
Vessel B,7000,16.64,2401.5,0.343,2539.3,Moderate,Green Fuel,6.36,72.84,463.19
Vessel D,9000,19.32,4717.9,0.524,1494.6,Moderate,Green Fuel,3.22,113.47,365.74
Vessel B,7000,9.02,6686.4,0.955,969.8,Calm,Green Fuel,4.48,15.31,68.61
Vessel B,7000,13.83,5533.1,0.79,3729.3,Calm,Fuel A,11.23,43.45,488.03
Vessel B,7000,18.43,5207.5,0.744,1933.4,Calm,Green Fuel,4.37,114.71,501.28
Vessel D,9000,10.88,7736.8,0.86,2983.7,Moderate,Green Fuel,11.43,28.46,325.28
Vessel C,4000,9.25,1976.9,0.494,2041.0,Rough,Fuel B,9.2,11.93,109.69
Vessel C,4000,9.02,1377.8,0.344,234.0,Calm,Fuel B,1.08,7.77,8.39
Vessel D,9000,16.59,5904.5,0.656,349.2,Calm,Fuel B,0.88,76.58,67.14
Vessel D,9000,9.18,1866.4,0.207,438.6,Moderate,Green Fuel,1.99,12.11,24.09
Vessel B,7000,14.26,1805.4,0.258,2333.6,Calm,Green Fuel,6.82,41.13,280.46
Vessel B,7000,15.01,1858.6,0.266,252.8,Rough,Fuel A,0.7,50.62,35.52
Vessel A,5000,16.14,4599.7,0.92,3864.5,Rough,Fuel B,9.97,87.36,871.31
Vessel C,4000,11.41,1086.1,0.272,3773.1,Rough,Fuel A,13.78,22.31,307.47
Vessel A,5000,14.56,4392.8,0.879,2463.0,Calm,Fuel B,7.05,45.56,321.2
Vessel C,4000,14.7,1539.0,0.385,3208.2,Calm,Green Fuel,9.1,45.15,410.69
Vessel B,7000,8.72,2659.8,0.38,546.9,Calm,Fuel A,2.61,9.21,24.08
Vessel B,7000,15.93,2322.7,0.332,2646.9,Rough,Fuel A,6.92,68.08,471.4
Vessel A,5000,15.05,2054.8,0.411,3061.0,Calm,Fuel B,8.48,41.73,353.69
Vessel A,5000,16.6,4772.6,0.955,3701.3,Calm,Green Fuel,9.29,85.66,795.9
Vessel B,7000,15.36,6785.4,0.969,3634.8,Moderate,Green Fuel,9.86,71.69,706.93
Vessel D,9000,20.92,7856.9,0.873,2436.1,Calm,Fuel A,4.85,165.79,804.25
Vessel A,5000,16.0,1775.3,0.355,282.6,Calm,Fuel B,0.74,44.28,32.59
Vessel D,9000,12.32,7989.1,0.888,1113.3,Moderate,Fuel A,3.77,34.36,129.41
Vessel A,5000,11.78,3817.2,0.763,1765.6,Rough,Green Fuel,6.25,39.21,244.96
Vessel D,9000,19.22,7223.7,0.803,2174.9,Moderate,Fuel B,4.72,149.98,707.31
Vessel A,5000,14.7,4846.3,0.969,3070.5,Moderate,Green Fuel,8.71,65.8,572.79
Vessel C,4000,12.41,1907.7,0.477,3401.0,Rough,Fuel A,11.42,30.94,353.22
Vessel B,7000,12.35,1825.9,0.261,2678.5,Moderate,Fuel B,9.04,24.81,224.2
Vessel B,7000,20.73,3360.2,0.48,3063.1,Calm,Fuel B,6.16,122.15,752.01
Vessel A,5000,9.09,1723.8,0.345,878.5,Rough,Fuel A,4.03,11.35,45.69
Vessel C,4000,8.7,3439.7,0.86,1883.2,Calm,Green Fuel,9.02,9.67,87.22
Vessel D,9000,18.67,6723.1,0.747,3460.8,Rough,Fuel B,7.72,149.07,1151.13
Vessel C,4000,9.22,2513.6,0.628,878.1,Calm,Fuel A,3.97,10.07,39.99
Vessel D,9000,10.0,7835.8,0.871,3964.9,Rough,Fuel A,16.52,24.54,405.35
Vessel D,9000,15.5,7182.1,0.798,3167.4,Calm,Fuel B,8.52,71.54,609.29
Vessel C,4000,8.78,1752.0,0.438,739.6,Calm,Fuel A,3.51,6.56,23.02
Vessel C,4000,14.54,3292.2,0.823,623.4,Calm,Green Fuel,1.79,49.48,88.4
Vessel D,9000,10.66,3915.2,0.435,3830.6,Calm,Fuel A,14.97,17.3,259.09
Vessel B,7000,13.08,1516.0,0.217,1763.4,Moderate,Green Fuel,5.62,32.49,182.53
Vessel C,4000,16.27,2628.2,0.657,3382.3,Calm,Green Fuel,8.66,68.64,594.61
Vessel D,9000,20.54,2554.6,0.284,434.0,Moderate,Fuel A,0.88,134.1,118.04
Vessel B,7000,14.23,4061.4,0.58,1190.3,Calm,Fuel B,3.49,46.18,160.94
Vessel C,4000,11.99,1274.8,0.319,3147.6,Moderate,Green Fuel,10.94,23.16,253.26
Vessel A,5000,15.54,1915.0,0.383,213.3,Moderate,Fuel B,0.57,50.96,29.14
Vessel A,5000,10.15,4754.2,0.951,2977.7,Moderate,Fuel A,12.22,19.83,242.4
Vessel A,5000,17.19,3998.3,0.8,2768.1,Rough,Green Fuel,6.71,119.81,803.89
Vessel C,4000,19.49,1415.8,0.354,3856.0,Calm,Fuel A,8.24,89.73,739.66
Vessel A,5000,12.45,3540.5,0.708,2067.9,Moderate,Green Fuel,6.92,37.39,258.79
Vessel C,4000,16.0,1051.3,0.263,1846.0,Rough,Green Fuel,4.81,53.75,258.32
